{"type": "FeatureCollection", "features": [{"id": "0", "type": "Feature", "properties": {"subdivision_id": "ANDAMAN_NICOBAR", "name": "Andaman & Nicobar Islands", "n_districts": 3, "area_km2": 7577.852942296535}, "geometry": {"type": "MultiPolygon", "coordinates": [[[[94.27462874976864, 13.468590475548323], [94.27111153497881, 13.443110469043798], [94.2519886844131, 13.435796678954226], [94.25295396083592, 13.461582138189899], [94.27462874976864, 13.468590475548323]]], [[[93.84659108861086, 7.232643452576704], [93.88260671925197, 7.203706274106624], [93.88722430116027, 7.087056626283643], [93.94795329496465, 7.002313710184773], [93.91374218594802, 7.000189448676719], [93.94562236749921, 6.956179236864555], [93.89694628542331, 6.90324344392059], [93.90277491242199, 6.814726519560869], [93.88213989201876, 6.794657191959818], [93.85184618389908, 6.815177268679004], [93.82839554474123, 6.755953894630332], [93.74676860284895, 6.961872622557222], [93.69410670173453, 7.015517588441311], [93.66350585298062, 7.005496894503843], [93.65613061799093, 7.125986258440256], [93.68645488641387, 7.189431967416505], [93.84659108861086, 7.232643452576704]]], [[[93.84976387172864, 12.28961951746377], [93.8722933807926, 12.268193415545948], [93.84702669708224, 12.271397990230533], [93.84976387172864, 12.28961951746377]]], [[[93.84072506127173, 7.285952379537354], [93.83988951918924, 7.288298063761636], [93.84307834010198, 7.289884866256917], [93.84072506127173, 7.285952379537354]]], [[[93.77183651700095, 7.395536981700855], [93.76286447991315, 7.398478156297317], [93.76765147452805, 7.403329314035622], [93.77183651700095, 7.395536981700855]]], [[[93.71434150184564, 7.438519279131484], [93.75704908799628, 7.357915197750808], [93.64717290499597, 7.243869732706527], [93.63287730447821, 7.371026646159515], [93.7087576681214, 7.394408834211891], [93.71434150184564, 7.438519279131484]]], [[[93.7211913864314, 7.213346463377986], [93.70737024151624, 7.227260924987576], [93.70921810988939, 7.230357351749685], [93.7211913864314, 7.213346463377986]]], [[[93.68790651576222, 7.396088990235628], [93.69086158450975, 7.409197277766343], [93.69626314776204, 7.399384724878565], [93.68790651576222, 7.396088990235628]]], [[[93.65266557966953, 8.394347304926661], [93.64786761878293, 8.39066548246115], [93.64456917345548, 8.394832907796525], [93.65266557966953, 8.394347304926661]]], [[[93.64639817455937, 7.47666788526455], [93.6521280017715, 7.470079220622714], [93.64445699578526, 7.470730176978472], [93.64639817455937, 7.47666788526455]]], [[[93.64115915437084, 8.394040616980174], [93.64307667896043, 8.393879571034915], [93.643129734276, 8.39366733388986], [93.64115915437084, 8.394040616980174]]], [[[93.61613767771857, 8.572823292254188], [93.64239061300502, 8.468268479840967], [93.62253890970682, 8.423209629847554], [93.6290797544085, 8.488751686478908], [93.61613767771857, 8.572823292254188]]], [[[93.63399370201316, 7.475891699521259], [93.6313443498732, 7.479901341559656], [93.63636225604766, 7.478752018573929], [93.63399370201316, 7.475891699521259]]], [[[93.6353024911995, 8.39701696433745], [93.63458223056945, 8.395877178038514], [93.63373203157425, 8.398026371703223], [93.6353024911995, 8.39701696433745]]], [[[93.60889280785388, 8.58181048449439], [93.60732148222554, 8.580513308711485], [93.60714574111289, 8.58176808448496], [93.60889280785388, 8.58181048449439]]], [[[93.56281207005921, 8.12032642851794], [93.60069552827781, 8.049968568119738], [93.59247862635246, 8.038528952221704], [93.56281207005921, 8.12032642851794]]], [[[93.5502125994834, 8.027257659648727], [93.58242085615562, 7.992166678361327], [93.57735493286222, 7.929402479641313], [93.50812422893277, 7.984910161169394], [93.53179400930362, 8.024993397150766], [93.55129372110514, 7.996007079207944], [93.5502125994834, 8.027257659648727]]], [[[93.53227161762146, 8.230775949411923], [93.5438901071891, 8.195786575099094], [93.50316088587053, 8.147934028222405], [93.5497990638953, 8.036133956509897], [93.50829893685174, 8.03417952322478], [93.50146912816537, 7.997940778189041], [93.4857872490754, 8.044465528770917], [93.53084974889202, 8.079161780468823], [93.48553958557646, 8.052043795148673], [93.4538031937546, 8.168572367951871], [93.53227161762146, 8.230775949411923]]], [[[93.54986640852555, 7.51650885505043], [93.54052802206841, 7.520566541548615], [93.54317146713498, 7.52457685346291], [93.54986640852555, 7.51650885505043]]], [[[93.39687477594047, 8.01810238304697], [93.39683653542849, 7.968688145178098], [93.46412966745501, 7.931724723424542], [93.46157481671301, 7.873040349747739], [93.42478508396542, 7.907316919341479], [93.35781407785424, 7.889472574848019], [93.35733671398269, 7.941856489003325], [93.31954276314637, 7.932334835682587], [93.33034972332737, 8.006177468863498], [93.39687477594047, 8.01810238304697]]], [[[93.23784802867402, 8.263035885647637], [93.25121495971875, 8.230582749688132], [93.23950783103662, 8.221876395866982], [93.22011418605453, 8.247580060637143], [93.23784802867402, 8.263035885647637]]], [[[93.12868601757103, 8.352444988439617], [93.12619401934444, 8.275984856893558], [93.19968471845212, 8.195694675231747], [93.12077849793276, 8.224059660780565], [93.08718569359759, 8.27102644563], [93.09551817672966, 8.339466891480855], [93.12868601757103, 8.352444988439617]]], [[[93.1100512293621, 12.142893389152068], [93.12367442514082, 12.14031120244516], [93.11525855674947, 12.130173314433748], [93.1100512293621, 12.142893389152068]]], [[[93.10570946629811, 12.260253741697882], [93.10348103413624, 12.214181665252108], [93.0993446528442, 12.204485780061932], [93.06305500654199, 12.23355096603002], [93.10570946629811, 12.260253741697882]]], [[[93.09797047991765, 13.437541894300107], [93.09835291658938, 13.431519304718584], [93.09667312019796, 13.436918116150142], [93.09797047991765, 13.437541894300107]]], [[[93.09646533954488, 12.136911885888207], [93.0979441001701, 12.133702387332782], [93.09654769186938, 12.133780883639565], [93.09646533954488, 12.136911885888207]]], [[[93.09038895649562, 13.419282254954746], [93.09101010239472, 13.410071493546013], [93.08741491939526, 13.412075847338556], [93.09038895649562, 13.419282254954746]]], [[[93.07682919334529, 12.208811295055153], [93.09504538975618, 12.142433763558966], [93.07407799501145, 12.083798832208858], [93.03677754291452, 12.133313590549688], [93.07682919334529, 12.208811295055153]]], [[[93.03324560554802, 13.564310057937774], [93.01624098430777, 13.432504047910566], [93.0704021353835, 13.406264729120124], [93.02549908469129, 13.372984145742338], [93.05551004286379, 13.382132721400835], [93.09004732641166, 13.336012140311428], [93.06522151439158, 13.304277753341044], [93.04170096105094, 13.3676944454598], [92.98709451957987, 13.329145773606085], [92.97054231405184, 13.360422887953941], [92.9501254516919, 13.343536453252408], [92.99189872375044, 13.292498584886618], [93.00903388236677, 13.320948910315929], [93.01181222141493, 13.276837314674449], [93.06565653166646, 13.272278001907276], [93.03181211521672, 13.17866485563326], [93.03462953665257, 13.082568837300084], [93.00291649738229, 13.028631376430205], [92.96525686787642, 13.036545158063786], [92.97160092403566, 13.01319703896237], [92.9347000249737, 13.04271632839699], [92.94414589894171, 13.05493716587119], [92.9361664777623, 13.087150128040404], [92.92353126137198, 13.056576518924011], [92.91333868574965, 13.07623292177146], [92.90424172658429, 13.079908924936344], [92.8877211512812, 13.04493792672158], [92.91614464448013, 13.054547456502647], [92.90154588384287, 13.0220823325208], [92.90838230337542, 13.000007098628563], [92.93850783655144, 12.97172211999803], [92.91252845711143, 12.946799209587356], [92.90733393781936, 12.985912121974906], [92.88125989156048, 12.982178207253773], [92.85450295586926, 12.939769648690815], [92.85836753969423, 12.903349835218153], [92.87576736221698, 12.9086490262326], [92.8695623905624, 12.890118596595814], [92.87346590971742, 12.883472558393962], [92.84203463938262, 12.876520081617118], [92.84400230172119, 12.887203095422018], [92.84221082872008, 12.892220800800292], [92.79441862146513, 12.9140339277292], [92.79485738577895, 12.9873037405097], [92.82543881815167, 13.013473042695518], [92.78781817422784, 13.019640164695142], [92.809750009191, 13.126667580766727], [92.84775411074013, 13.140550523485622], [92.80966840743139, 13.152954929079003], [92.83535191578699, 13.17358317271219], [92.82773105865999, 13.23712546182682], [92.85387072034037, 13.236316063846685], [92.82203291698434, 13.279143673982276], [92.83971152880065, 13.375441406969326], [92.86676635042681, 13.381576589167288], [92.84219563766773, 13.399545789186124], [92.86808253115522, 13.402549968261786], [92.88389550697323, 13.42955870661294], [92.87205008967487, 13.47201432754526], [92.92973764340172, 13.501861058392864], [92.91494827916362, 13.533857387241222], [92.99001999268705, 13.527234026790193], [92.98820002619682, 13.573330753644488], [93.00955755107064, 13.54246734398956], [93.03324560554802, 13.564310057937774]]], [[[93.08181993543023, 11.789236627085694], [93.08289907025234, 11.78013401025985], [93.07836087622904, 11.779826802105477], [93.08181993543023, 11.789236627085694]]], [[[93.08195529204009, 13.367039012704861], [93.08192685271959, 13.369671093592741], [93.08325843248195, 13.36857743813374], [93.08195529204009, 13.367039012704861]]], [[[93.07086211669437, 13.300122184683056], [93.07872505964573, 13.300546145114534], [93.07214556922847, 13.298197790812909], [93.07086211669437, 13.300122184683056]]], [[[93.07583396572234, 13.366461545986699], [93.07727378125624, 13.362892257628554], [93.07375883078922, 13.365183150249694], [93.07583396572234, 13.366461545986699]]], [[[93.06788930086161, 12.31876425037082], [93.0725670762624, 12.315906609108357], [93.06257117685385, 12.316002102355368], [93.06788930086161, 12.31876425037082]]], [[[93.071618477672, 13.413685256406653], [93.06735147018009, 13.423724096581019], [93.07249299162552, 13.431198378328473], [93.071618477672, 13.413685256406653]]], [[[93.01306631051239, 11.850002765403442], [93.05953025512953, 11.844932049079732], [93.07150907359386, 11.83909897682704], [93.04885105152223, 11.813298502172564], [93.01306631051239, 11.850002765403442]]], [[[93.04310331524766, 13.637567810287804], [93.05495680995936, 13.64351488704092], [93.0466843174868, 13.621147242435116], [93.04310331524766, 13.637567810287804]]], [[[93.0641386700312, 13.385681430940023], [93.0606251397982, 13.385574581957409], [93.06346343157188, 13.386862335379321], [93.0641386700312, 13.385681430940023]]], [[[93.0594230899709, 13.221705323585367], [93.05887083711237, 13.226754536773838], [93.06117845662797, 13.220739675443763], [93.0594230899709, 13.221705323585367]]], [[[93.0355533384098, 8.452639058706318], [93.05730980742423, 8.458314942904462], [93.05747297302324, 8.440527872104823], [93.0355533384098, 8.452639058706318]]], [[[93.05236614864147, 13.565047371213195], [93.05640345446407, 13.562820075499516], [93.05357834891889, 13.560386668561826], [93.05236614864147, 13.565047371213195]]], [[[93.02910540936351, 12.163156349694797], [93.0341337390234, 12.10033037814984], [93.05407991867608, 12.075983344161687], [93.04529949753531, 12.045734615169422], [93.00777809010377, 12.075626788753304], [93.00863843437843, 12.104098868400902], [93.00023352654432, 12.107953420681234], [93.0004475051059, 12.11049436826422], [93.0031498851493, 12.111341280039222], [93.00522299131376, 12.115102959267162], [93.0072429457641, 12.147063367104309], [93.02910540936351, 12.163156349694797]]], [[[92.98690123137214, 12.037971401097597], [93.04643653118667, 11.924250294771847], [93.04502108175794, 11.88448366410885], [92.92537314990835, 11.99793239713857], [92.98690123137214, 12.037971401097597]]], [[[93.03742208343984, 13.340699307314928], [93.03685419692634, 13.343270471008601], [93.03863187345195, 13.343895974658228], [93.03742208343984, 13.340699307314928]]], [[[93.01809420411327, 13.675002038867092], [93.03183511917706, 13.633674939452595], [93.02569299886538, 13.62717943813237], [92.97691989115364, 13.654955297133318], [93.01809420411327, 13.675002038867092]]], [[[93.0284321553554, 12.280052985810125], [93.02655347837818, 12.27383960920798], [93.02209241166305, 12.274680529477232], [93.0284321553554, 12.280052985810125]]], [[[93.01767203603636, 13.32929328656026], [93.0240625355715, 13.305183806585442], [93.02154492949359, 13.301254576423393], [93.01767203603636, 13.32929328656026]]], [[[93.02022797501441, 13.338252369721511], [93.01646125252746, 13.34394106929091], [93.01885292319147, 13.345952250866098], [93.02022797501441, 13.338252369721511]]], [[[93.01659420245686, 13.284642112459169], [93.01480579124053, 13.284820432071053], [93.01649411083409, 13.285081328806793], [93.01659420245686, 13.284642112459169]]], [[[93.01440627002876, 13.339077542168965], [93.01486035538414, 13.337357979996941], [93.01344956737714, 13.337669392087587], [93.01440627002876, 13.339077542168965]]], [[[93.0072774510027, 13.33557873290168], [93.00863299136884, 13.33730000928162], [93.009538369797, 13.336753601779204], [93.0072774510027, 13.33557873290168]]], [[[93.00607659799417, 13.555566664346394], [93.00563256234544, 13.561025681134987], [93.00727250469545, 13.555450840587218], [93.00607659799417, 13.555566664346394]]], [[[93.00334554811366, 12.991883086681463], [92.98119005650535, 12.932929001488349], [92.95208372430355, 12.940932632143813], [92.97375601112729, 12.946490188219672], [92.95944739794761, 12.988924844281009], [93.00334554811366, 12.991883086681463]]], [[[92.9596297773102, 12.107256440238139], [93.00576195551363, 12.100380565535943], [92.99448857415712, 12.044346902611549], [92.9596297773102, 12.107256440238139]]], [[[93.0025308564328, 12.117866217605822], [93.00149354185803, 12.111198722618562], [92.99806482629315, 12.113800955846052], [93.0025308564328, 12.117866217605822]]], [[[92.96308189254273, 12.122877348728066], [92.99215432206351, 12.144082852477451], [92.99783103218321, 12.11444530788887], [92.96308189254273, 12.122877348728066]]], [[[92.9890961523731, 13.001060785701512], [92.98703226982718, 12.99827646356057], [92.98663905404445, 13.000050942425382], [92.9890961523731, 13.001060785701512]]], [[[92.89789272124254, 12.927446314632908], [92.94817720369954, 12.836262083473162], [92.9339089545013, 12.77366277015776], [92.98009940168883, 12.71014306436508], [92.9487745461954, 12.628805441111156], [92.96823208714437, 12.497027671171926], [92.93031488902528, 12.48005919240268], [92.95867378198244, 12.473110059765473], [92.91511349177314, 12.443817423058627], [92.91479295499747, 12.406309313779047], [92.90695288613284, 12.406694679310137], [92.90992555192844, 12.420498043500695], [92.89230518422985, 12.436444777027916], [92.85618841742713, 12.45677840135561], [92.89930134269333, 12.416399356714054], [92.80760036330048, 12.43734042769548], [92.89517620107932, 12.320204106297641], [92.77145555621314, 12.319635498975199], [92.7195581229369, 12.300385334429762], [92.70751830964412, 12.595187807374549], [92.68455465427931, 12.60888021130435], [92.75219872047009, 12.67117704384068], [92.78135185519871, 12.635279777080035], [92.78908104737617, 12.675052716683568], [92.78567645959966, 12.69816296474074], [92.7328015844287, 12.674355587982982], [92.74602337979957, 12.722768875045517], [92.7235044693124, 12.82685520278368], [92.73835449857441, 12.810607816698228], [92.80295446574911, 12.897238016303541], [92.84180607810976, 12.87556126654231], [92.85875530150958, 12.877820124060854], [92.87439039255247, 12.881596924987901], [92.87313108442423, 12.893252022974366], [92.88622127198282, 12.893599835985095], [92.89604904289644, 12.898618544418815], [92.89789272124254, 12.927446314632908]]], [[[92.96961441616797, 12.063892305232796], [92.9713571800213, 12.065065601145506], [92.97144121104435, 12.064112100629185], [92.96961441616797, 12.063892305232796]]], [[[92.9680083283535, 13.335745725116613], [92.96542292693485, 13.335989874227323], [92.96995897701241, 13.33874564185132], [92.9680083283535, 13.335745725116613]]], [[[92.92903667354969, 12.412697970638012], [92.96062442971568, 12.419207969530577], [92.93092642011467, 12.35850490577454], [92.92903667354969, 12.412697970638012]]], [[[92.95762317021261, 12.102187069755972], [92.95174570451243, 12.08444421329963], [92.94805561005525, 12.116317055535298], [92.95762317021261, 12.102187069755972]]], [[[92.94906133971377, 13.024820050272059], [92.94834930186352, 13.020869913733245], [92.94508726572627, 13.025305130145885], [92.94906133971377, 13.024820050272059]]], [[[92.9208622756833, 13.000524697583698], [92.93996423641867, 13.025108554560436], [92.94191420871744, 12.995519054385044], [92.9208622756833, 13.000524697583698]]], [[[92.93492805612314, 12.304174097285474], [92.94230353017112, 12.275684475763137], [92.92318776008536, 12.230681197876594], [92.90186627278959, 12.288740775007293], [92.93492805612314, 12.304174097285474]]], [[[92.92528848056267, 12.21625513316038], [92.93423056857628, 12.211242663715174], [92.93568840099303, 12.201868297434691], [92.93280181957888, 12.196088682360907], [92.92528848056267, 12.21625513316038]]], [[[92.93430008641172, 12.913748869817063], [92.93275738776728, 12.919020741454418], [92.93668709145878, 12.915677076679177], [92.93430008641172, 12.913748869817063]]], [[[92.93368008514472, 13.05022674997522], [92.93198956495934, 13.053080905165684], [92.93361163588548, 13.053250312014065], [92.93368008514472, 13.05022674997522]]], [[[92.91577307684616, 13.514528868024437], [92.92193886767845, 13.512799763863168], [92.91453409427383, 13.506845108855586], [92.91577307684616, 13.514528868024437]]], [[[92.91908231324201, 13.040368736229322], [92.91528505646613, 13.046421666912247], [92.9176312544888, 13.047587284226996], [92.91908231324201, 13.040368736229322]]], [[[92.90991288233249, 12.35051331036743], [92.91814305319606, 12.34935186404104], [92.91067304050064, 12.337890948289559], [92.90991288233249, 12.35051331036743]]], [[[92.9171201216415, 13.061836960434517], [92.91326910998662, 13.06148073401323], [92.91388861286019, 13.067013578738639], [92.9171201216415, 13.061836960434517]]], [[[92.88142942920149, 12.237546981366888], [92.91420453523332, 12.232231270188015], [92.91234484130389, 12.222183278280955], [92.87814852552341, 12.21000064711291], [92.87128936856703, 12.245737152943613], [92.88142942920149, 12.237546981366888]]], [[[92.91294199730964, 12.332027269831476], [92.91094864191656, 12.334155008716634], [92.91184870080345, 12.335540220757622], [92.91294199730964, 12.332027269831476]]], [[[92.9119423742498, 13.002448871777244], [92.91139283023553, 13.004991774154934], [92.91267007824655, 13.002762192922493], [92.9119423742498, 13.002448871777244]]], [[[92.90685162635295, 13.537094848223562], [92.91172042914215, 13.533293542947343], [92.90567600813792, 13.530776468291778], [92.90685162635295, 13.537094848223562]]], [[[92.91018994070659, 13.00690488787686], [92.90939501288472, 13.007907905776596], [92.91016304297638, 13.00785870918634], [92.91018994070659, 13.00690488787686]]], [[[92.90588215541982, 12.341021548467687], [92.9048987340878, 12.33832846632768], [92.90427441420258, 12.340691962839474], [92.90588215541982, 12.341021548467687]]], [[[92.90465589380605, 12.423502056502334], [92.89897993363034, 12.42151009802528], [92.90099288356117, 12.426514959644939], [92.90465589380605, 12.423502056502334]]], [[[92.88847177519351, 13.59515226537598], [92.89257467434409, 13.587381947426938], [92.8850055118976, 13.57461928871453], [92.88847177519351, 13.59515226537598]]], [[[92.90166285398877, 12.941833916852463], [92.90210922816784, 12.938997789954296], [92.89988934227495, 12.941958436643825], [92.90166285398877, 12.941833916852463]]], [[[92.89990471566344, 12.262363358425532], [92.90194427911452, 12.259750460467835], [92.90026314666201, 12.258399709829492], [92.89990471566344, 12.262363358425532]]], [[[92.89704205984911, 12.410488811172932], [92.89924288421163, 12.40782379089712], [92.89864031918323, 12.407378365075164], [92.89704205984911, 12.410488811172932]]], [[[92.89733950227524, 12.392610452541998], [92.8955459051999, 12.395127117273779], [92.896645103916, 12.395405461425518], [92.89733950227524, 12.392610452541998]]], [[[92.88815662011241, 12.408178692593061], [92.88275432828443, 12.374081925680875], [92.84329604176047, 12.401530189180654], [92.88815662011241, 12.408178692593061]]], [[[92.89187209132356, 12.89808599391245], [92.89348123137233, 12.89953707497085], [92.89371824808272, 12.898088514257767], [92.89187209132356, 12.89808599391245]]], [[[92.89036035242223, 12.938065332710975], [92.89094348994503, 12.9361394981105], [92.88938267164944, 12.9352041626921], [92.89036035242223, 12.938065332710975]]], [[[92.89244950501968, 12.932662349718855], [92.89107436006775, 12.931771377800498], [92.89167694655042, 12.932957652088396], [92.89244950501968, 12.932662349718855]]], [[[92.88887452127558, 12.412828327764263], [92.88926008792403, 12.41441685969408], [92.88982149001698, 12.413464795328998], [92.88887452127558, 12.412828327764263]]], [[[92.77143678599711, 12.313145224659985], [92.88706603596424, 12.286756548878559], [92.85916769333524, 12.245134174277437], [92.88209040126982, 12.198083941663239], [92.84578308222414, 12.199885443873823], [92.85079255911445, 12.157461457367578], [92.82261938546252, 12.165721626695039], [92.76488387904945, 12.063718931508262], [92.73946318296835, 12.099248145469058], [92.76517437749965, 12.17565917306266], [92.7694662409004, 12.199697198331739], [92.76399991084575, 12.210654015586547], [92.77075989849055, 12.231218464779099], [92.74337998577913, 12.251013844414508], [92.7507736906241, 12.274754218794902], [92.76478221837209, 12.264238187249822], [92.7818273604504, 12.285108392496575], [92.77143678599711, 12.313145224659985]]], [[[92.88819643667925, 12.929259131046614], [92.88684970258943, 12.928110408946658], [92.88644561751883, 12.928966002395837], [92.88819643667925, 12.929259131046614]]], [[[92.86212181944545, 12.93380997100935], [92.87230948741615, 12.915999338575695], [92.85877414354833, 12.927746046228572], [92.86212181944545, 12.93380997100935]]], [[[92.8794556186428, 12.249180561314999], [92.88183921889481, 12.248932626014442], [92.88073771293855, 12.24533144952167], [92.8794556186428, 12.249180561314999]]], [[[92.87894117754576, 12.298026628847095], [92.87770053547462, 12.293665810053989], [92.87648010097885, 12.29464495103821], [92.87894117754576, 12.298026628847095]]], [[[92.8756274395423, 13.535459664727108], [92.87519208317181, 13.54031394037692], [92.8777620722697, 13.53814143126158], [92.8756274395423, 13.535459664727108]]], [[[92.87232758171731, 13.51218451431522], [92.866831538106, 13.507241743840911], [92.8701874055045, 13.513185748952777], [92.87232758171731, 13.51218451431522]]], [[[92.86992285860043, 12.249000104153287], [92.8616235763638, 12.245866780973236], [92.86541970737314, 12.251024168633716], [92.86992285860043, 12.249000104153287]]], [[[92.86477593813899, 12.420841654680697], [92.86773131365355, 12.413082023954999], [92.85891729190531, 12.415356195595365], [92.86477593813899, 12.420841654680697]]], [[[92.86496041696647, 13.412021271928468], [92.86611328767059, 13.41350487862748], [92.86707187221661, 13.411907497092862], [92.86496041696647, 13.412021271928468]]], [[[92.86321535534464, 12.913820754901904], [92.86526378542689, 12.913572649545658], [92.86475344183214, 12.912483672696842], [92.86321535534464, 12.913820754901904]]], [[[92.83625094401246, 12.425761411573962], [92.83626645183139, 12.415948257009108], [92.8292489189578, 12.42548718688513], [92.83625094401246, 12.425761411573962]]], [[[92.8439447468305, 12.148841134358344], [92.84666427590736, 12.150937965287145], [92.84581785271554, 12.148006733933526], [92.8439447468305, 12.148841134358344]]], [[[92.82557482483784, 13.439278300503974], [92.83490652536096, 13.420112836709029], [92.82188205253846, 13.421804900421762], [92.82557482483784, 13.439278300503974]]], [[[92.77579981095198, 9.256857087316774], [92.82968724893404, 9.137950690291241], [92.73014283650035, 9.124545082703127], [92.72335205467462, 9.217347853866025], [92.7663326855636, 9.215398671557425], [92.77579981095198, 9.256857087316774]]], [[[92.8122332609973, 13.419516236328768], [92.81784833725004, 13.411713229411783], [92.81449846579653, 13.403493096764038], [92.8122332609973, 13.419516236328768]]], [[[92.79184071839845, 12.91681170290849], [92.79264148860432, 12.892046544374889], [92.77407745266713, 12.911536007149433], [92.79184071839845, 12.91681170290849]]], [[[92.79718603475388, 13.168117003574357], [92.79445831908343, 13.171154513234027], [92.79707825488336, 13.170277532662052], [92.79718603475388, 13.168117003574357]]], [[[92.78258227397252, 12.89272078979404], [92.78938957817698, 12.883118119779487], [92.78266905882235, 12.883356730371906], [92.78258227397252, 12.89272078979404]]], [[[92.69953705476098, 12.239268834228358], [92.70388403344252, 12.164295741704782], [92.75790749806737, 12.177314164456844], [92.73567930133615, 12.1043658172865], [92.73510958474179, 12.074183970861], [92.78346262836068, 12.046494446578942], [92.7623089797446, 12.021269441480909], [92.73837389707226, 12.04160594533703], [92.76892588572987, 11.999217245987392], [92.72842489062924, 11.995158678202893], [92.71448013681278, 11.93324583444991], [92.72468579330334, 11.850906486604659], [92.67818355646446, 11.820192474060883], [92.68058946880836, 11.79935212393451], [92.7192625025559, 11.826706502969806], [92.74629569743466, 11.932245894295027], [92.78823631772391, 11.919035414115974], [92.75542191121, 11.702170166028573], [92.7018360666379, 11.70787517860738], [92.70930298541558, 11.670567298856179], [92.6652563828128, 11.653577803518344], [92.69559868780162, 11.621627828444764], [92.72236158931469, 11.68954828199486], [92.75685402753074, 11.664906499509069], [92.71172233566519, 11.477636376850258], [92.64599117657325, 11.523618665848632], [92.64705139108854, 11.572468232237632], [92.61763482031265, 11.56264350401141], [92.62025782370716, 11.574189497107302], [92.61918501600756, 11.583449017397879], [92.60717418649115, 11.59418483322015], [92.60861602433198, 11.620973219082424], [92.63575992335039, 11.6157715502787], [92.64454570750065, 11.636740457404354], [92.6079471278837, 11.634086449233827], [92.58897949118294, 11.724660446817817], [92.56215725839849, 11.6940151674637], [92.54668722476158, 11.835476551962033], [92.51360063684625, 11.848695163453524], [92.56250603243173, 11.94686706999904], [92.60212965557112, 11.896825019030867], [92.60039634987412, 11.866311992507809], [92.60254016365533, 11.861053110089726], [92.60425032113291, 11.858894201619679], [92.60628360362216, 11.85793562067348], [92.62258414117711, 12.096106632552447], [92.66157225457562, 12.215752381167016], [92.65479395340351, 12.181630748771356], [92.68387721142949, 12.207152479172283], [92.69953705476098, 12.239268834228358]]], [[[92.77815486856234, 12.866694189915302], [92.77608290163536, 12.86539208639751], [92.77616407094854, 12.866608721296462], [92.77815486856234, 12.866694189915302]]], [[[92.77454678747543, 12.013275594572084], [92.77139305706828, 12.017372209736711], [92.77606916233856, 12.01804989120852], [92.77454678747543, 12.013275594572084]]], [[[92.76962691379184, 12.928915745967348], [92.77593142395985, 12.925553417627714], [92.77271598946432, 12.917682832897487], [92.76962691379184, 12.928915745967348]]], [[[92.76916126172279, 12.288588939377828], [92.76928441618263, 12.294230008037871], [92.7713728120523, 12.29510821934556], [92.76916126172279, 12.288588939377828]]], [[[92.73325491759586, 12.24113069681273], [92.73286332458518, 12.210550911418407], [92.76259572880652, 12.22971125080244], [92.76353924448927, 12.18169137707844], [92.75064087892478, 12.183423427274874], [92.74683623056681, 12.180526777024712], [92.73096357340837, 12.192502733635685], [92.72080995222545, 12.19058015258126], [92.73325491759586, 12.24113069681273]]], [[[92.7666936629376, 12.917929222710336], [92.76828840729299, 12.916582068185335], [92.76750444494701, 12.916392551979051], [92.7666936629376, 12.917929222710336]]], [[[92.75379025886481, 12.281582599080005], [92.76648231725477, 12.269424778310315], [92.7635462635384, 12.265592997956004], [92.75379025886481, 12.281582599080005]]], [[[92.76677248378758, 12.925418530617321], [92.76427726399372, 12.917805641645547], [92.7621435330316, 12.921580150011778], [92.76677248378758, 12.925418530617321]]], [[[92.74990265900028, 11.96835857191798], [92.76134399866395, 11.949600069557308], [92.73642796353988, 11.95231820992323], [92.74990265900028, 11.96835857191798]]], [[[92.76102920270456, 12.86787735279636], [92.7669405340352, 12.860589387631459], [92.76612493599069, 12.85486415524181], [92.76102920270456, 12.86787735279636]]], [[[92.76162681484846, 12.934410377676773], [92.76659284833977, 12.92819079529814], [92.76215736228679, 12.926427232734923], [92.76162681484846, 12.934410377676773]]], [[[92.76642723783485, 11.678861502871172], [92.759805417186, 11.677008522369725], [92.76659275885119, 11.68137326571327], [92.76642723783485, 11.678861502871172]]], [[[92.76558073060465, 12.296964612180394], [92.76365146668901, 12.29846161927918], [92.76562822416977, 12.299602041886498], [92.76558073060465, 12.296964612180394]]], [[[92.7650296147146, 12.854113526614883], [92.76404607346646, 12.853097967492564], [92.7641390440767, 12.854345818894464], [92.7650296147146, 12.854113526614883]]], [[[92.75641817626564, 12.18073322693151], [92.76377107070552, 12.178008573822385], [92.75918130419025, 12.166528698499432], [92.75936281993262, 12.177754689350548], [92.75641817626564, 12.18073322693151]]], [[[92.75729029759957, 12.878896646268158], [92.75867346742352, 12.876091971990695], [92.75689274816112, 12.876254984311755], [92.75729029759957, 12.878896646268158]]], [[[92.75788771438071, 12.912201500398037], [92.75776647932705, 12.914034948094999], [92.75834169292183, 12.91401038458106], [92.75788771438071, 12.912201500398037]]], [[[92.75416824485674, 12.913818520134985], [92.75435507934525, 12.889745996778082], [92.74912315303814, 12.891582539111972], [92.75416824485674, 12.913818520134985]]], [[[92.75294587285049, 12.292451718534043], [92.75320820130067, 12.294835339932671], [92.75507674181566, 12.294357724362277], [92.75294587285049, 12.292451718534043]]], [[[92.73961406650037, 12.28253983290403], [92.74293030666523, 12.25548596847353], [92.73448929181296, 12.247900657803187], [92.73954847498725, 12.271079724458914], [92.73961406650037, 12.28253983290403]]], [[[92.74303151046341, 11.967398760847246], [92.74422544551193, 11.965475488228863], [92.7417598835196, 11.965387319829086], [92.74303151046341, 11.967398760847246]]], [[[92.73838239841349, 12.107035793767338], [92.7413085372085, 12.11398724190475], [92.74340931696824, 12.114962268435168], [92.73838239841349, 12.107035793767338]]], [[[92.73768183954034, 12.275963152286733], [92.73666106410346, 12.26923815529583], [92.7349769565313, 12.269267792144847], [92.73768183954034, 12.275963152286733]]], [[[92.73801140437101, 12.290301145437098], [92.73561867232486, 12.281314978557656], [92.73790864905807, 12.292804988910337], [92.73801140437101, 12.290301145437098]]], [[[92.73192461426142, 11.149312535616009], [92.73073351218855, 11.142545132639059], [92.7277531143357, 11.145972136462358], [92.73192461426142, 11.149312535616009]]], [[[92.73360900333176, 11.959682194020369], [92.72599454306541, 11.941708468535674], [92.72291666468087, 11.952744840437646], [92.73360900333176, 11.959682194020369]]], [[[92.73061748861033, 12.854820594904668], [92.72970170369928, 12.85666982090418], [92.73179427087229, 12.856489734741487], [92.73061748861033, 12.854820594904668]]], [[[92.73078851130916, 12.185341060299386], [92.72540783493658, 12.18642206898326], [92.73098946878163, 12.189623833686287], [92.73078851130916, 12.185341060299386]]], [[[92.72943981560077, 13.091110827429146], [92.72946361196614, 13.09480123598851], [92.73117080755118, 13.095145663424415], [92.72943981560077, 13.091110827429146]]], [[[92.72014837438176, 12.865253375071978], [92.7171394198944, 12.833405148910416], [92.70958742754779, 12.833714547981726], [92.72014837438176, 12.865253375071978]]], [[[92.72615863001661, 12.736789146232436], [92.72686055606546, 12.727163962096958], [92.72274784594556, 12.736698665867031], [92.72615863001661, 12.736789146232436]]], [[[92.72670947337551, 12.833198044314988], [92.72636580882211, 12.83798141234372], [92.7278431929978, 12.838346957539288], [92.72670947337551, 12.833198044314988]]], [[[92.72562165435357, 12.75249057125583], [92.72676413050824, 12.753616543082789], [92.72673307659682, 12.751845789034888], [92.72562165435357, 12.75249057125583]]], [[[92.72418550131519, 11.141378677957002], [92.72401330949631, 11.144216518173724], [92.72581882846282, 11.143719937181295], [92.72418550131519, 11.141378677957002]]], [[[92.71326666824403, 12.829490526573013], [92.71216287349036, 12.777253156085278], [92.72543538869864, 12.749009262997653], [92.71835533076074, 12.719241526386478], [92.69460140341901, 12.796047281366054], [92.71326666824403, 12.829490526573013]]], [[[92.72051023785966, 12.783910109858793], [92.72473370296167, 12.76176861796659], [92.7167896896934, 12.787818555816857], [92.72051023785966, 12.783910109858793]]], [[[92.72327743301565, 11.328095667003385], [92.71029923711723, 11.30189371366386], [92.698150210417, 11.309466619737739], [92.7114283710733, 11.309268694139543], [92.72327743301565, 11.328095667003385]]], [[[92.69992760921856, 12.275689566909524], [92.7238539113227, 12.291130696556017], [92.71075636073672, 12.230149395724554], [92.69992760921856, 12.275689566909524]]], [[[92.70214386463608, 12.989535337862684], [92.71961608702986, 12.874334060333018], [92.66821654457944, 12.782699589476184], [92.64806167502621, 12.861692269741727], [92.70214386463608, 12.989535337862684]]], [[[92.71850217377484, 13.09812355020347], [92.70643948243483, 13.071558741293877], [92.70086963179699, 13.071541842909856], [92.6960950239954, 13.095356806807187], [92.71850217377484, 13.09812355020347]]], [[[92.71678089532897, 12.77363559627401], [92.71780592769474, 12.774327001365368], [92.71769948685915, 12.773557911386144], [92.71678089532897, 12.77363559627401]]], [[[92.71742258785044, 12.776791931883722], [92.71661598418271, 12.774987423771805], [92.7156129509565, 12.776682223035841], [92.71742258785044, 12.776791931883722]]], [[[92.71620029974487, 12.80439065481286], [92.71722702211993, 12.80288597513722], [92.71628929396304, 12.80263295151008], [92.71620029974487, 12.80439065481286]]], [[[92.71552568617899, 12.80070610242551], [92.71706416404028, 12.799202460129255], [92.71680915976134, 12.798783399657474], [92.71552568617899, 12.80070610242551]]], [[[92.71578900341743, 12.782886605285498], [92.71662469615421, 12.783710196529217], [92.7166265324167, 12.7828352736731], [92.71578900341743, 12.782886605285498]]], [[[92.71578791397107, 12.797693118546785], [92.7164739624758, 12.795936623673837], [92.71528267284262, 12.794594868214988], [92.71578791397107, 12.797693118546785]]], [[[92.69324807312431, 11.280925561221688], [92.70585743273546, 11.263811364802383], [92.68823434821293, 11.242428261587852], [92.69324807312431, 11.280925561221688]]], [[[92.70329537305507, 12.638971743818622], [92.70168700786427, 12.640997674260955], [92.70307202705473, 12.640984864107548], [92.70329537305507, 12.638971743818622]]], [[[92.69791187363458, 11.664506347833216], [92.70038361357979, 11.660074165855164], [92.6929076024707, 11.661148080901462], [92.69791187363458, 11.664506347833216]]], [[[92.69964900689786, 12.24901610650122], [92.69584166274319, 12.246508609211121], [92.69686570723907, 12.250598953925042], [92.69964900689786, 12.24901610650122]]], [[[92.64438469816392, 11.511587881644367], [92.68571469682723, 11.4362066184744], [92.6486429812867, 11.407138112412653], [92.69084863265279, 11.37081655594232], [92.59822921048524, 11.347769341245211], [92.58716901412079, 11.400906424730548], [92.62327127303917, 11.406055897779465], [92.61531558485126, 11.481679284600348], [92.64438469816392, 11.511587881644367]]], [[[92.66859312102234, 12.533328292416945], [92.6845954339421, 12.539629691938565], [92.67868382535079, 12.522374471662555], [92.66859312102234, 12.533328292416945]]], [[[92.68367164655247, 12.217454993189442], [92.67969641847718, 12.21945186358777], [92.68259791341124, 12.224405460002693], [92.68367164655247, 12.217454993189442]]], [[[92.67625485311788, 11.184667353972587], [92.67678302811623, 11.178260288651051], [92.67509146833738, 11.189765788990996], [92.67625485311788, 11.184667353972587]]], [[[92.66101153488407, 10.992050703294927], [92.66841125577304, 10.985676649333406], [92.66042014098284, 10.983463537443745], [92.66101153488407, 10.992050703294927]]], [[[92.62938956442409, 11.543927824131453], [92.62733635137425, 11.548602822792802], [92.62869287225769, 11.549424747262945], [92.62938956442409, 11.543927824131453]]], [[[92.61024556448955, 10.938385177247289], [92.61381983280681, 10.928387391682683], [92.60638773076313, 10.937596782461055], [92.61024556448955, 10.938385177247289]]], [[[92.60175813791595, 11.554747944878562], [92.6204033668344, 11.55523693485952], [92.61047269872525, 11.531394865785764], [92.60175813791595, 11.554747944878562]]], [[[92.60034104186661, 11.570553971800855], [92.61921903083353, 11.577143916103678], [92.61493005080528, 11.562259916040638], [92.60034104186661, 11.570553971800855]]], [[[92.61574011207746, 11.511536575806502], [92.61126827760462, 11.505159479839861], [92.6097294465889, 11.504251979827862], [92.61574011207746, 11.511536575806502]]], [[[92.58891077255484, 11.976483669563637], [92.60931302908784, 11.940376856284486], [92.59873681048073, 11.927864753894337], [92.58891077255484, 11.976483669563637]]], [[[92.60270832360264, 11.538092814221146], [92.60675512406392, 11.527359956386942], [92.6062269332749, 11.521779680023677], [92.60270832360264, 11.538092814221146]]], [[[92.60051075257323, 11.919090994310046], [92.59868650239086, 11.906271876594698], [92.59562795590284, 11.905595095300791], [92.60051075257323, 11.919090994310046]]], [[[92.5217411932328, 10.896669401563532], [92.58709334726356, 10.787627391535862], [92.59704647540762, 10.680324576172525], [92.53992792169417, 10.61465412500924], [92.5682463037128, 10.576215297431732], [92.51323135068175, 10.51184350084102], [92.43307501374241, 10.548385228368753], [92.38623714255878, 10.531685013259699], [92.42085644466343, 10.61563488854939], [92.38258482563047, 10.667866531194315], [92.37701969660203, 10.782972074528596], [92.5217411932328, 10.896669401563532]]], [[[92.59740987277007, 11.5618667418302], [92.58364694910509, 11.535177071583755], [92.59258640970894, 11.577860582319126], [92.59740987277007, 11.5618667418302]]], [[[92.59354162548853, 11.590394412959279], [92.59347185323689, 11.589242213260537], [92.59309726848048, 11.590146752407202], [92.59354162548853, 11.590394412959279]]], [[[92.58489173025546, 11.977227166165976], [92.58198032619529, 11.980203745161104], [92.58420573405618, 11.982363788956139], [92.58489173025546, 11.977227166165976]]], [[[92.57866505215007, 11.585027150997355], [92.57766323185565, 11.582328135798448], [92.57704326763933, 11.584726291140027], [92.57866505215007, 11.585027150997355]]], [[[92.5756872259867, 11.56487292660434], [92.57282340472753, 11.565483289030412], [92.57669261544038, 11.570897112527676], [92.5756872259867, 11.56487292660434]]], [[[92.56778717668567, 11.95033462608133], [92.56730880065581, 11.944705159104183], [92.5635381884262, 11.94974415431511], [92.56778717668567, 11.95033462608133]]], [[[92.5339217492598, 11.601672148955004], [92.5695303486337, 11.588405923882728], [92.53034679404138, 11.55467645058572], [92.5339217492598, 11.601672148955004]]], [[[92.55222802332086, 11.538080230928777], [92.56892494689652, 11.527706542348339], [92.56671209876076, 11.517826647676538], [92.55222802332086, 11.538080230928777]]], [[[92.56604280683214, 11.570803604394444], [92.56612013448871, 11.56759290273778], [92.56490200704707, 11.568138503513566], [92.56604280683214, 11.570803604394444]]], [[[92.55927849338083, 11.397421814543467], [92.55725855918827, 11.391011549241492], [92.55581899345066, 11.39159243101185], [92.55927849338083, 11.397421814543467]]], [[[92.54874056200967, 11.397522729536973], [92.54853786575205, 11.393933121244014], [92.5461877646947, 11.394949986432952], [92.54874056200967, 11.397522729536973]]], [[[92.21816651408555, 11.592777503412467], [92.27030193100939, 11.584842677356908], [92.26989214577274, 11.52309683193012], [92.21459656090467, 11.529747734564422], [92.21816651408555, 11.592777503412467]]], [[[92.22037119199902, 10.982701709424886], [92.22312517485021, 10.974042031050399], [92.21508941326975, 10.977884780204706], [92.22037119199902, 10.982701709424886]]]]}}, {"id": "1", "type": "Feature", "properties": {"subdivision_id": "ARUNACHAL_PRADESH", "name": "Arunachal Pradesh", "n_districts": 16, "area_km2": 79353.69585842654}, "geometry": {"type": "Polygon", "coordinates": [[[94.26475846313262, 27.524145060924962], [93.81061164300661, 27.148678427809557], [93.83011326943495, 27.065765934717053], [93.7755839968464, 27.059240298611087], [93.67762825790417, 26.968010616570766], [93.02183463193502, 26.91463184173924], [92.87520516067408, 27.00575436929249], [92.6619663388591, 27.036833547996444], [92.64844067354596, 26.985741531753046], [92.58822294018037, 26.960193355780174], [92.46270251383761, 26.961783068747543], [92.40289100669087, 26.92478360951858], [92.1275695564034, 26.888514611513752], [92.10687068827086, 27.00657605173496], [92.03747601859808, 27.063729858915618], [92.02603863357406, 27.113877610234297], [92.07360761169329, 27.22262405480801], [92.04366637652839, 27.265702146983507], [92.12465201411793, 27.286551398526278], [92.0629573238056, 27.32625365358601], [92.02323281216431, 27.478924606136573], [91.94389484148067, 27.459849698776353], [91.72476824412315, 27.469722271665578], [91.69493373931923, 27.502149413475593], [91.65225146190284, 27.484148437227496], [91.57186326340961, 27.574541886817762], [91.5629291938274, 27.633014588861098], [91.64494544572892, 27.76478682624556], [91.54949905007355, 27.855244968230803], [91.66745874803318, 27.857884443800213], [91.71495092946246, 27.812883516672116], [91.82947521014354, 27.809880565430593], [91.8656125060317, 27.736389038711348], [91.9237610358166, 27.71450221476382], [91.98889765315432, 27.769398413301648], [92.06034428178482, 27.7584815641495], [92.21538163955117, 27.85832221979052], [92.26894319392227, 27.857231402201208], [92.32069526879378, 27.777430514656462], [92.41150324413663, 27.8212512962487], [92.45956696898656, 27.80236842988012], [92.50598943464736, 27.84061409769797], [92.56525559128501, 27.82008886812489], [92.74419780817021, 27.988488705890873], [92.66786632616162, 28.061980319938797], [92.69204940159128, 28.125063300954466], [92.80473707789423, 28.201496965373906], [92.83296182345866, 28.17070332306145], [92.96958751521235, 28.26101409468791], [93.00533371572887, 28.229925413169177], [93.03878260636833, 28.262283967789553], [93.02699573024618, 28.299142222462052], [93.22396484836224, 28.33280870774465], [93.2366343189485, 28.39987532958706], [93.18789542109255, 28.43924810243853], [93.28120834963511, 28.504102734749214], [93.34245280514125, 28.639573971017022], [93.4511931085963, 28.675417528299914], [93.47964650452408, 28.652975897257637], [93.49662111988621, 28.68331802352377], [93.53923390077081, 28.658135162808602], [93.73685374469676, 28.688435510844094], [93.7803865938352, 28.667607236975954], [93.84924580807838, 28.70647040617105], [93.93118783522544, 28.670739384175103], [94.00667133158548, 28.774584540146236], [94.00032662908777, 28.840534299416564], [94.16067052091316, 28.953984661594955], [94.22048501820247, 29.083500244516408], [94.29362664131128, 29.14761894283797], [94.36278143722751, 29.151999798809058], [94.4371473680084, 29.226322804441228], [94.56377116570489, 29.22828296720396], [94.63428502608845, 29.348153157155487], [94.78307922815708, 29.24027687352294], [94.80345798935042, 29.163580028215645], [94.87726048838293, 29.18322662721331], [95.02796848294564, 29.129246601209008], [95.0028162815997, 29.171771066956737], [95.12681533194716, 29.11471521304422], [95.25565448834425, 29.108161885781644], [95.27229607725387, 29.047722150251577], [95.4519741712105, 29.03384100790248], [95.50108726154973, 29.138326906946467], [95.5514876386441, 29.126561376762023], [95.54263000153912, 29.212144086438876], [95.59068447804489, 29.21607422544234], [95.60371627717636, 29.26004911915746], [95.64295110913041, 29.247939171918752], [95.78272600814742, 29.354583798933177], [95.80150444055386, 29.334436303484047], [95.88594517323338, 29.389623456072446], [95.96210402270707, 29.380670089132106], [96.08572168833267, 29.461386555077638], [96.24788572878788, 29.232223539032514], [96.36751236773274, 29.282681259518377], [96.39705561132494, 29.253410721772394], [96.35040820602214, 29.167769901170946], [96.26431008537584, 29.157009878914334], [96.18961636373432, 29.091424159023884], [96.1185251765356, 29.074465494179574], [96.1885573530311, 28.984620263426677], [96.14887437943361, 28.933923521986728], [96.17004897326336, 28.90224507302647], [96.35038562936661, 29.02859853077231], [96.52883267204972, 29.075418368575924], [96.48084264451563, 28.990017840232472], [96.49089147286448, 28.961218643856814], [96.52217076604842, 28.96681968130744], [96.54055070961402, 28.879654919888655], [96.61875601678175, 28.773647872337722], [96.58858241057631, 28.71655676477813], [96.47539083824898, 28.683318214696424], [96.49657290982312, 28.633112476482502], [96.32809324513903, 28.529002731167168], [96.37519684028328, 28.481793847534846], [96.26594052166197, 28.408177684496017], [96.3729615727033, 28.388826097564817], [96.4012850950173, 28.33882334831846], [96.46025863418491, 28.41360891437266], [96.6664900936974, 28.45983047310426], [96.75276432593061, 28.41544668629021], [96.77595762189713, 28.36762028219513], [96.900146670026, 28.379186068712684], [96.99772467596149, 28.309066992493968], [97.09383089912356, 28.362445578681452], [97.17490507398847, 28.291398976218947], [97.28293066251423, 28.26824624171047], [97.40112500862504, 28.19193356931347], [97.33133403920691, 28.154468816924645], [97.30810596269122, 28.068407926354723], [97.37379536116822, 28.061338912434213], [97.41529266790748, 28.01491862715252], [97.37814465405665, 27.976980666235928], [97.38888333461263, 27.88691130097172], [97.3210847314549, 27.88021725570599], [97.30872820103785, 27.92082058587147], [97.25648113706286, 27.900489362042673], [97.10238104042871, 27.784478802140278], [97.09625836057404, 27.740885716127455], [97.0284699595528, 27.74026388115341], [96.99065098715833, 27.662086950099976], [96.94858529125295, 27.662585846890348], [96.89733739166974, 27.61197044506487], [96.93720281779562, 27.52088714118242], [96.91125603569314, 27.453424434482628], [97.16573640391985, 27.144621206942137], [97.14487954845322, 27.091920747359165], [96.87453754821955, 27.18370433045246], [96.88414778412653, 27.25826283742876], [96.80166575687242, 27.345185991230146], [96.71199806129714, 27.371812287769167], [96.61205107350432, 27.360705939116], [96.52178095504422, 27.28538056623393], [96.47028856431045, 27.304054749649033], [96.23406048749189, 27.27703947790691], [96.0361806850686, 27.188532761981204], [95.93583660943465, 27.045448540234997], [95.80759476553342, 27.013167553759935], [95.73031071073515, 26.88016501475158], [95.6678124161876, 26.901203588698646], [95.61102356430705, 26.814069148747414], [95.53238433669192, 26.824275996588042], [95.42834859956666, 26.693149484267582], [95.30213686334781, 26.649358841561195], [95.23729640188901, 26.67984336824419], [95.21592765542586, 26.728993862216925], [95.24475845616888, 26.781015551586194], [95.18454592944101, 26.85877429791004], [95.23388990335819, 26.884726495861194], [95.19587023302022, 27.03715978666184], [95.24850128044099, 27.024323002227522], [95.34892493219694, 27.09873200754925], [95.45805279516873, 27.129418970887393], [95.46011433899537, 27.207341939306072], [95.51661908493604, 27.26251192736374], [95.59037218536932, 27.223163005435758], [95.80647439559749, 27.28499191477257], [95.89401518499103, 27.255989604564014], [96.02104499293742, 27.364149356095055], [95.97808466774515, 27.428637634088535], [95.91721273251586, 27.436452790334535], [95.89338165326357, 27.399319573572917], [95.88906993545709, 27.437435789290003], [95.84976752624304, 27.423741609912785], [95.88198631343437, 27.546840765384328], [95.78800255508273, 27.617374718148586], [95.79416106321925, 27.686382910370018], [95.75936448391761, 27.72537516307009], [95.97886721569596, 27.962801791196075], [95.60851209809564, 27.95283466365256], [95.51765823762373, 27.87687909614619], [95.38609538455292, 27.837289044791742], [95.31843626198561, 27.866583015195214], [94.86796563109102, 27.741638988685395], [94.84140571632844, 27.699568933328244], [94.46184832898118, 27.554142690516585], [94.43326789762916, 27.599626105565285], [94.3697262619901, 27.573357737879398], [94.27840724584114, 27.590130452367912], [94.25472444330377, 27.63781592198785], [94.21358616481106, 27.60775682724103], [94.26475846313262, 27.524145060924962]]]}}, {"id": "2", "type": "Feature", "properties": {"subdivision_id": "ASSAM_MEGHALAYA", "name": "Assam & Meghalaya", "n_districts": 34, "area_km2": 97190.65533513283}, "geometry": {"type": "MultiPolygon", "coordinates": [[[[90.9169138959619, 25.16253971631429], [90.78302272811023, 25.183197754609328], [90.73496991431655, 25.15411731718056], [90.65801207996155, 25.192579951049503], [90.44744124184597, 25.14324014789668], [90.33457905514771, 25.19115660230368], [90.11521606313805, 25.2236756896188], [89.97506032435739, 25.300490748640165], [89.83768585269011, 25.295492519121893], [89.81854815160706, 25.388103388976322], [89.88305169168324, 25.621471747206957], [89.8188455950956, 25.81708817477438], [89.88704049530077, 25.942023173362703], [89.83118431545337, 25.947038322552295], [89.87152458834831, 25.97608405195114], [89.83517300565417, 26.007184794752185], [89.8186353396487, 25.988989499418945], [89.81309922928713, 26.03830766497426], [89.79225147296133, 26.01704284881264], [89.79742349092732, 26.088372172217408], [89.69972452896208, 26.18908427654248], [89.7368955192182, 26.212287287758617], [89.70213758410732, 26.2172382305228], [89.73367957601612, 26.238196235486573], [89.70977129287063, 26.26989778869153], [89.74238676995401, 26.271087430328556], [89.72202830923506, 26.293034270243897], [89.72282925561434, 26.30568080616066], [89.76359569874464, 26.289305111571586], [89.78699976847406, 26.353235641609757], [89.8622410845318, 26.38439677205542], [89.83228639001106, 26.39640449608025], [89.87452957293154, 26.448336675796238], [89.86787349588185, 26.736881365772394], [90.1330832678683, 26.74886938684242], [90.19394274453063, 26.7703925500412], [90.22011865198382, 26.85350093787036], [90.30671714038013, 26.848012666510996], [90.41489625633126, 26.90167094747607], [90.56482902219435, 26.80071508632939], [90.70458093557389, 26.76765771342687], [91.05829109633024, 26.778945129404512], [91.10093347284975, 26.819262831579945], [91.34033599253347, 26.778967216135065], [91.4123758499384, 26.8348423174719], [91.49662759128681, 26.788975908503133], [91.62757381364301, 26.820451940259023], [91.69092408717812, 26.804168540574736], [91.80560510166616, 26.85106442947002], [91.86144688497691, 26.9130177023176], [92.0585574868211, 26.8468436837441], [92.11127369438685, 26.89258891461304], [92.58822294018037, 26.960193355780174], [92.64844067354596, 26.985741531753046], [92.6619663388591, 27.036833547996444], [92.87520516067408, 27.00575436929249], [93.02183463193502, 26.91463184173924], [93.35010659762197, 26.960648122805303], [93.49137619885514, 26.935716382014135], [93.65697539555757, 26.963447675385], [93.7755839968464, 27.059240298611087], [93.83011326943495, 27.065765934717053], [93.81061164300661, 27.148678427809557], [94.15947419949681, 27.47485869122931], [94.26198348753744, 27.520199459741157], [94.21358616481106, 27.60775682724103], [94.25472444330377, 27.63781592198785], [94.27840724584114, 27.590130452367912], [94.3697262619901, 27.573357737879398], [94.43326789762916, 27.599626105565285], [94.46184832898118, 27.554142690516585], [94.84140571632844, 27.699568933328244], [94.86796563109102, 27.741638988685395], [95.31843626198561, 27.866583015195214], [95.38609538455292, 27.837289044791742], [95.51765823762373, 27.87687909614619], [95.60851209809564, 27.95283466365256], [95.97886721569596, 27.962801791196075], [95.75936448391761, 27.72537516307009], [95.79416106321925, 27.686382910370018], [95.78800255508273, 27.617374718148586], [95.88198631343437, 27.546840765384328], [95.84976752624304, 27.423741609912785], [95.88906993545709, 27.437435789290003], [95.89338165326357, 27.399319573572917], [95.91721273251586, 27.436452790334535], [95.97808466774515, 27.428637634088535], [96.02104499293742, 27.364149356095055], [95.9842956764405, 27.327245967772555], [95.89401518499103, 27.255989604564014], [95.80647439559749, 27.28499191477257], [95.59037218536932, 27.223163005435758], [95.51134709885007, 27.260166687898735], [95.46011433899537, 27.207341939306072], [95.45805279516873, 27.129418970887393], [95.34892493219694, 27.09873200754925], [95.24850128044099, 27.024323002227522], [95.1988154052286, 27.038630912728408], [95.02167695689066, 26.919800560832037], [94.89496313250095, 26.932019744291186], [94.75970328056384, 26.768890192152483], [94.6537498706855, 26.718531594211264], [94.60458061707756, 26.73429984730428], [94.57509395052098, 26.686044999118792], [94.54552241440939, 26.706003523491958], [94.46500243129441, 26.662730111302736], [94.46292321193529, 26.630641639661945], [94.40831173556202, 26.60959617528024], [94.39977858840716, 26.5275061363058], [94.31679984809008, 26.458200874539987], [94.28277648248165, 26.55898929459622], [94.18699347157077, 26.456035588457166], [94.17577858427907, 26.339650849022206], [94.10835151164983, 26.321941353651784], [94.00499980954588, 26.16887991700708], [93.95489358978524, 26.002896618466977], [93.97922593223664, 25.91512047170202], [93.79567082490793, 25.810085206043777], [93.77316466055038, 25.961904000621143], [93.68784285596607, 25.905447539815928], [93.70552609965196, 25.84456152283583], [93.57332713574704, 25.756934292319713], [93.49995583098703, 25.652744457466518], [93.33345487769371, 25.545485443870962], [93.39581224303778, 25.46043041791905], [93.46164952174281, 25.430875156468236], [93.47362539687643, 25.30537217049926], [93.38834265398756, 25.24216317502909], [93.33528824995236, 25.092137422229243], [93.24835524261889, 25.015239319988492], [93.26182431697126, 24.9477701874884], [93.19670320121858, 24.807758234647288], [93.15232588720346, 24.786365005610023], [93.10923769580869, 24.806408495674724], [93.07524475425922, 24.7071157512009], [93.10402738906181, 24.671997987883397], [93.07469288131786, 24.59294657647566], [93.1061881284247, 24.580208984764365], [93.06037846145195, 24.57157741595479], [93.03826728766548, 24.407904369007923], [92.91081274583307, 24.409938587962937], [92.82832143604475, 24.374966567292198], [92.76474816737255, 24.518163757678607], [92.69015612219317, 24.352262667395113], [92.62381553328468, 24.330255237399108], [92.61107028620458, 24.25097173440701], [92.55018970543307, 24.243638253307264], [92.5291598240881, 24.17259428393545], [92.4655052279274, 24.132668700171237], [92.41862624986109, 24.192343757748926], [92.42207930964128, 24.25107722370331], [92.21281749410974, 24.247635403756835], [92.27311938968609, 24.38665104904964], [92.22905880450908, 24.470226950015213], [92.2261737509281, 24.679982981581748], [92.2660696270863, 24.712444722409284], [92.28308730143559, 24.787193822847147], [92.23698843289283, 24.86102025458795], [92.2436400788972, 24.903944953513466], [92.30765799026568, 24.916249589834603], [92.39605335796293, 24.855064540585044], [92.49776543995142, 24.86791893531758], [92.48870182633097, 24.942328091417778], [92.41986690179104, 24.98021655980887], [92.43838599353246, 25.031620884630474], [92.0652233597136, 25.18725996831548], [91.74968347073658, 25.171087080784975], [91.64504305269003, 25.123745623764968], [91.60589378597389, 25.173103276606476], [91.48048335539478, 25.13451980397322], [91.26762582838309, 25.206203842908153], [90.9169138959619, 25.16253971631429]], [[94.58062658146699, 27.213709683679383], [94.58062658146699, 27.213709683679387], [94.57921590392235, 27.213553360464537], [94.58062658146699, 27.213709683679383]], [[92.3547968434969, 26.584964227515762], [92.36381643672541, 26.585635810147288], [92.3635034658667, 26.58561251584377], [92.3547968434969, 26.584964227515762]], [[91.78311474820232, 26.49366779697515], [91.78123320038563, 26.491389166722286], [91.78493868454385, 26.495876553805605], [91.78311474820232, 26.49366779697515]], [[91.47226617177513, 25.857834136492595], [91.47131066920515, 25.858116672702373], [91.47755232880714, 25.856270922490513], [91.47226617177513, 25.857834136492595]], [[90.85418072753119, 26.5233611618629], [90.85413855760795, 26.523266996798785], [90.8550788437873, 26.52536657723194], [90.85418072753119, 26.5233611618629]], [[90.4290894051643, 26.359929377461405], [90.41656040416663, 26.34527862918232], [90.4290894051643, 26.359929377461402], [90.4290894051643, 26.359929377461405]], [[90.41011334198011, 26.433242597069764], [90.40981294147944, 26.434010740919714], [90.40934282265097, 26.435212846588943], [90.41011334198011, 26.433242597069764]], [[90.39951026428008, 26.475509601722], [90.39888170394704, 26.47598397125996], [90.3963197514054, 26.477917394027774], [90.39951026428008, 26.475509601722]], [[89.79317043158616, 26.342166938284013], [89.82260162404977, 26.32004841480514], [89.8270138729479, 26.325070837557206], [89.8171162643267, 26.34584504256745], [89.79317043158616, 26.342166938284013]]], [[[89.73459030671329, 26.3054272210255], [89.73876272432943, 26.31099888494207], [89.74290147809006, 26.302216310237025], [89.73459030671329, 26.3054272210255]]]]}}, {"id": "3", "type": "Feature", "properties": {"subdivision_id": "BIHAR", "name": "Bihar", "n_districts": 38, "area_km2": 90570.80028132742}, "geometry": {"type": "MultiPolygon", "coordinates": [[[[85.50142907208188, 24.55090040650867], [85.29513628936206, 24.52857609884219], [85.28904718003699, 24.497410924806605], [85.16003995393912, 24.46430286911064], [85.17648366575237, 24.429683581648366], [85.09655285918807, 24.37941323545969], [85.07261924992669, 24.38695852241204], [85.08334230762503, 24.440006444289196], [84.95514523028449, 24.371907310246197], [84.90165122259086, 24.375128314003902], [84.8874636143569, 24.462779047866544], [84.84169782215763, 24.45247653084162], [84.8399628426956, 24.511360118938192], [84.80269903077865, 24.52932954973535], [84.68629436100322, 24.45618014887041], [84.66562137711034, 24.393636988450574], [84.57990616531482, 24.41215623227327], [84.52893995195356, 24.376079348983424], [84.50092983932986, 24.286947134743812], [84.50823113745767, 24.33238786890027], [84.42488176476658, 24.33115673278616], [84.43000775199225, 24.358923603708888], [84.34338507787805, 24.39548555854082], [84.30077128803771, 24.45037904040681], [84.33392430887017, 24.502234774658053], [84.30059761129604, 24.565403277336515], [84.26476552359638, 24.530185452971867], [84.19596325970605, 24.55466295491614], [84.18690615495937, 24.50980863840275], [84.15374547188607, 24.539624821689685], [84.11743341160327, 24.480777035234503], [84.05449994106863, 24.611461195384667], [84.00000000047147, 24.63712479444697], [83.94076786047212, 24.55088947313887], [83.87581560188208, 24.53200612407113], [83.72450404282645, 24.503985463522703], [83.50110019900723, 24.53488852458429], [83.54934406825579, 24.624919588242715], [83.50548471694592, 24.650344465117044], [83.52167515061892, 24.679816395014594], [83.48785151962997, 24.73639558703799], [83.3948510895443, 24.782656158048404], [83.35209138363781, 25.00863431523067], [83.32639716555884, 25.01545810078034], [83.36564589731807, 25.122232506570782], [83.35796170349033, 25.196904097399592], [83.54784361156328, 25.315650405961616], [83.63075101203854, 25.327576462375454], [83.70296487106219, 25.394145097701752], [83.7702739133691, 25.386027339215786], [83.8467420478578, 25.435019267715198], [83.81861559488085, 25.463996960174665], [83.85950416222146, 25.471824414669484], [83.92548738008138, 25.55655624857799], [84.08494250717419, 25.635652471745644], [84.1028791203141, 25.718447001282566], [84.15671576784109, 25.729056925767548], [84.21132636766578, 25.66782222293448], [84.29394535704088, 25.659795761316456], [84.32695081675743, 25.67022125403221], [84.3397158044539, 25.742795677578805], [84.3884218642, 25.746948467935553], [84.41024832565299, 25.697814974968665], [84.457109236362, 25.71283045157392], [84.4966893571524, 25.676256492131767], [84.53287604611242, 25.682778529105466], [84.54418170583727, 25.72489433456717], [84.56060170005463, 25.682480866902765], [84.56393159718671, 25.734816799686516], [84.63887354770355, 25.726807833521434], [84.60885629075104, 25.759055713634993], [84.62857045176034, 25.792495138237978], [84.5353868726991, 25.83262755085809], [84.5370835801521, 25.876004663791843], [84.4318112653348, 25.890576348472166], [84.35997703842025, 25.957383738731416], [84.30492613077308, 25.945005264284678], [84.21049957384722, 25.998456936733195], [84.17492730166794, 25.989376000322373], [84.1760003707827, 26.023326171369714], [84.0270228163467, 26.14275782735089], [84.02047718241984, 26.23822854357896], [84.08827734613325, 26.218826752747628], [84.12190266104706, 26.259535171799275], [84.16826386937117, 26.24356209853508], [84.18040643088096, 26.371551865867414], [84.0810748269215, 26.381955748807112], [84.02015023655183, 26.445849408151936], [83.91147102616665, 26.44754560309179], [83.91147700514135, 26.515330479582317], [84.05699297817826, 26.540843614079627], [84.09109350617113, 26.640167033476253], [84.28143639251975, 26.59684777648986], [84.42360226727574, 26.624759562327704], [84.4114847174571, 26.668760172405253], [84.33493678169586, 26.681737197694193], [84.3073943503929, 26.750671993757756], [84.24335058883612, 26.73689862302759], [84.25060930630829, 26.859726309116223], [84.17842407204174, 26.83177047528528], [84.14116425108982, 26.852891573417253], [84.15040037621887, 26.88477943120889], [84.0615941011388, 26.88882050026792], [84.03455249241973, 26.93978763661249], [84.05057788088794, 27.04169702248667], [84.00056008369222, 27.06555191189812], [84.03053541009575, 27.092450985072798], [83.94926523571488, 27.08989535683671], [83.99503757704353, 27.178650269625336], [83.90800503237992, 27.25621241914365], [83.93368809589666, 27.313195305764154], [83.83909160422441, 27.319451695222014], [83.88591473149233, 27.37088473599531], [83.83706623365273, 27.421935543866336], [83.85087923194222, 27.445969763626948], [84.02994731848906, 27.436197288759242], [84.10637804546305, 27.519067467449673], [84.15424914147776, 27.518615599786315], [84.15515347588018, 27.486593207018732], [84.21849078002717, 27.439576655250146], [84.25514579589286, 27.449692135202913], [84.29420736799091, 27.38456451639878], [84.62180259617311, 27.33899870330476], [84.69144129741323, 27.223320890157968], [84.64616988264488, 27.046669952245097], [84.76322238023647, 27.000153012968752], [84.8289963630428, 27.02081882729153], [84.96164977248465, 26.962806894858335], [84.97146328045636, 26.92018778863198], [85.05879045245074, 26.884582136153547], [85.03406698758135, 26.853104856129008], [85.19562347503327, 26.86896513878129], [85.18010716489758, 26.809309319289323], [85.21338299653742, 26.758408939771677], [85.33679161648764, 26.741405104855406], [85.63715671968987, 26.872288541120316], [85.7263777431436, 26.816681213469572], [85.73726595043134, 26.65036346921258], [85.85214527709402, 26.6083482990472], [85.85246230749301, 26.568367924499828], [85.96006794387134, 26.65189164982713], [86.03018430236295, 26.666406787493393], [86.22167179139977, 26.58982656746889], [86.34561579249485, 26.616533845134352], [86.73509807514884, 26.424430751064186], [86.7728340915333, 26.458339010498015], [86.84285161552697, 26.439877109608982], [86.89676791950448, 26.461556212563032], [86.89638386339529, 26.486738867567002], [87.07237240371624, 26.586456395719598], [87.09245604124578, 26.45210979084539], [87.15750990504583, 26.405733421155137], [87.26187580066798, 26.41051686283937], [87.26675812378991, 26.373735587976796], [87.34116369438358, 26.34830960342918], [87.37015767058861, 26.407415835708406], [87.46288174038415, 26.439678673878294], [87.6093662992885, 26.381041376229135], [87.67912896711007, 26.43552653394784], [87.7666041950235, 26.409010613014335], [87.78921109147386, 26.467824485004815], [87.85052439401858, 26.435627154874688], [87.89139359941842, 26.48614959232274], [88.02000922771396, 26.35281197998522], [88.09838769541904, 26.43448123546009], [88.10528841143652, 26.532989125330378], [88.15208770649294, 26.510811759854214], [88.23786905399227, 26.55181770780464], [88.18567766961588, 26.490425660750372], [88.27440114618463, 26.421656795972915], [88.23572490537565, 26.389771197596733], [88.28040459306087, 26.377210452115275], [88.2859169874351, 26.33548315383155], [88.0194496366136, 26.14086399561224], [87.97050661992142, 26.15194259548619], [87.978534958862, 26.084859936181704], [87.93751363746458, 26.0689580017945], [87.9193453524815, 26.090965382050406], [87.84853478900956, 26.044475377864604], [87.83624915794884, 25.935509380950663], [87.80991072623218, 25.920784550131916], [87.82909499132808, 25.87157264013615], [87.91707635019117, 25.85188615118335], [87.88956292488263, 25.828764392069615], [87.91664007431939, 25.814964790243607], [87.90456527418007, 25.7699526607978], [88.05451461889953, 25.69083788810383], [88.06012256579345, 25.633170215420535], [88.02683978739219, 25.587273871142713], [88.0760806510117, 25.480916818953233], [87.93188225916413, 25.536564353352674], [87.88508697563691, 25.516328752036884], [87.86930412118545, 25.46578279370192], [87.78722293916195, 25.445045010143986], [87.76496357904358, 25.405461154916566], [87.78975416115287, 25.332914126693368], [87.86068705415823, 25.29006157615902], [87.82842646445391, 25.23491289924499], [87.84226451497517, 25.1998605813248], [87.58604743570976, 25.348818360817745], [87.5292275347112, 25.341828888695566], [87.55343735809433, 25.33137476937913], [87.54568703863862, 25.282093067092763], [87.48750945867398, 25.295614768975828], [87.478092017721, 25.195194773406207], [87.32955220105309, 25.22354944728288], [87.2971249367286, 25.08983588455079], [87.21741945600502, 25.090141709361504], [87.15284539308479, 25.02489238476725], [87.16407208169821, 24.8863480599373], [87.08454214568023, 24.823006631200297], [87.10262854282544, 24.80226977643005], [87.05631950821933, 24.607732094302044], [86.93607526842224, 24.64371082232855], [86.90404355826685, 24.587474108202386], [86.91711194591136, 24.539664649255005], [86.80631291628383, 24.56552307517738], [86.78320404381441, 24.620617035376384], [86.67454324186434, 24.56151900178722], [86.60914284582853, 24.605866265996735], [86.51196764214234, 24.518554912355505], [86.45251437286767, 24.369439075408362], [86.2855215008349, 24.46281481380844], [86.32927116767, 24.584791708235347], [86.13986336576993, 24.604120931135363], [86.13107910564327, 24.705635632982748], [86.09327156335115, 24.74673938294967], [86.04580477927051, 24.741700744730608], [86.05732676794517, 24.779889183804226], [85.95709379527773, 24.73246860439389], [85.88467216735738, 24.80052423840812], [85.7437418527738, 24.822778650830372], [85.70360211695231, 24.713693283002485], [85.6564984794236, 24.687259629017877], [85.67158873515368, 24.58227992771697], [85.58352872735296, 24.60327990140705], [85.52525792176348, 24.524872359268404], [85.50142907208188, 24.55090040650867]], [[87.82150482007768, 25.81127688269413], [87.79525752471206, 25.84251885171925], [87.79525752471193, 25.842518851719202], [87.82150482007768, 25.81127688269413]], [[87.82699486815619, 25.79804732519466], [87.82699486815618, 25.798047325194602], [87.82852218345617, 25.786533096872056], [87.82699486815619, 25.79804732519466]], [[87.82108754089455, 25.856059751103942], [87.8156937381795, 25.86750494715244], [87.8166343394037, 25.862001948178218], [87.82108754089452, 25.856059751103903], [87.81625592296716, 25.845215954687966], [87.81670890632958, 25.84405044127469], [87.82108754089455, 25.856059751103942]], [[87.80968155493947, 25.777365820034156], [87.80968155493952, 25.777365820034163], [87.81195318532166, 25.778471126291223], [87.80968155493947, 25.777365820034156]], [[87.8083455769082, 25.881568352663514], [87.80834557690815, 25.881568352663518], [87.80445890320516, 25.87789931475171], [87.8083455769082, 25.881568352663514]], [[87.8072905999926, 25.767334163650844], [87.80729059999257, 25.767334163650848], [87.80660371582061, 25.766892013432255], [87.8072905999926, 25.767334163650844]], [[87.80680965440926, 25.776846499036964], [87.80514590517222, 25.76769287651159], [87.80680965440929, 25.77684649903697], [87.80680965440926, 25.776846499036964]], [[87.80666601682532, 25.869996590610967], [87.8022748945077, 25.872611167462463], [87.80414374379012, 25.870692735835444], [87.80666601682532, 25.869996590610967]], [[87.79149109942375, 25.747569848117337], [87.78344086646392, 25.7575673849029], [87.79149109942371, 25.747569848117358], [87.78896651631163, 25.74668676753383], [87.79149109942375, 25.747569848117337]], [[87.7894543628756, 25.76053793773707], [87.78945436287563, 25.76053793773707], [87.79068920826812, 25.761310903293854], [87.7894543628756, 25.76053793773707]], [[87.77888847448314, 25.748431541537073], [87.77888847448313, 25.748431541537137], [87.77829350548544, 25.74928058290102], [87.77888847448314, 25.748431541537073]], [[87.77340760827124, 25.754014345536316], [87.77340760827127, 25.754014345536234], [87.7742880909255, 25.753577278558524], [87.77340760827124, 25.754014345536316]], [[87.75492667721501, 25.750859291326904], [87.754926677215, 25.75085929132689], [87.75685853588857, 25.75126720263402], [87.75492667721501, 25.750859291326904]], [[87.72740086236786, 25.760736674539373], [87.73153946958982, 25.76345311666271], [87.7274008623678, 25.760736674539398], [87.72740086236786, 25.760736674539373]], [[87.71237131160059, 25.76238627143154], [87.71126004920185, 25.756215975120963], [87.70961402314705, 25.754581754699483], [87.711260049202, 25.75621597512105], [87.71237131160069, 25.762386271431524], [87.71788337295375, 25.763164756887175], [87.71237131160059, 25.76238627143154]], [[87.70959797537488, 25.754565822025185], [87.7097123430425, 25.75300726992384], [87.70959797537495, 25.754565822025256], [87.70959797537488, 25.754565822025185]], [[87.70032108729932, 25.750855409806707], [87.70353558642206, 25.746407080627637], [87.70414728362158, 25.747481640208832], [87.70032108729932, 25.750855409806707]], [[87.69228306243542, 25.74801864681924], [87.68919919933391, 25.746136289132004], [87.70276965420177, 25.74506157862679], [87.69228306243542, 25.74801864681924]], [[87.68759719211488, 25.745158440730666], [87.68366014602354, 25.723400415675993], [87.68555970055095, 25.71929745203368], [87.68381593875624, 25.71798215981115], [87.68555970055098, 25.719297452033686], [87.68759719211488, 25.745158440730666]], [[87.68225167567569, 25.71547185663631], [87.68436288472664, 25.706108335393754], [87.68508265124835, 25.69890734174269], [87.68436288472674, 25.70610833539382], [87.68225167567569, 25.71547185663631]], [[87.67153670623503, 25.69684852234326], [87.67153670623492, 25.696848522343245], [87.66906758159175, 25.688606633970192], [87.67153670623503, 25.69684852234326]], [[87.65470183845181, 25.683896008374855], [87.65037393046498, 25.680505642299124], [87.65470183845184, 25.68389600837486], [87.65470183845181, 25.683896008374855]], [[87.63926715707738, 25.69171537706475], [87.63926715707731, 25.691715377064792], [87.6336734400065, 25.68801917024758], [87.63926715707738, 25.69171537706475]], [[87.61778373126293, 25.68072942664503], [87.62070207501606, 25.681875078354885], [87.61778373126289, 25.68072942664503], [87.61778373126293, 25.68072942664503]], [[87.61147751148735, 25.680812693790585], [87.61309982324556, 25.68079127283253], [87.61147751148734, 25.680812693790593], [87.61147751148735, 25.680812693790585]], [[87.60931944666086, 25.68228501743104], [87.60646375906758, 25.684233289003714], [87.60646375906755, 25.684233289003704], [87.60931944666086, 25.68228501743104]], [[87.59875586034498, 25.6873656344895], [87.59833268809997, 25.687492773174085], [87.5983326880999, 25.687492773174085], [87.59875586034498, 25.6873656344895]], [[87.58429508969874, 25.684312599697876], [87.58666316801046, 25.68497861726231], [87.58429508969868, 25.684312599697883], [87.58429508969874, 25.684312599697876]], [[87.57712593602622, 25.661825026127303], [87.57712593602618, 25.66182502612735], [87.57491613646623, 25.65673129913074], [87.57712593602622, 25.661825026127303]], [[87.57441784282537, 25.68241218111274], [87.57433443663797, 25.68477554490303], [87.5744178428253, 25.68241218111274], [87.57441784282537, 25.68241218111274]], [[87.57133148624028, 25.659462580584005], [87.56632640879658, 25.659088985217753], [87.57144805751541, 25.659326176906433], [87.57133148624028, 25.659462580584005]], [[87.57122125652836, 25.681678685374607], [87.57122125652836, 25.681678685374614], [87.5677110018034, 25.68333779501862], [87.57122125652836, 25.681678685374607]], [[87.56006117873773, 25.68609750474158], [87.55606743780868, 25.68452695286888], [87.56256921487592, 25.68576804266366], [87.56006117873773, 25.68609750474158]], [[87.5557197698271, 25.681147781750177], [87.55571976982705, 25.68114778175016], [87.55540786087869, 25.679831258848537], [87.5557197698271, 25.681147781750177]], [[87.55477498507877, 25.667429689419926], [87.55477498507877, 25.66742968941993], [87.55182928355933, 25.669183056748672], [87.55477498507877, 25.667429689419926]], [[87.55115005805847, 25.669587351547104], [87.54409442881119, 25.667500738207995], [87.55115005805851, 25.66958735154708], [87.55115005805847, 25.669587351547104]], [[87.54189167706937, 25.68526185342524], [87.53551802032128, 25.68334264198326], [87.54189167706937, 25.68526185342523], [87.54189167706937, 25.68526185342524]], [[87.54081701449094, 25.674310261651975], [87.54081701449087, 25.674310261652067], [87.53926411937731, 25.67080649700364], [87.54081701449094, 25.674310261651975]], [[87.54052478191619, 25.666615280753717], [87.54052478191626, 25.666615280753724], [87.53914668152129, 25.668450293028297], [87.54052478191619, 25.666615280753717]], [[87.53402995211422, 25.681827961340787], [87.53402995211424, 25.681827961340804], [87.53327508083144, 25.681693545539442], [87.53402995211422, 25.681827961340787]], [[87.53213334615413, 25.35155512615313], [87.53213334615411, 25.351555126153162], [87.53143250479879, 25.34920929278581], [87.53213334615413, 25.35155512615313]], [[87.53212909861695, 25.67909087085112], [87.53203531628606, 25.67293919494172], [87.53122378520204, 25.681175272524847], [87.53212909861695, 25.67909087085112]], [[87.53074184498846, 25.355574880597594], [87.53169351281647, 25.352825712234942], [87.52944230882117, 25.35349605004216], [87.53074184498846, 25.355574880597594]], [[87.50421963322331, 25.349895674486884], [87.52816885375032, 25.347625294055526], [87.48943969460508, 25.366879809375796], [87.50421963322331, 25.349895674486884]], [[87.49283708558224, 25.667697270781076], [87.49283708558221, 25.667697270781048], [87.49667470376947, 25.667857701598752], [87.49283708558224, 25.667697270781076]], [[87.47784018155697, 25.365439877813447], [87.4778401815571, 25.36543987781357], [87.46207040143477, 25.36485447066374], [87.47784018155697, 25.365439877813447]], [[87.48350780213119, 25.681933782632257], [87.48350780213119, 25.681933782632267], [87.48263749722737, 25.681959288753255], [87.48350780213119, 25.681933782632257]], [[87.44198277131515, 25.365117840358497], [87.45585146396074, 25.359621453861365], [87.43966831694254, 25.371434148846955], [87.44198277131515, 25.365117840358497]], [[87.43191135261509, 25.676416221081467], [87.43286906870858, 25.67749639773876], [87.43191135261506, 25.676416221081464], [87.43191135261509, 25.676416221081467]], [[87.43237272695268, 25.37389306211582], [87.42727343099467, 25.375361172244524], [87.4299386459779, 25.375830207319055], [87.43237272695268, 25.37389306211582]], [[87.4154173901025, 25.674697797891042], [87.42223506695821, 25.67540809743275], [87.41541739010248, 25.674697797891103], [87.4154173901025, 25.674697797891042]], [[87.36854291696125, 25.422982142075114], [87.38102612443636, 25.40327943825648], [87.41029198785671, 25.390121966988133], [87.36854291696125, 25.422982142075114]], [[87.37981646857108, 25.680733609443706], [87.37981646857116, 25.680733609443678], [87.38255488127298, 25.682683548264954], [87.37981646857108, 25.680733609443706]], [[87.36690728924866, 25.68578344033422], [87.36690728924864, 25.685783440334227], [87.3665264384267, 25.685859613294188], [87.36690728924866, 25.68578344033422]], [[87.35337445977939, 25.682503470755762], [87.3533744597793, 25.682503470755766], [87.34417039953468, 25.682855924657026], [87.3398220928883, 25.681697565960427], [87.35337445977939, 25.682503470755762]], [[87.35742013139414, 25.415067957754612], [87.35306045961879, 25.414591920300264], [87.35742013139412, 25.415067957754598], [87.35742013139414, 25.415067957754612]], [[87.34350824658353, 25.41537280430394], [87.34350824658344, 25.415372804304013], [87.34113777672238, 25.41538176154949], [87.34350824658353, 25.41537280430394]], [[87.3279382224116, 25.408263956960063], [87.3389190811993, 25.414803072259506], [87.32094841896608, 25.407789587040156], [87.3279382224116, 25.408263956960063]], [[87.29678778573201, 25.39900968994766], [87.31068386937537, 25.40327644851224], [87.30614022266116, 25.40259019793956], [87.29678778573201, 25.39900968994766]], [[87.2956309126816, 25.3985667900667], [87.28623718875804, 25.373953204014924], [87.28403600940406, 25.369639731252974], [87.28623718875807, 25.373953204014953], [87.2956309126816, 25.3985667900667]], [[87.28044751466713, 25.362607648984838], [87.27968043138576, 25.362051760156604], [87.28044751466713, 25.362607648984824], [87.28044751466713, 25.362607648984838]], [[87.27851325523807, 25.643307557625633], [87.27458083410787, 25.64665829465442], [87.27851325523802, 25.643307557625615], [87.27851325523807, 25.643307557625633]], [[87.26659522021484, 25.37412441666572], [87.26659522021487, 25.374124416665722], [87.24796248178143, 25.378854180120584], [87.26659522021484, 25.37412441666572]], [[87.27420556205702, 25.64139910387843], [87.27420556205709, 25.641399103878427], [87.27591415467882, 25.64215606818725], [87.27420556205702, 25.64139910387843]], [[87.27578955339322, 25.710718596194624], [87.27589716228671, 25.710184119944365], [87.27578955339322, 25.710718596194635], [87.27578955339322, 25.710718596194624]], [[87.27513938865445, 25.714656123910288], [87.27513938865444, 25.71465612391029], [87.27454825857183, 25.714500439794048], [87.27513938865445, 25.714656123910288]], [[87.2711752066165, 25.565294878972463], [87.26819720228099, 25.557870594905808], [87.27117520661653, 25.565294878972452], [87.2711752066165, 25.565294878972463]], [[87.26353748364511, 25.567937988114238], [87.26353748364502, 25.56793798811417], [87.2711095343972, 25.565317605489756], [87.26353748364511, 25.567937988114238]], [[87.26704799054816, 25.35138395240699], [87.26704799054824, 25.351383952407048], [87.26615715999225, 25.35376516429779], [87.26704799054816, 25.35138395240699]], [[87.25852223877827, 25.66684314855879], [87.26924230653871, 25.650222786204225], [87.25852223877828, 25.6668431485588], [87.25852223877827, 25.66684314855879]], [[87.26114991062013, 25.578214473806725], [87.26114991062012, 25.578214473806685], [87.26564859150365, 25.57252843047676], [87.26114991062013, 25.578214473806725]], [[87.26294199013284, 25.55720196590863], [87.26294199013277, 25.55720196590862], [87.26186786654075, 25.556475452548778], [87.26294199013284, 25.55720196590863]], [[87.25615405022674, 25.6768744999574], [87.26209822841146, 25.669016637298284], [87.26075921425385, 25.668202783654365], [87.25615405022674, 25.6768744999574]], [[87.26147884719961, 25.71690760033093], [87.26147884719957, 25.71690760033094], [87.25836643333014, 25.71255124679027], [87.26147884719961, 25.71690760033093]], [[87.25813761275197, 25.6204951128189], [87.25707501072498, 25.635146333576007], [87.25266116113322, 25.625188158900528], [87.25265708386338, 25.620645203614515], [87.25813761275194, 25.620495112818865], [87.25574592947417, 25.61052073286115], [87.25442781077061, 25.597791401115], [87.25813761275197, 25.6204951128189]], [[87.24376994309898, 25.69634210018569], [87.25317001630405, 25.708367946410377], [87.25293137692191, 25.680362497613125], [87.24376994309898, 25.69634210018569]], [[87.24669532760863, 25.545817626203046], [87.24667395844384, 25.545797820088666], [87.24667395844384, 25.545797820088662], [87.24669532760863, 25.545817626203046]], [[87.23823659405332, 25.37542631569042], [87.2450819966645, 25.377838960456362], [87.23438585795788, 25.37810612077686], [87.23823659405332, 25.37542631569042]], [[87.23513675844009, 25.379453539384087], [87.23513675844008, 25.379453539384095], [87.2346164686472, 25.378519929452168], [87.23513675844009, 25.379453539384087]], [[87.23509080301716, 25.460858795564832], [87.21938413194519, 25.478689147711776], [87.23184858068092, 25.45201761580822], [87.23509080301716, 25.460858795564832]], [[87.23068281987531, 25.4435998453327], [87.2316574447114, 25.451496409274785], [87.2306828198753, 25.443599845332674], [87.23068281987531, 25.4435998453327]], [[87.22950434771315, 25.52388661623587], [87.22675077376188, 25.53446091676969], [87.22350340730004, 25.507667593946046], [87.22950434771315, 25.52388661623587]], [[87.21983040017768, 25.39694593635], [87.22206174252503, 25.39019235198003], [87.22923029768062, 25.385436505005234], [87.22938104859723, 25.383199987401724], [87.22923029768072, 25.385436505005373], [87.22206174252517, 25.39019235198009], [87.21983040017768, 25.39694593635]], [[87.22454279000779, 25.43428278801909], [87.221294038401, 25.430948732317212], [87.22643831434121, 25.4371591109743], [87.22454279000779, 25.43428278801909]], [[87.22118427810769, 25.40771211708416], [87.22331415542972, 25.40032731014095], [87.21992333774054, 25.408812025123265], [87.22118427810769, 25.40771211708416]], [[87.21595164410317, 25.50639249509364], [87.21595164410309, 25.506392495093564], [87.22237609989101, 25.507477250532702], [87.21595164410317, 25.50639249509364]], [[87.21496450945068, 25.49970395148273], [87.21496450945064, 25.499703951482676], [87.21275753222608, 25.48390691219608], [87.21496450945068, 25.49970395148273]], [[87.2140611596748, 25.483097050051068], [87.21441824221858, 25.48130913861447], [87.2144182422187, 25.481309138614414], [87.2140611596748, 25.483097050051068]], [[87.20873779080412, 25.504534511947824], [87.21037449931958, 25.50303459672271], [87.20917272076547, 25.505815097484202], [87.20873779080412, 25.504534511947824]], [[87.20512580001838, 25.415104326460167], [87.20512580001844, 25.415104326460153], [87.20787914984075, 25.422446706895705], [87.20512580001838, 25.415104326460167]]], [[[84.50090693165136, 24.265101459707058], [84.50490974644315, 24.281890023739326], [84.50719832470224, 24.263231031829495], [84.50090693165136, 24.265101459707058]]]]}}, {"id": "4", "type": "Feature", "properties": {"subdivision_id": "CHHATTISGARH", "name": "Chhattisgarh", "n_districts": 18, "area_km2": 130404.84346273752}, "geometry": {"type": "Polygon", "coordinates": [[[82.02372339244903, 18.720319916727355], [81.955591306925, 18.635688643452607], [81.89350276487883, 18.657072112305872], [81.96270682244734, 18.59367080621379], [81.9551033503375, 18.56613599929502], [81.91678320622098, 18.571184369209778], [81.86614576387093, 18.52003051076408], [81.77033613182769, 18.418352527042856], [81.75319790358711, 18.352500844180707], [81.66635813752926, 18.34633029419875], [81.66693643730964, 18.31819729325387], [81.53623697330212, 18.26610496467022], [81.48575584973227, 17.977513112376226], [81.44575192616216, 17.883582936150287], [81.40230431597334, 17.892686808185044], [81.3926489699038, 17.81118494083667], [81.16796146453154, 17.85991609036003], [81.06437321487138, 17.790091462618626], [81.01267135336174, 17.84543803827631], [80.95211496591664, 18.087566410181907], [80.98178742970508, 18.174568724974453], [80.87007678286555, 18.139007267162228], [80.87550657708616, 18.213461299219663], [80.83756657294713, 18.240217944123405], [80.80594237576211, 18.17246963067221], [80.74251570160904, 18.177792769644014], [80.74120357055011, 18.224783534042274], [80.79605505791194, 18.26005043961585], [80.7524952424104, 18.308032965962358], [80.73435363855768, 18.414626326166516], [80.69879281815462, 18.42492961707072], [80.64035842595851, 18.524154243027983], [80.49099932236335, 18.63302909420367], [80.33888581746436, 18.601367195787063], [80.24682597828537, 18.75659517647142], [80.35510358501338, 18.820348614156956], [80.27484038245964, 18.93289596712594], [80.27490708743626, 18.99132721384544], [80.32930252933794, 19.07879412023271], [80.33200963975902, 19.14534540729972], [80.39383893993784, 19.19283249788297], [80.39051025319867, 19.242854204389776], [80.57504616438817, 19.404585552187378], [80.6174378234736, 19.31101798438706], [80.67921069939672, 19.33037864218418], [80.69596988124688, 19.28751850903699], [80.75663214705322, 19.29083074559234], [80.8524298787402, 19.36499352286164], [80.7952816233561, 19.430600920339774], [80.89946563374737, 19.469639464709584], [80.83493924133394, 19.56639325869736], [80.66403419454693, 19.61567946591822], [80.67302461906661, 19.695500576641283], [80.54675079782922, 19.77759158205502], [80.5495095246051, 19.822197162979787], [80.47617827509927, 19.827492480331223], [80.48513152594947, 19.775333346016748], [80.40167126487043, 19.79736909248876], [80.5045460788837, 19.87153480535373], [80.48964303649275, 19.90161306799172], [80.41464329800704, 19.908517453269994], [80.41322920985228, 19.935072463177477], [80.45065715684449, 19.955254603891117], [80.52739929978972, 19.933588538171012], [80.55316170877401, 20.068222491080874], [80.50497036271936, 20.141262665989384], [80.40072178153326, 20.14623053928988], [80.42086947972149, 20.192382879036302], [80.38981539336488, 20.24375888159621], [80.51776728500532, 20.271737081301122], [80.62475603687258, 20.335824654267256], [80.59298425213592, 20.39763213877232], [80.6292575230434, 20.605584352843067], [80.5187697334561, 20.586743480494558], [80.48844185325139, 20.61864085142224], [80.58702065317904, 20.685181989343562], [80.55239891032284, 20.766750320311342], [80.54869716769458, 20.935030863235934], [80.46588640367217, 20.9291750380625], [80.43053246159067, 21.010459790191717], [80.44542653640436, 21.122109509487984], [80.46407944187307, 21.17348780477759], [80.61030134906021, 21.228135259951205], [80.67983642608783, 21.298972232583317], [80.66342402369908, 21.331383496326403], [80.73716431794433, 21.47252867503627], [80.72545830660064, 21.711952974396635], [80.74990567130625, 21.75802324433698], [80.8181671446728, 21.747637820119987], [80.84817370462315, 21.856460994614213], [80.82544623479477, 21.956634322341355], [80.85278711985057, 21.960765275872603], [80.91314083089155, 22.114141348825424], [80.95758576885139, 22.112740971625595], [80.98591729848742, 22.048178457601974], [81.01135122187438, 22.069879253467136], [80.97884033383967, 22.121238034471553], [81.02288666267913, 22.132493497395437], [81.02656027258496, 22.228835504605392], [81.0918052639899, 22.24642870378466], [81.12098886988078, 22.294024540653847], [81.1171739879418, 22.440544539670224], [81.18726519004275, 22.489578499507136], [81.22560286143326, 22.45116305945498], [81.28271427650652, 22.49893640524785], [81.31120928267525, 22.481308512554552], [81.33019264887919, 22.523848890946184], [81.38599326111586, 22.50489663755217], [81.40379597597412, 22.441022146096987], [81.52637032318604, 22.539660052734657], [81.62311870164805, 22.538789097120343], [81.66389014829758, 22.631679883166825], [81.73030772614172, 22.67589088936595], [81.74789628360537, 22.647801403073064], [81.77011964106347, 22.663322671518884], [81.77681833055406, 22.87295439814371], [81.86376386559654, 22.890361693948186], [81.94770395506438, 22.95658348279288], [81.92589736541608, 23.040325776340193], [81.94558317956601, 23.07712299752925], [82.1233759587949, 23.103244839571616], [82.15857298593042, 23.14116175244086], [82.15001013824588, 23.226996653757748], [82.19342192186906, 23.324598101856417], [82.11847674905741, 23.35493573099609], [82.1060652587635, 23.396725027413478], [82.05331276769465, 23.376880196326773], [82.02210949228619, 23.38687971463441], [82.0235608330731, 23.422436112460428], [81.98369310710379, 23.41201103412946], [81.92396183724806, 23.530781180753266], [81.83478247886663, 23.509915006365677], [81.74364584940079, 23.565918115643633], [81.63581079511773, 23.488860766509752], [81.6146140340304, 23.505338863463578], [81.5773305318541, 23.586961348696995], [81.69495953852763, 23.719601515447533], [81.6061651259759, 23.851693733581428], [81.61825281982266, 23.904926246049378], [81.6693528337025, 23.923582195571505], [81.72679592885437, 23.838558643643513], [81.79037770016956, 23.810056949598216], [81.92420060708416, 23.87125361959599], [82.00849089964778, 23.86148236707771], [82.05313444054879, 23.81903165334475], [82.1701543819354, 23.818502603238848], [82.21164992294534, 23.85153021209865], [82.23387449469966, 23.80554420487113], [82.46776270269649, 23.810212822427097], [82.52392879844082, 23.78313059931338], [82.55224091313134, 23.793105893435623], [82.53508160887101, 23.822931052475838], [82.65974605137093, 23.855422927036912], [82.66426613563453, 23.90672291871149], [82.8064166843277, 23.961102724626617], [82.95721651794493, 23.872150996640805], [83.13508902431585, 23.889318509958535], [83.19725342457872, 23.92040434016928], [83.3241366005622, 24.10596635794604], [83.39095772887927, 24.099121264413327], [83.51727024175258, 24.024849747484936], [83.55043340185699, 23.897880662552993], [83.58372201881049, 23.884066279102157], [83.56877539260927, 23.862652259689945], [83.70287642532942, 23.820531961538837], [83.73686313000081, 23.75470753823226], [83.72216694634358, 23.68260496610841], [83.78228141740654, 23.599728049447418], [83.94259880925854, 23.563449033233837], [83.94522575678594, 23.622765717080153], [84.01434185094234, 23.632682799238992], [84.02995087491958, 23.544741751571838], [83.97679220634035, 23.455993346705498], [83.97307353856479, 23.381891622681895], [84.01374830347844, 23.3535553882049], [84.05060648171917, 23.374772460300484], [84.07744271690237, 23.33082901761366], [84.04082053252826, 23.139529256763296], [84.13646019400413, 23.082793829239726], [84.1550647109609, 22.96530133401036], [84.19697969949814, 23.025099007532877], [84.22408911808316, 22.977949293042013], [84.37749154501897, 22.976668821995542], [84.39658057711824, 22.92543104424126], [84.2922470900397, 22.765218734905538], [84.23233922471361, 22.73701087419448], [84.2275564050807, 22.67084936840764], [84.08739439085039, 22.63842659709824], [84.0120856283956, 22.571484311713792], [83.98313247964322, 22.50422058694527], [84.04855312797032, 22.466223425231618], [84.01122046913001, 22.369901094346844], [83.86806101416325, 22.345943026731636], [83.75987984291216, 22.245089886558684], [83.70010603888927, 22.247679933446996], [83.62639899861267, 22.198542608012467], [83.56440370368425, 22.102268389027167], [83.60743668919177, 22.067890626489543], [83.5396015346898, 22.036419383216053], [83.54230457804404, 21.965985161182378], [83.6075902565217, 21.91347431081895], [83.59158444260228, 21.84633396205893], [83.53837644136132, 21.834605857862055], [83.5436869223924, 21.796707196133614], [83.49806548908941, 21.8172435152139], [83.47431896429147, 21.785471992322414], [83.49126984682388, 21.74437999968628], [83.42691572380392, 21.677875121017472], [83.49168078211429, 21.628564744698387], [83.45992125708655, 21.608203238062412], [83.44838729700948, 21.652200677175276], [83.38788352412057, 21.615686491142657], [83.34181409287423, 21.498645380341095], [83.40984202818149, 21.351845333317737], [83.27724240916923, 21.378281546445194], [83.28177979865274, 21.28906270858792], [83.22558681211176, 21.26350686385378], [83.19735384952244, 21.139120009548837], [83.12711770623937, 21.10463664724631], [82.96337088452728, 21.178766413849633], [82.7961775820086, 21.142444046717486], [82.64327972492961, 21.15244394638274], [82.62967202637292, 21.039748967373658], [82.49303835594154, 20.906782954366488], [82.46644473457593, 20.827215959395314], [82.35400150069069, 20.887002525557243], [82.34253094604746, 20.761884804723262], [82.37566399027055, 20.627696651952252], [82.33145848796421, 20.55759385476092], [82.436639281022, 20.429806924838086], [82.40127642710019, 20.339696403841764], [82.43673593283526, 20.2872709729847], [82.38647065213766, 20.149143484914823], [82.39842490914056, 20.06427706990067], [82.60595782278767, 19.990697827885672], [82.7150576658341, 19.995389627839344], [82.7251106561013, 19.87621276833915], [82.70607393246249, 19.832321814728655], [82.65336870304195, 19.830779687223764], [82.59271396410568, 19.77649497478991], [82.59839015648863, 19.871489881446674], [82.44711364595662, 19.90794600411885], [82.34709545411667, 19.835015418338855], [82.23821695171165, 20.002695163487257], [82.1860586442133, 19.982669657322642], [82.065458803192, 20.05418724330391], [82.03197350484785, 20.01439822422564], [81.94887105681802, 20.106337992639677], [81.87408068574713, 20.040169132053425], [81.85720611911779, 19.912399432663076], [81.96797649076488, 19.85929916244839], [81.9877858875749, 19.800472930822718], [82.06748105207554, 19.787913599936285], [82.03014038642611, 19.507093986151837], [82.09980936085695, 19.51520247212025], [82.12708603822097, 19.429462088332556], [82.19084563918253, 19.42325774569377], [82.14864892441786, 19.36761866411344], [82.19100588026203, 19.325535348000436], [82.1595942467901, 19.27136121381313], [82.18669222615408, 19.16499650552231], [82.16770026110362, 19.13265351537791], [82.22004885050525, 19.09685245275963], [82.20204825275503, 19.066570209086883], [82.2475802217284, 18.917146808415424], [82.18076785614808, 18.901925327832668], [82.1692300909328, 18.79776866527584], [82.0895000245551, 18.762663122200298], [82.08670557035353, 18.718958153942378], [82.02372339244903, 18.720319916727355]], [[82.45619040117315, 22.17612437737336], [82.45562668766242, 22.175885281121374], [82.46698328125953, 22.18070155717164], [82.45619040117315, 22.17612437737336]], [[82.44086613275354, 21.739327810978107], [82.4408661375076, 21.739327801696266], [82.44553133223978, 21.743012717693436], [82.44086613275354, 21.739327810978107]], [[81.39209482864241, 19.834280495418046], [81.39362561201233, 19.832731152152107], [81.3935664189261, 19.83279106428192], [81.39209482864241, 19.834280495418046]], [[81.3559153690859, 19.32517805559367], [81.35767007908554, 19.323441106067808], [81.35597477438256, 19.32511925380645], [81.3559153690859, 19.32517805559367]], [[81.0139611142251, 19.230146026080885], [81.02992870919037, 19.232148083079583], [81.0299115426971, 19.23214593152032], [81.0139611142251, 19.230146026080885]]]}}, {"id": "5", "type": "Feature", "properties": {"subdivision_id": "COASTAL_AP", "name": "Coastal Andhra Pradesh", "n_districts": 10, "area_km2": 90771.53644056115}, "geometry": {"type": "MultiPolygon", "coordinates": [[[[80.05428259266706, 14.99878993750365], [80.0931553839724, 14.83322085552699], [80.07455064421336, 14.813720716898619], [80.1838783451805, 14.58983036736563], [80.09345922362021, 14.534388302036175], [80.19464612280025, 14.563918059696395], [80.17299117798244, 14.346551381964607], [80.12368686257395, 14.242452740800879], [80.14406892501455, 14.017501331415978], [80.24946577556992, 13.788387038350447], [80.23675674280719, 13.655791516791203], [80.2696929683849, 13.563152697504124], [80.24180669744818, 13.467971637098627], [80.12624668261974, 13.50725765431237], [80.08046588712737, 13.491108165528631], [80.08526886355139, 13.546956761374016], [80.04200309276749, 13.536560453358458], [80.04665182795033, 13.575433145331571], [79.96853962037967, 13.652366711048268], [79.95866670633487, 13.706817627815228], [79.87152751734153, 13.707526308228253], [79.85294956089496, 13.767103741243888], [79.88312178881567, 13.855008096006939], [79.84272376917109, 13.855516732239764], [79.81189212878473, 13.924149753022323], [79.7718909976428, 13.849482120215905], [79.68188365199542, 13.922845531663006], [79.6704830388482, 13.83447627112166], [79.61560619114523, 13.848689423984213], [79.58908423378966, 13.918590488772235], [79.44445912833486, 13.888928242378817], [79.42907828491329, 14.248748878008678], [79.3174532416581, 14.469258670283168], [79.17938688168788, 14.62177960034737], [79.17691186008088, 14.713846831671573], [79.07301273307888, 14.961754358047358], [79.06807540367538, 15.176303655385626], [78.97060922510607, 15.172305363057221], [78.94955215346559, 15.23713168700175], [78.92322073201251, 15.196416032183079], [78.7500009219101, 15.182395161354853], [78.77509815324784, 15.678798975702836], [78.81269269507898, 15.874786647395997], [78.92112993356191, 15.999919253943524], [78.91563147699078, 16.197761319244353], [79.02781546956248, 16.251089330427988], [79.18452601359056, 16.22424141115106], [79.22666891606546, 16.24678456768323], [79.23300240224975, 16.51493733910873], [79.27384279409837, 16.568170900303418], [79.4345235036458, 16.589430778570417], [79.78312142633945, 16.73674109037182], [79.95106105564257, 16.640285444495902], [80.05639964443674, 16.75279084621582], [80.07812986317538, 16.821152379234892], [80.00001661600582, 16.870579053800586], [80.01786327577298, 16.914541305206864], [80.05417132086613, 16.97253785357538], [80.14223519872323, 16.992704424989704], [80.19047938756862, 17.052244815257612], [80.20966733341469, 17.02053762180423], [80.27064596090239, 17.018122841478622], [80.381674637925, 16.81912742914696], [80.40843058055096, 16.85774571761023], [80.46521856674029, 16.798232547178728], [80.57171872092674, 16.771242561788085], [80.61302657346508, 16.796197078448706], [80.56345065789252, 16.833080061074007], [80.59296133863373, 16.934673929850025], [80.50000341004204, 16.956148571828255], [80.4965496273385, 16.925454870299646], [80.36683485290453, 16.978346084586214], [80.39862897788832, 17.083776918262227], [80.4548544928862, 17.02479401519312], [80.50469129473974, 17.115546778015297], [80.56877597727471, 17.14575675358528], [80.66537037351364, 17.095729213747273], [80.64831899253919, 17.063124296469493], [80.73450193526324, 17.072725718479987], [80.84135671464699, 17.034061067512134], [80.87910216331736, 17.154499088110292], [80.92212595864353, 17.154200439692815], [80.91412340496875, 17.209421884335807], [81.00010207642293, 17.18801268795398], [81.1716587056112, 17.241052295432304], [81.19035496880272, 17.33054905423365], [81.2760238512297, 17.32846014793277], [81.33351895021218, 17.399057934750765], [81.4245203944793, 17.370225742168678], [81.50225396073573, 17.457367574633377], [81.53248299109237, 17.578061003251936], [81.51165908750184, 17.59816262347037], [81.58527264217466, 17.734212304221973], [81.79097232970487, 17.84015486164238], [81.76685905801753, 17.901406537696957], [81.80958819910752, 17.944102024571073], [81.96031194715918, 18.00021954369727], [82.0331627788944, 18.065971631545438], [82.16886641341833, 18.05190704169181], [82.25028333134364, 17.988297723283235], [82.27582656410058, 17.994997947968386], [82.27547422801563, 18.05670690756796], [82.34486748772767, 18.055790420907282], [82.34184918047528, 18.15071563560492], [82.37363208061903, 18.148045471421344], [82.31453406219835, 18.203845633723652], [82.40138430603183, 18.314514924060774], [82.3428010086582, 18.325108091266834], [82.39275863549408, 18.377056507627188], [82.3695950428836, 18.417738798701453], [82.48223879276178, 18.544550206469047], [82.53137584557632, 18.51177796570058], [82.53843567933286, 18.442303429339642], [82.5620460483542, 18.44566601544054], [82.54347394025041, 18.397654001369702], [82.60882036488402, 18.37692868392197], [82.5891167954811, 18.27849509896595], [82.63527810120591, 18.23727795452559], [82.66718526356722, 18.29506440211048], [82.7753766020335, 18.33958102277722], [82.8074203728047, 18.44771936488114], [82.89286703199996, 18.421232842253538], [82.91103554155113, 18.364522175378518], [83.06162961648673, 18.38405018538702], [83.06802801973055, 18.437275975473938], [83.02361844666075, 18.45299313308027], [83.09746277912643, 18.546379047764333], [83.04061564714056, 18.556268278339246], [83.05776440171832, 18.622148436126622], [83.08386873983898, 18.611784307027506], [83.09213590746464, 18.66399548447299], [83.21307011701799, 18.724091662700005], [83.22737610673954, 18.7739615945884], [83.27407317587108, 18.765224600849933], [83.41860493452441, 18.8649484177497], [83.35803538753487, 18.923912315877317], [83.38808855985098, 18.931288959368374], [83.36891815229626, 18.9613193535954], [83.32777632865748, 18.933751875869348], [83.31312604973203, 18.997461165187246], [83.41665210114462, 19.004073407880355], [83.46328671146625, 18.953632872903597], [83.4563003331948, 19.00755196053035], [83.48573766938335, 19.029091507199666], [83.46716050348834, 19.077459736657772], [83.51314398434073, 19.072618193177505], [83.50317459752029, 19.019038036598772], [83.539147376566, 19.013416899136416], [83.55415751725263, 19.081705391063053], [83.58649559589173, 19.057748822580265], [83.63092909729795, 19.161424424938332], [83.73091370064861, 19.02007684050318], [83.71342289657065, 18.993462891429317], [83.75353425881656, 18.92656656989658], [83.78776625857375, 18.916188784953842], [83.74724996000562, 18.986706157196053], [83.79596389630844, 19.01607069344164], [83.87788537029135, 18.827157373140185], [84.0346913201428, 18.811115369202316], [84.08940277475529, 18.753733524361717], [84.22423193252644, 18.79639910717505], [84.31995526234768, 18.78842135622647], [84.35153806660799, 18.821130265788085], [84.34344305047813, 18.875775375385118], [84.36983035480247, 18.860189280760313], [84.35885389332414, 18.89224600541742], [84.39501834189156, 18.886763970308404], [84.37271415341645, 18.905287855850187], [84.43672900000429, 18.922729472040505], [84.42244394751998, 19.022686541243864], [84.47893513414367, 18.990167783677546], [84.57332142258684, 19.073893182098384], [84.59731464626337, 19.022357955308173], [84.61987816695999, 19.063738334340655], [84.67171373623142, 19.07521838946061], [84.59899847674023, 19.132589293630915], [84.71229117015997, 19.15778925583014], [84.70463539473187, 19.117670746374955], [84.76858190526677, 19.08002272819376], [84.75544750263073, 19.054767966461355], [84.59783263519675, 18.874694074161848], [84.55749045133543, 18.87405733901302], [84.58305482156565, 18.85710795946148], [84.55359310500054, 18.783314891123645], [84.41113932859555, 18.666147971142195], [84.44136283363943, 18.65489692826467], [84.27416796667985, 18.511627669046913], [84.34906552312026, 18.54837565855472], [84.13658983279129, 18.35064568504671], [83.99266813805137, 18.358265141065026], [84.05859717915, 18.325194066094333], [84.11944321386747, 18.339042206396236], [84.11836499765757, 18.301004972086282], [83.55604271694801, 18.019392293668886], [83.55425632733704, 17.96256268083158], [83.44599899563806, 17.920414707436066], [83.4534242074067, 17.88015332531142], [83.4036745425023, 17.84359547909041], [83.41626175727312, 17.80735094888322], [83.34027589925606, 17.71416673648851], [83.24134713911137, 17.625321767531137], [83.19815682253393, 17.638064755997473], [83.23105691761387, 17.615781499813465], [83.21887706841409, 17.591032334717667], [82.62304481478822, 17.29501482212998], [82.30585985424732, 17.02959647646243], [82.24948904099934, 16.89087659536565], [82.31585915929507, 16.839910077790503], [82.35210906942389, 16.849304815969443], [82.36298645198669, 16.818499766718134], [82.36602655871476, 16.92803511541288], [82.3368169717203, 16.983479361780134], [82.36787405558911, 16.939665842807976], [82.37546057084631, 16.87947466566383], [82.35045893607236, 16.721457761806622], [82.32022276785769, 16.724599695694533], [82.33992785246241, 16.68863875025988], [82.36787279859591, 16.701766405467115], [82.32376662349148, 16.650806355032117], [82.33231747270553, 16.579799117900784], [82.32246086342091, 16.623819256792384], [82.28978294614924, 16.620387337409387], [82.29821832890639, 16.570484042781132], [82.26347196858698, 16.5581658235086], [82.31323293559015, 16.554776275081377], [82.14933708714578, 16.48717126461112], [82.18019115640934, 16.561080307488055], [82.14070961330187, 16.484391310767364], [81.96752822404747, 16.396223423237075], [81.96494158632673, 16.437372211333116], [81.94513857686582, 16.394343995831353], [81.72579347796353, 16.30744291720423], [81.73499373193643, 16.348920940495606], [81.72480649016214, 16.355718937177326], [81.70875389789781, 16.302760006680145], [81.5728195548537, 16.34803376818225], [81.54953196327139, 16.39028662691794], [81.52863424204162, 16.350757948588953], [81.40321464180143, 16.33694845945737], [81.40855772600904, 16.38138698464686], [81.31275634885941, 16.36021510825744], [81.2460772087803, 16.304391526765013], [81.26644747974359, 16.290032375247318], [81.24138055168343, 16.260652936197445], [81.26711898836315, 16.27071583627698], [81.21154596439858, 16.20486659730818], [81.15285244166351, 15.974766278082479], [81.10882406587494, 16.005124406962786], [81.08375419374093, 16.001891590743664], [81.1406051898333, 15.962168381335937], [81.00997917217408, 15.849202446764275], [81.00871517827765, 15.763731828877505], [80.95679237723363, 15.806923827500386], [80.93999437926735, 15.807177021326371], [80.98941256588745, 15.764172308630922], [80.94549583389302, 15.728157873097317], [80.86848381983513, 15.823247246376106], [80.91629771860545, 15.72871881260333], [80.80467725936055, 15.71488792561619], [80.80774129171787, 15.835502235192392], [80.73054240949041, 15.886190161523807], [80.49823466999081, 15.857117422355419], [80.52123289479604, 15.84594344802009], [80.34516706696198, 15.752167118038347], [80.25168985490161, 15.639944425669922], [80.22231519055934, 15.545013094218094], [80.17548848131491, 15.573256469479286], [80.13466918330654, 15.55709534558418], [80.18555031367231, 15.5597001301365], [80.21349251731579, 15.531207495066496], [80.1839637062626, 15.490694723059482], [80.21014687448947, 15.495086425118673], [80.10270710751948, 15.334151340663215], [80.08376246246276, 15.19529816590037], [80.03021468940437, 15.210775900644341], [80.07365588541269, 15.181858930820122], [80.05428259266706, 14.99878993750365]], [[83.79886302570702, 18.879431387305914], [83.82273591253515, 18.85240555266836], [83.82272888398383, 18.85413493929794], [83.82188469339951, 18.858522494786165], [83.81963403223564, 18.8619547956679], [83.79886302570702, 18.879431387305914]], [[83.79970330364795, 18.825880937135796], [83.79970330364807, 18.825880937135935], [83.78418167887689, 18.826752084366632], [83.79970330364795, 18.825880937135796]], [[83.78360421712782, 18.898973452980197], [83.78360421712779, 18.898973452980215], [83.78466595995576, 18.897891319794425], [83.78360421712782, 18.898973452980197]], [[83.76698174055987, 18.82141149585205], [83.77513695991497, 18.826112802707318], [83.77580691040582, 18.826162925717085], [83.76698174055987, 18.82141149585205]], [[83.74966303612374, 18.77607287106686], [83.75576489540633, 18.789575843845423], [83.75628123513927, 18.794683303335127], [83.74966303612374, 18.77607287106686]], [[83.72905498099504, 18.78319203468419], [83.71038143974887, 18.79075111811535], [83.72905498099503, 18.783192034684145], [83.73787274533592, 18.778627178665815], [83.74821022740421, 18.77483347596331], [83.737872745336, 18.778627178665886], [83.72905498099504, 18.78319203468419]], [[83.68499857535886, 18.80400183357932], [83.6849985753588, 18.804001833579274], [83.69237914679175, 18.799827414868087], [83.68499857535886, 18.80400183357932]], [[83.63727642939705, 18.774016360774223], [83.64732606700015, 18.77978168291466], [83.64817853816977, 18.780477233076986], [83.63727642939705, 18.774016360774223]], [[83.64476472292343, 18.110542152203628], [83.64476472292341, 18.110542152203607], [83.64693210104149, 18.108038514932723], [83.64476472292343, 18.110542152203628]], [[83.6414709817424, 18.112164238125036], [83.64147098174237, 18.112164238125047], [83.64058942162009, 18.11206004657311], [83.6414709817424, 18.112164238125036]], [[83.58471374686933, 18.754285045438728], [83.61516384409684, 18.76624378688516], [83.62114407351733, 18.768136615327283], [83.58471374686933, 18.754285045438728]], [[83.60627313087173, 18.562063934967966], [83.60627313087177, 18.562063934967988], [83.60298756405606, 18.561846889346782], [83.60627313087173, 18.562063934967966]], [[83.60949205091275, 18.519806688571975], [83.58452897641274, 18.508820428945768], [83.59396562297651, 18.511353137940137], [83.60213721189419, 18.514585954418187], [83.60949205091275, 18.519806688571975]], [[83.60792844156758, 18.529824371430525], [83.60792844156754, 18.52982437143055], [83.60841188807164, 18.526727041671155], [83.60792844156758, 18.529824371430525]], [[83.60370878463578, 18.167600323177567], [83.60370878463578, 18.16760032317749], [83.60760083586018, 18.170641530767536], [83.60370878463578, 18.167600323177567]], [[83.589536883772, 18.459490129384257], [83.59342560058303, 18.462022506627974], [83.59342560058303, 18.46202250662799], [83.589536883772, 18.459490129384257]], [[83.58573714519706, 18.45738039396208], [83.58680064805459, 18.457708261122587], [83.5868006480546, 18.457708261122594], [83.58573714519706, 18.45738039396208]], [[83.57516624488755, 18.201624999421142], [83.57665316725648, 18.199732529000023], [83.57516624488761, 18.201624999421174], [83.57516624488755, 18.201624999421142]], [[83.57657710430459, 18.225110054906317], [83.57657710430453, 18.225110054906395], [83.57604449485257, 18.222241056507208], [83.57657710430459, 18.225110054906317]], [[83.57613203987461, 18.203841776294894], [83.57613203987464, 18.20384177629486], [83.57559087799758, 18.205988451623757], [83.57613203987461, 18.203841776294894]], [[83.57457500399784, 18.21730956557724], [83.57457500399784, 18.21730956557722], [83.57471128064849, 18.217622637938607], [83.57457500399784, 18.21730956557724]], [[83.56741601519252, 18.226409743387308], [83.56741601519242, 18.226409743387304], [83.56336844121232, 18.22536346144821], [83.56741601519252, 18.226409743387308]], [[83.57198205529579, 18.739956252021262], [83.55796324453547, 18.733992640529607], [83.5579632445354, 18.733992640529568], [83.57198205529579, 18.739956252021262]], [[83.56832754750283, 18.44984297568864], [83.56890502688036, 18.450486887079787], [83.56725702464084, 18.446276694078303], [83.56832754750283, 18.44984297568864]], [[83.55972926750601, 18.431222974787463], [83.55972926750599, 18.431222974787488], [83.55617083246868, 18.430683105113527], [83.55972926750601, 18.431222974787463]], [[83.56129271176917, 18.56737900604805], [83.56129271176914, 18.567379006048057], [83.55890771492572, 18.566329376473814], [83.56129271176917, 18.56737900604805]], [[83.56047510115597, 18.246694725687618], [83.56059426380637, 18.252287040589003], [83.56047510115593, 18.246694725687586], [83.56047510115597, 18.246694725687618]], [[83.55912110745032, 18.22544308352775], [83.56053455583954, 18.225414252202047], [83.5591211074503, 18.22544308352779], [83.55912110745032, 18.22544308352775]], [[83.55767152754666, 18.244503678427673], [83.55767152754657, 18.24450367842769], [83.55605974271353, 18.24261740527713], [83.55767152754666, 18.244503678427673]], [[83.54331549698207, 18.724960917837905], [83.5433154969821, 18.7249609178379], [83.55774536136441, 18.73386891784659], [83.54331549698207, 18.724960917837905]], [[83.55378796513587, 18.429395804431948], [83.5558455653832, 18.4334085202409], [83.55456821490941, 18.431092748037724], [83.55378796513587, 18.429395804431948]], [[83.55282477138411, 18.43823856125499], [83.55282477138412, 18.43823856125495], [83.55314243417266, 18.43631611450189], [83.55327068520467, 18.436922692143355], [83.55282477138411, 18.43823856125499]], [[83.54379422715635, 18.240295269085436], [83.55269430864242, 18.261401396374584], [83.54970270951777, 18.259215859832885], [83.54379422715624, 18.240295269085426], [83.54101722879511, 18.239085719320673], [83.54379422715635, 18.240295269085436]], [[83.54129302125654, 18.549019688993553], [83.54883990104153, 18.559529564295946], [83.54129302125655, 18.5490196889936], [83.53815308238326, 18.5480176636465], [83.54129302125654, 18.549019688993553]], [[83.54889115618734, 18.437087701206956], [83.54889115618738, 18.43708770120702], [83.5478495841353, 18.437320022223748], [83.54889115618734, 18.437087701206956]], [[83.55008877859268, 18.23345266716285], [83.55008877859271, 18.233452667162837], [83.54996520633749, 18.233610934383684], [83.55008877859268, 18.23345266716285]], [[83.54365601931916, 18.438894845506677], [83.5436560193192, 18.43889484550681], [83.54159815059032, 18.43967177982924], [83.54365601931916, 18.438894845506677]], [[83.54233972621586, 18.630104027365686], [83.54251873751164, 18.647328766599003], [83.54339541869912, 18.654745599861155], [83.54251873751161, 18.64732876659906], [83.54233972621586, 18.630104027365686]], [[83.53870332992102, 18.441394618213508], [83.53870332992098, 18.441394618213522], [83.53902130713385, 18.441160381547178], [83.53870332992102, 18.441394618213508]], [[83.53828570241743, 18.27238422997412], [83.53897750763531, 18.27397342986512], [83.53897750763528, 18.273973429865162], [83.53828570241743, 18.27238422997412]], [[83.53812416910252, 18.61247097087393], [83.5381241691025, 18.61247097087397], [83.53610006667729, 18.60969618147409], [83.53812416910252, 18.61247097087393]], [[83.5366520850972, 18.44199427881058], [83.53840933030861, 18.441480566015098], [83.5356272998721, 18.442326211554953], [83.5366520850972, 18.44199427881058]], [[83.53236032762658, 18.265145087606072], [83.53236032762666, 18.265145087605962], [83.53549405699381, 18.268082020029524], [83.53236032762658, 18.265145087606072]], [[83.53334064140276, 18.60591335709427], [83.52403586759846, 18.598889980957665], [83.52403586759846, 18.598889980957658], [83.53334064140276, 18.60591335709427]], [[83.53172058059671, 18.43743991079222], [83.53172058059664, 18.43743991079225], [83.53149067014695, 18.436351230542904], [83.53172058059671, 18.43743991079222]], [[83.52970969467331, 18.43298531818851], [83.52970969467334, 18.432985318188503], [83.53012112934356, 18.433507409229158], [83.52970969467331, 18.43298531818851]], [[83.52812925556253, 18.23834811863856], [83.52812925556253, 18.238348118638555], [83.52825354145497, 18.238307872639904], [83.52812925556253, 18.23834811863856]], [[83.51715565182428, 18.43541823149377], [83.51068225715879, 18.439336417487752], [83.52813613589639, 18.433286689783664], [83.51715565182428, 18.43541823149377]], [[83.52587199714429, 18.69964013028732], [83.52587199714432, 18.699640130287268], [83.52633095041253, 18.701502450121748], [83.52587199714429, 18.69964013028732]], [[83.52546598035474, 18.287666587134485], [83.52546598035474, 18.287666587134492], [83.5248650194877, 18.287677637334784], [83.52546598035474, 18.287666587134485]], [[83.52307254596246, 18.578495819636554], [83.5230984480178, 18.59711684835037], [83.52307254596246, 18.578495819636547], [83.52307254596246, 18.578495819636554]], [[83.52206844274737, 18.256374626910947], [83.52206844274735, 18.25637462691094], [83.5217374593802, 18.25492099839256], [83.52206844274737, 18.256374626910947]], [[83.51983812251677, 18.564876200593687], [83.51983812251677, 18.564876200593602], [83.52135817728677, 18.569391673925292], [83.51983812251677, 18.564876200593687]], [[83.52085784349111, 18.241844617452045], [83.52085784349113, 18.241844617452024], [83.52089284980502, 18.24368707699133], [83.52085784349111, 18.241844617452045]], [[83.51937821612421, 18.25978683475269], [83.51937821612415, 18.25978683475273], [83.51934172568798, 18.25793607264485], [83.51937821612421, 18.25978683475269]], [[83.50991307185757, 18.29132153704643], [83.51362366854366, 18.289732273701876], [83.50991307185753, 18.291321537046453], [83.50991307185757, 18.29132153704643]], [[83.49692553567951, 18.435669517395183], [83.49249772874526, 18.435824826566773], [83.48946816358546, 18.4374424563066], [83.48675001955633, 18.438653633116303], [83.48300095478072, 18.440891385464738], [83.48027445015936, 18.44234113559213], [83.49692553567951, 18.435669517395183]], [[83.49148797339217, 18.289426628916488], [83.49374348914617, 18.29258786769367], [83.4914879733921, 18.289426628916466], [83.49148797339217, 18.289426628916488]], [[83.44732802156962, 18.44422065365089], [83.45209860803129, 18.44806981073401], [83.44940560872328, 18.44803178480106], [83.44800887803535, 18.44605508561841], [83.44732802156962, 18.44422065365089]], [[83.45450992430183, 18.443595105828596], [83.45452851407174, 18.443294612613894], [83.45452851407174, 18.443294612613897], [83.45450992430183, 18.443595105828596]], [[83.47648176123043, 18.437965143508464], [83.46028056779276, 18.44022843114572], [83.46365651168432, 18.438791329936958], [83.46829068134863, 18.437315424355337], [83.47623920263365, 18.437795914703173], [83.47648176123043, 18.437965143508464]], [[83.45342507600911, 17.93160366449092], [83.46284563827628, 17.9346126383923], [83.43682558360233, 17.940546534193206], [83.45342507600911, 17.93160366449092]], [[83.4561545202891, 18.31583355840598], [83.45615452028903, 18.315833558405927], [83.45694169302604, 18.314322139658106], [83.4561545202891, 18.31583355840598]], [[83.44272232480158, 18.38303820982892], [83.4427223248016, 18.38303820982901], [83.44090306610788, 18.382577600964396], [83.44272232480158, 18.38303820982892]], [[83.44404694677291, 18.442730483656046], [83.4390372979495, 18.442803069512628], [83.44190592478901, 18.443133026513554], [83.44404694677291, 18.442730483656046]], [[83.44241870757716, 18.392742329978187], [83.44235516254355, 18.39290915850419], [83.44235516254354, 18.392909158504207], [83.44241870757716, 18.392742329978187]], [[83.43960301225633, 18.40216384450345], [83.43960301225627, 18.402163844503377], [83.44017829834016, 18.40231407083315], [83.43960301225633, 18.40216384450345]], [[83.43992245836377, 18.33970166155202], [83.4399224583637, 18.339701661551942], [83.43967406220719, 18.33912674902753], [83.43992245836377, 18.33970166155202]], [[83.43769061054276, 18.330854822757157], [83.43876879383977, 18.33158702082933], [83.43876879383977, 18.331587020829346], [83.43769061054276, 18.330854822757157]], [[83.43501889993554, 18.330321293326463], [83.43501889993564, 18.330321293326506], [83.43489682675698, 18.33027453469072], [83.43501889993554, 18.330321293326463]], [[83.43439383380242, 18.380716249586055], [83.43587013123263, 18.3818928923705], [83.43408674133859, 18.379711558213295], [83.43439383380242, 18.380716249586055]], [[83.43326136480414, 18.398841279762358], [83.43326136480414, 18.398841279762337], [83.43510263081677, 18.40014981084977], [83.43326136480414, 18.398841279762358]], [[83.42739457010951, 18.43160628147871], [83.4186095411456, 18.422656927917615], [83.41860954114559, 18.42265692791759], [83.42360736093117, 18.4271583119448], [83.42739457010951, 18.43160628147871]], [[83.42739457010951, 18.43160628147871], [83.42747210516886, 18.431697344202096], [83.42747210516886, 18.431697344202103], [83.42739457010951, 18.43160628147871]], [[83.43146771299718, 18.435327237156912], [83.43146771299709, 18.43532723715679], [83.43431931561433, 18.437554167711106], [83.43146771299718, 18.435327237156912]], [[83.43333789767854, 18.37894475429746], [83.43405831769213, 18.379618566701822], [83.43405831769216, 18.379618566701925], [83.43333789767854, 18.37894475429746]], [[83.43114468546555, 18.378601488808695], [83.43294096167752, 18.3785734980911], [83.42892623677332, 18.378841172440413], [83.43114468546555, 18.378601488808695]], [[83.43152783874723, 18.3440941014386], [83.43293049982442, 18.344079889789857], [83.43152783874717, 18.344094101438667], [83.43152783874723, 18.3440941014386]], [[83.43262216520887, 18.370413674107585], [83.43262216520884, 18.370413674107624], [83.4327605924386, 18.36897303585157], [83.43262216520887, 18.370413674107585]], [[83.43175652072193, 18.326133885142553], [83.43175652072193, 18.326133885142525], [83.432143551815, 18.327114569457372], [83.43175652072193, 18.326133885142553]], [[83.42868966829496, 17.94115934912213], [83.4284491543689, 17.940938595267756], [83.43132889157934, 17.941385167139497], [83.42868966829496, 17.94115934912213]], [[83.4298113899135, 18.34911761617394], [83.42981138991348, 18.349117616174], [83.43015028882235, 18.346927179279344], [83.4298113899135, 18.34911761617394]], [[83.43015028882235, 18.346927179279344], [83.4303516137084, 18.34562593738475], [83.4303516137084, 18.345625937384753], [83.43015028882235, 18.346927179279344]], [[83.4303516137084, 18.34562593738475], [83.43035161370841, 18.345625937384682], [83.43071493276173, 18.345152775219788], [83.4303516137084, 18.34562593738475]], [[83.42935021447244, 18.372482841294065], [83.42935021447255, 18.372482841294016], [83.42976605022233, 18.37231020552732], [83.42935021447244, 18.372482841294065]], [[83.42799387905045, 18.377511931549947], [83.4279938790504, 18.37751193155009], [83.42744189891353, 18.37633971486891], [83.42799387905045, 18.377511931549947]], [[83.4189824998035, 17.928899047519426], [83.41898249980352, 17.928899047519565], [83.40595006153185, 17.922167596318783], [83.4189824998035, 17.928899047519426]], [[83.40615742802414, 18.024978237569524], [83.41766965265106, 18.006335019022615], [83.417298353322, 18.00114046974964], [83.41781033903071, 17.99298698546551], [83.416899008912, 17.987969141222145], [83.41781033903084, 17.99298698546562], [83.41766965265111, 18.00633501902263], [83.40615742802419, 18.02497823756954], [83.4088102921037, 18.038266052627957], [83.40615742802414, 18.024978237569524]], [[83.41419181461754, 18.41543319062481], [83.41419181461754, 18.415433190624807], [83.41427390559464, 18.415591893289875], [83.41419181461754, 18.41543319062481]], [[83.3974195282109, 18.051894154476262], [83.40890657384398, 18.038748314032997], [83.38586319713345, 18.052122948648773], [83.3974195282109, 18.051894154476262]], [[83.38421415910372, 17.912961004365396], [83.4050718252824, 17.904075935511514], [83.38166739054608, 17.917168289145817], [83.38421415910372, 17.912961004365396]], [[83.39922753316223, 17.968534790241527], [83.39951315964817, 17.959156277906345], [83.39922753316233, 17.96853479024162], [83.40113032857433, 17.970838497801324], [83.39922753316223, 17.968534790241527]], [[83.39355744717602, 17.947086863026357], [83.3958996129609, 17.950667247503578], [83.38845566184186, 17.94433967344279], [83.39355744717602, 17.947086863026357]], [[83.38720226857201, 17.943664751095106], [83.38720226857197, 17.94366475109508], [83.38368546118147, 17.937269618571108], [83.38720226857201, 17.943664751095106]], [[83.3573669271757, 18.055027557523072], [83.36506947423271, 18.056231269256784], [83.35913183947906, 18.056275102861605], [83.3573669271757, 18.055027557523072]], [[83.3493318854848, 18.047123017548294], [83.33699458786998, 18.044177653035547], [83.33699458786994, 18.044177653035494], [83.3448066431279, 18.045141957115412], [83.3493318854848, 18.047123017548294]], [[83.32386524787171, 18.031268986406758], [83.31945674180025, 18.026744724621405], [83.32940499247263, 18.03514755857514], [83.32386524787171, 18.031268986406758]], [[83.23907415635688, 17.94747710297064], [83.2970314355218, 17.97741679325521], [83.28172822052028, 17.970703840180022], [83.23907415635688, 17.94747710297064]], [[83.26989305738886, 18.238589845712973], [83.27186155924866, 18.217025247539176], [83.27403659842173, 18.22503602207496], [83.27197844948262, 18.231777053167207], [83.26989305738897, 18.238589845712966], [83.27173741345365, 18.260167438501753], [83.27154431797851, 18.261932564861976], [83.26989305738886, 18.238589845712973]], [[83.22143194970259, 18.30081879709648], [83.26846443875769, 18.27502574708502], [83.27030244554804, 18.26881732773787], [83.26846443875775, 18.275025747085124], [83.22143194970259, 18.30081879709648]], [[83.25948469356229, 18.226381099167497], [83.25990391393289, 18.22587772614469], [83.25692736950909, 18.226633685684106], [83.25948469356229, 18.226381099167497]], [[83.25048828812959, 18.211556698489858], [83.24941150593446, 18.22479897394485], [83.24941150593435, 18.224798973944797], [83.25048828812959, 18.211556698489858]], [[83.24928932365754, 18.20661685709257], [83.25025538013246, 18.21059709660609], [83.24821662217862, 18.204476343915154], [83.24928932365754, 18.20661685709257]], [[83.24028050612291, 17.9023771366888], [83.24719343693414, 17.906689853477946], [83.24028050612293, 17.902377136688813], [83.24028050612291, 17.9023771366888]], [[83.24477156727421, 18.200036342153098], [83.24350370098976, 18.19910000084812], [83.24350370098983, 18.19910000084809], [83.24477156727421, 18.200036342153098]], [[83.22250424081572, 17.869152635215325], [83.23087092218833, 17.868922540647045], [83.2308709221883, 17.868922540647134], [83.22250424081572, 17.869152635215325]], [[83.22970538263884, 17.93938989328373], [83.23047398947863, 17.940636240350134], [83.22970538263883, 17.93938989328376], [83.22970538263884, 17.93938989328373]], [[83.22921618922716, 17.87517817806492], [83.22940819340478, 17.87644809036411], [83.22921618922715, 17.87517817806497], [83.22921618922716, 17.87517817806492]], [[83.15956969119084, 18.33531160639102], [83.17289434855937, 18.309453087346117], [83.18251721966006, 18.3145109750873], [83.21292824385985, 18.333348959765747], [83.22708902971658, 18.334223190510897], [83.21292824385995, 18.33334895976583], [83.17289434855945, 18.309453087346185], [83.15956969119084, 18.33531160639102]], [[83.22561966311201, 18.325825214625524], [83.22682765638054, 18.328205848358888], [83.22408852513118, 18.324010399331307], [83.22561966311201, 18.325825214625524]], [[83.22008853529385, 18.205109258111452], [83.22008853529388, 18.205109258111463], [83.22468638794865, 18.211229445824863], [83.22008853529385, 18.205109258111452]], [[83.21929024841062, 18.312800250861827], [83.21942594454809, 18.304654081516265], [83.22299987144679, 18.32272004837582], [83.21929024841062, 18.312800250861827]], [[83.21910994033678, 18.19312811223393], [83.21843996501282, 18.19034295521334], [83.21843996501286, 18.19034295521334], [83.21910994033678, 18.19312811223393]], [[83.21183831316011, 17.872261008673263], [83.21083017514731, 17.87188646914527], [83.2165719064404, 17.870262409050188], [83.21183831316011, 17.872261008673263]], [[83.2139607255548, 18.19020168640779], [83.21242373070862, 18.190153211788825], [83.21242373070868, 18.19015321178881], [83.2139607255548, 18.19020168640779]], [[83.1678651022581, 17.844294405768586], [83.20021281025315, 17.844661260730625], [83.2038814059634, 17.854858572622756], [83.20412308991905, 17.856678970174404], [83.1678651022581, 17.844294405768586]], [[83.1913215180196, 18.20810563728662], [83.19246759082604, 18.20627042467546], [83.18917206402055, 18.215248285330887], [83.1913215180196, 18.20810563728662]], [[83.15977321809248, 18.179951433154827], [83.16335730723353, 18.183847872759777], [83.15371328808361, 18.177281209319474], [83.15977321809248, 18.179951433154827]], [[83.15159252662299, 18.206137959228872], [83.16318679156241, 18.18498400989301], [83.16262303564724, 18.18874028651635], [83.151592526623, 18.206137959228954], [83.15122859525462, 18.21170580754416], [83.15159252662299, 18.206137959228872]], [[83.16056703507263, 17.840463541761835], [83.16018709533782, 17.839994426361717], [83.16243193057474, 17.841599170261027], [83.16056703507263, 17.840463541761835]], [[83.15799484456016, 18.3381471028423], [83.15579035021337, 18.340501671262746], [83.15846800165752, 18.33764429652692], [83.15799484456016, 18.3381471028423]], [[83.1555811156449, 17.831274452620107], [83.15567449799272, 17.830971157178563], [83.1560125893308, 17.83281005616973], [83.1555811156449, 17.831274452620107]], [[83.15595467935492, 17.83006115939008], [83.14916143099846, 17.836886138970947], [83.15595467935496, 17.830061159389956], [83.15595467935492, 17.83006115939008]], [[83.13784513183998, 18.260481804129917], [83.15557250815837, 18.22588360676307], [83.15293950474815, 18.21544697798506], [83.15557250815846, 18.22588360676309], [83.13784513183998, 18.260481804129917]], [[83.14171720615653, 18.166944721940816], [83.15492790433586, 18.163165114339904], [83.15254771904347, 18.16517168015207], [83.14171720615653, 18.166944721940816]], [[83.14909505467006, 17.836981284408175], [83.13875045164076, 17.869663272307662], [83.13875045164063, 17.86966327230769], [83.14429475904153, 17.843862144459536], [83.14909505467006, 17.836981284408175]], [[83.13848574147953, 18.349094285180488], [83.14757344717921, 18.34463647860097], [83.14508210835328, 18.346272921535785], [83.1384857414796, 18.349094285180513], [83.13597971080685, 18.351213875610995], [83.13143141052383, 18.35289058302629], [83.13597971080672, 18.35121387561101], [83.13848574147953, 18.349094285180488]], [[83.14005242780388, 18.147299281744267], [83.14336925475236, 18.148670149285596], [83.13558255181933, 18.1466753947235], [83.14005242780388, 18.147299281744267]], [[83.13354726781915, 18.166200526043042], [83.13236688367705, 18.165684138810615], [83.13876181494362, 18.166734399723993], [83.13354726781915, 18.166200526043042]], [[83.1331797787133, 17.87092549656272], [83.12601211967232, 17.875255383259585], [83.12414613682951, 17.87002454291821], [83.1331797787133, 17.87092549656272]], [[83.13137819703718, 18.17853991917997], [83.13547726650583, 18.177778268764797], [83.13032625558603, 18.18034979048848], [83.13137819703718, 18.17853991917997]], [[83.09862208814533, 18.35659445675617], [83.12194986076945, 18.349192903482322], [83.12398959150785, 18.34849842329159], [83.12963672980597, 18.35183136291242], [83.12398959150778, 18.34849842329163], [83.12194986076952, 18.349192903482333], [83.12050398337965, 18.35436739260109], [83.11762823919571, 18.35609546289544], [83.10219295121851, 18.35896184665404], [83.09862208814533, 18.35659445675617]], [[83.12913174885398, 18.20367023259348], [83.12882096298938, 18.20232346482214], [83.1290376299639, 18.204460034840675], [83.12913174885398, 18.20367023259348]], [[83.12541905882762, 17.89253037735574], [83.12498205138462, 17.89474476165269], [83.12504526160842, 17.88880148422169], [83.12541905882762, 17.89253037735574]], [[83.12299752055549, 18.14359700866129], [83.12523065315054, 18.14460709105066], [83.12089480637746, 18.141104549899204], [83.12299752055549, 18.14359700866129]], [[83.11944255784317, 17.908375475881655], [83.11496897628462, 17.912905937894806], [83.1209151457957, 17.90594201988133], [83.11944255784317, 17.908375475881655]], [[83.114576635439, 18.136381758858874], [83.11705797182228, 18.137680708509777], [83.10802281858773, 18.134751332321695], [83.114576635439, 18.136381758858874]], [[83.10120104112175, 18.210763885973257], [83.11386929354704, 18.178599068111403], [83.11343047194828, 18.183480332568934], [83.11213846073667, 18.18735937614474], [83.10120104112175, 18.210763885973257]], [[83.11322998143004, 18.174396357607577], [83.11378273281534, 18.17803003510435], [83.10821897871098, 18.160976071959578], [83.11322998143004, 18.174396357607577]], [[83.10812345897324, 18.22271860297663], [83.10812345897324, 18.222718602976556], [83.11264018803912, 18.222345880187397], [83.10812345897324, 18.22271860297663]], [[83.05393936230799, 17.953619034236834], [83.08638138750645, 17.93506504466883], [83.10509764214163, 17.931625655512146], [83.11208219283841, 17.916086132712973], [83.10509764214169, 17.931625655512278], [83.05393936230799, 17.953619034236834]], [[83.10835994431275, 18.153574289472488], [83.10835994431284, 18.1535742894726], [83.10741461617478, 18.156258230859194], [83.10835994431275, 18.153574289472488]], [[83.09806469071735, 18.116372567219187], [83.09806469071742, 18.116372567219287], [83.10098568133554, 18.131476760593408], [83.09806469071735, 18.116372567219187]], [[83.1017286511437, 18.103198322714668], [83.1010019730797, 18.101701162103883], [83.1010019730798, 18.10170116210395], [83.1017286511437, 18.103198322714668]], [[83.07726379512232, 18.404435391069498], [83.08097660684463, 18.387480135977842], [83.09705467831623, 18.404520927062947], [83.10147119458753, 18.414953162757797], [83.08966718388581, 18.41427874656432], [83.07726379512232, 18.404435391069498]], [[83.09318374070455, 18.33413071194452], [83.0980944691826, 18.355295315018573], [83.09590789433395, 18.34991137158812], [83.09318374070455, 18.33413071194452]], [[83.08703730682966, 18.320876587820656], [83.08703730682959, 18.320876587820635], [83.08449443067911, 18.318675590959455], [83.08703730682966, 18.320876587820656]], [[83.07250691943625, 18.368683092502508], [83.07369296357922, 18.33481371980959], [83.07670185669578, 18.323154131915302], [83.07930123905885, 18.317963117344643], [83.08194800282222, 18.317155693833712], [83.07250691943625, 18.368683092502508]], [[83.05784097006537, 18.08690072997853], [83.05490194521683, 18.079064711513006], [83.05490194521684, 18.079064711513013], [83.05784097006537, 18.08690072997853]], [[83.04595134601747, 18.073308484303933], [83.0459513460176, 18.073308484303993], [83.052051633124, 18.07640055079696], [83.05308029412899, 18.07736203085612], [83.04595134601747, 18.073308484303933]], [[83.00928318787237, 17.96847170037197], [83.04644447726119, 17.957411282637022], [83.00282052638492, 17.989322457046306], [83.00928318787237, 17.96847170037197]], [[83.0347819520839, 18.05307174122413], [83.03585482316397, 18.055298132786465], [83.03405324810318, 18.052228985220463], [83.0347819520839, 18.05307174122413]], [[83.01006864817559, 18.02489065469431], [83.00294187161465, 17.990420041355623], [83.02450528905153, 18.041880296299315], [83.01006864817559, 18.02489065469431]]], [[[81.37989536668714, 16.327414977512255], [81.27536218373999, 16.27830194575634], [81.27133914653791, 16.279250632063775], [81.27704388394446, 16.31638931289258], [81.37989536668714, 16.327414977512255]]]]}}, {"id": "6", "type": "Feature", "properties": {"subdivision_id": "COASTAL_KARNATAKA", "name": "Coastal Karnataka", "n_districts": 3, "area_km2": 18468.701512063806}, "geometry": {"type": "MultiPolygon", "coordinates": [[[[75.21566846620628, 13.156816062865934], [75.29549053502858, 13.125870807903693], [75.37705503082849, 13.18137275013785], [75.40856792594917, 13.110271918823894], [75.43393471543233, 13.12009622713126], [75.52288546469913, 13.053060148723615], [75.51595844446469, 12.979036142897261], [75.5549549332065, 12.944843368330663], [75.56295737699298, 12.867738394057785], [75.62322850559225, 12.857163598680177], [75.61448547162203, 12.798193132287102], [75.65974893038711, 12.750452126734535], [75.63360982408516, 12.691874389479693], [75.67280457688253, 12.700490582663225], [75.64292184602635, 12.62960789919294], [75.6726613437408, 12.5549257462365], [75.61793450229156, 12.510411364817717], [75.59267060336742, 12.537143809616738], [75.56620812741814, 12.486666500314815], [75.52900895624488, 12.497618214787918], [75.49156215033436, 12.460100515144822], [75.4361079712705, 12.528147466417916], [75.34277366236843, 12.46091231899835], [75.27233980913577, 12.558258320793975], [75.329488557216, 12.589981174712413], [75.27807758195338, 12.6163723683415], [75.2240913225996, 12.567302029729692], [75.20240515607401, 12.629718466551978], [75.14364991298174, 12.637832061159594], [75.15128421876307, 12.68086115242239], [75.08640918931188, 12.702204974901639], [75.08343707468433, 12.670848753884115], [75.04798576023602, 12.664478963391275], [75.04976961084358, 12.719075820805779], [74.98454889391536, 12.73417042599191], [75.00507209710555, 12.78978561643173], [74.87912920382763, 12.753419019258082], [74.83758558990549, 12.808922305080273], [74.77071216851755, 13.07756088916686], [74.78189526554243, 13.058136034671179], [74.78996013881894, 13.10228302678451], [74.76731720496483, 13.088819680709936], [74.69463020032522, 13.357597573058309], [74.6882336969186, 13.453902771891853], [74.69967472305015, 13.415530155765913], [74.74302654595242, 13.387020426380365], [74.70516702807006, 13.433387969983379], [74.75071016068883, 13.458507280557058], [74.68936499875689, 13.462985413121645], [74.66374949542818, 13.630955776111762], [74.68105553582981, 13.607388404382652], [74.68554810673793, 13.63836965429838], [74.70879738035838, 13.614793074577396], [74.7043764653808, 13.638452676392927], [74.76024546268154, 13.63853060298785], [74.74067074634108, 13.647666295297338], [74.70185528863102, 13.653607440438433], [74.67951209003135, 13.677632574900777], [74.71333208437791, 13.696731271057661], [74.66819928025804, 13.713814398878073], [74.6657035741044, 13.638932111219349], [74.62635758406668, 13.858920905939888], [74.5158027131417, 13.989453236552931], [74.52360232721018, 14.033893279163312], [74.43269313360125, 14.266209120573102], [74.52711421164514, 14.239762198613162], [74.46876524666258, 14.291927805603095], [74.42602752753062, 14.30495906252375], [74.42555043716469, 14.28097320042172], [74.35670329920114, 14.510557839462765], [74.37813796065076, 14.514704303995998], [74.38717566065596, 14.450956539273548], [74.43619939111232, 14.471610915845849], [74.36756608945555, 14.55915834612093], [74.3410317810767, 14.516576878772652], [74.3086579218075, 14.520242245328348], [74.29460498811801, 14.591922708054406], [74.38414207518164, 14.59232046406161], [74.42956288849456, 14.624582498375105], [74.28468677618486, 14.608521900646341], [74.24647263024697, 14.739517113832596], [74.20019610945076, 14.720176077819586], [74.1771603963599, 14.766660134735035], [74.15720613400497, 14.747019397354366], [74.0949557940545, 14.797691393292839], [74.2501454928428, 14.871297338493491], [74.17907781553637, 14.88109890645956], [74.12102617287506, 14.83842071300057], [74.08801970844426, 14.895984126098003], [74.16874642618932, 14.911535121658064], [74.17371845056468, 14.955645694584055], [74.20536209467471, 14.924045744767103], [74.29624375247622, 15.04245547225276], [74.27209132173377, 15.098452905048186], [74.31585171863483, 15.18658552157017], [74.25109193000962, 15.26007550726199], [74.33560189303074, 15.295391063267237], [74.24977673195478, 15.491824717846333], [74.28519472048187, 15.525093104105746], [74.411563487519, 15.475560826273272], [74.42649328037997, 15.397057719037008], [74.54431999633806, 15.417256320419593], [74.61433929558176, 15.358731770065996], [74.65166638247909, 15.39484256095315], [74.76706885184265, 15.416222785835064], [74.8987667473564, 15.299003457738802], [74.90902889969821, 15.25073896270745], [74.82876201314996, 15.133309892395497], [74.8919384102935, 15.098111041824438], [74.8931481004833, 15.044840833866754], [75.08133417630711, 15.072600246318641], [75.06958060696536, 15.015752124938075], [75.10601750966873, 14.93224783458184], [75.07070627673755, 14.918107817651126], [75.07020444698593, 14.83600715001573], [75.09461524408576, 14.80884447986455], [75.05804634852045, 14.811670056647525], [75.07129448104227, 14.779814387000778], [75.01768606224257, 14.711698944204715], [75.05124742671383, 14.648617328792925], [75.0243221482376, 14.5640999130709], [75.06249425562852, 14.54180782463362], [74.99194065044507, 14.475802755297954], [74.97902677761928, 14.55246886322112], [74.90583408645345, 14.52944182262502], [74.89258988959486, 14.479393293402357], [74.92159788634874, 14.461365174451227], [74.87780563405714, 14.449106319861956], [74.94888916169576, 14.402931957887212], [74.94152326680742, 14.36183107780863], [74.97735756694307, 14.320748734125711], [74.91785561619334, 14.313027395280987], [74.9378645978142, 14.249469166589668], [74.88237788817683, 14.217320601991629], [74.87404956217134, 14.243502478016438], [74.85681695689792, 14.213738524418305], [74.73077622269304, 14.267019434735873], [74.74656962989548, 14.150410981547784], [74.66657476298916, 14.187541745804067], [74.62661782912727, 14.164868549816296], [74.67751900213709, 14.03813404099883], [74.66769196927025, 13.984444152600512], [74.71708915931646, 13.906988329268364], [74.82190030939809, 13.908800768322157], [74.86782330277978, 13.859713796284733], [74.90938781802363, 13.861537403035864], [74.93334628965923, 13.77191877061834], [74.99876247746583, 13.739226160860005], [75.01727521667482, 13.63672852775701], [75.06116362404285, 13.601071099696666], [75.03479623527387, 13.573374089363861], [75.04915716771637, 13.540681869513953], [75.15465402975299, 13.449008207316094], [75.1415524223946, 13.388704554110756], [75.08006765303213, 13.344541770366307], [75.21566846620628, 13.156816062865934]]], [[[74.7392399528734, 13.639242494077074], [74.73733572426342, 13.644307496213008], [74.7448883773384, 13.642072737688496], [74.7392399528734, 13.639242494077074]]], [[[74.69375710574202, 13.32683512166063], [74.6944884568643, 13.332445475935256], [74.69694054394283, 13.327823363809188], [74.69375710574202, 13.32683512166063]]], [[[74.68800296658846, 13.33552851449128], [74.68874376296726, 13.341130336563575], [74.69119619688809, 13.336508198661662], [74.68800296658846, 13.33552851449128]]], [[[74.68384934439659, 13.652192535010641], [74.68034120246668, 13.667651709319168], [74.69127738631629, 13.656659293741724], [74.68384934439659, 13.652192535010641]]], [[[74.68197033740222, 13.344218437157311], [74.68487255841437, 13.348605329872964], [74.68516377524192, 13.345196018016448], [74.68197033740222, 13.344218437157311]]], [[[74.66839450789416, 13.3782584173708], [74.67111866533007, 13.385461106653102], [74.67504311096906, 13.376354440921727], [74.66839450789416, 13.3782584173708]]], [[[74.48625784833294, 14.022446071803202], [74.48773728203717, 14.029845436691769], [74.48963290791501, 14.023786284275163], [74.48625784833294, 14.022446071803202]]], [[[74.48366603178594, 14.01022956126145], [74.47608195479727, 14.01482757392951], [74.48528478198615, 14.013161705509031], [74.48366603178594, 14.01022956126145]]], [[[74.46075773472658, 14.275925959403425], [74.47971143764568, 14.264416513535753], [74.45851337965907, 14.272075988639443], [74.46075773472658, 14.275925959403425]]], [[[74.47064409286328, 14.083837123123004], [74.47182902177495, 14.090969882289729], [74.47486393685693, 14.086269565331628], [74.47064409286328, 14.083837123123004]]], [[[74.39236325387154, 14.462924181342824], [74.4010182643767, 14.473044357274338], [74.40231830406739, 14.46327598900277], [74.39236325387154, 14.462924181342824]]], [[[74.39913346795488, 14.310255293918175], [74.39757381710639, 14.318521881043605], [74.4026828713548, 14.315658403987726], [74.39913346795488, 14.310255293918175]]], [[[74.3285414496728, 14.014758074694534], [74.326123793587, 14.022351491362858], [74.33222814244917, 14.015164349073595], [74.3285414496728, 14.014758074694534]]], [[[74.18803992507368, 14.875371766287959], [74.19810774100314, 14.872941615424988], [74.18656889993152, 14.872556237502122], [74.18803992507368, 14.875371766287959]]], [[[74.09737297135489, 14.8379866992374], [74.09650926623354, 14.845637349164262], [74.10038444389127, 14.838426094249082], [74.09737297135489, 14.8379866992374]]], [[[74.09034804063114, 14.874716204966651], [74.09693775186632, 14.872157848732561], [74.09214373119596, 14.868604336060796], [74.09034804063114, 14.874716204966651]]], [[[74.087458102195, 14.834172010029183], [74.09404591652809, 14.83161409331215], [74.08925572683465, 14.82806091927134], [74.087458102195, 14.834172010029183]]], [[[74.0815943303848, 14.788264974196471], [74.08642148665052, 14.795047016385722], [74.08748266780839, 14.789662658425582], [74.0815943303848, 14.788264974196471]]], [[[74.05171208023775, 14.818263459809634], [74.05829979844448, 14.81570723913864], [74.05350875372471, 14.812152971518218], [74.05171208023775, 14.818263459809634]]]]}}, {"id": "7", "type": "Feature", "properties": {"subdivision_id": "EAST_MP", "name": "East Madhya Pradesh", "n_districts": 20, "area_km2": 130056.5073494033}, "geometry": {"type": "MultiPolygon", "coordinates": [[[[81.04343740480222, 22.23736749532147], [81.02288666267913, 22.132493497395437], [80.97884033383967, 22.121238034471553], [81.00625104869803, 22.061367766006843], [80.97047173530359, 22.058190897097752], [80.95758576885139, 22.112740971625595], [80.91789423446482, 22.118851527456886], [80.85278711985057, 21.960765275872603], [80.82544623479477, 21.956634322341355], [80.83867888447001, 21.804886073847463], [80.8181671446728, 21.747637820119987], [80.74990567130625, 21.75802324433698], [80.72545830660064, 21.711952974396635], [80.73716431794433, 21.47252867503627], [80.65517886471288, 21.326995787769224], [80.60002584931584, 21.325351045543652], [80.49227603352091, 21.39797497979041], [80.41012948922399, 21.376782211600702], [80.4180571580612, 21.43840770664955], [80.37596366947359, 21.52294370058653], [80.26689847722491, 21.619934082472394], [80.20702471814374, 21.63441127926518], [80.00001228953757, 21.534369385309745], [79.96789653524873, 21.557594923765574], [79.9222183284218, 21.524076295321446], [79.86343591534649, 21.530451339542264], [79.73888584477218, 21.601854497987016], [79.54271422983032, 21.543442039625752], [79.49462499569682, 21.67312175871043], [79.35493232563611, 21.67777746676405], [79.23449704973297, 21.72265746062508], [79.22569120562743, 21.649623655388776], [79.15355651575035, 21.659261282939163], [79.09374288567766, 21.59796083076631], [79.00000879965862, 21.61742522196615], [78.91869304825127, 21.59100088371033], [78.93727511966792, 21.4861907803028], [78.78989593902477, 21.487813913318433], [78.7774584779003, 21.465823644314305], [78.7517233991626, 21.492508796207762], [78.7293887523546, 21.46303734815564], [78.51351725587278, 21.526848743575556], [78.43493478885746, 21.50015123720672], [78.42741247015564, 21.60021969441273], [78.38430498278818, 21.61687647280708], [78.3467791177769, 21.581116235855948], [78.35051345726075, 21.627921341618645], [78.3947281594207, 21.639398000135607], [78.49879542985188, 21.792129120433373], [78.46964452390235, 21.815187426638005], [78.54134413073334, 21.853052239549335], [78.54194933395878, 21.908099882984732], [78.4674429511881, 21.961438998428164], [78.3900708809894, 21.92641364539754], [78.40219763680808, 22.00512220437395], [78.34724343708662, 22.05473753273834], [78.34507779194114, 22.11020605011817], [78.2781594627929, 22.09125040042578], [78.26727899053591, 22.222317116376562], [78.29497563702553, 22.253178804697853], [78.24902120375361, 22.322869624915956], [78.28312136597162, 22.35228918616226], [78.28699805625081, 22.41637716030055], [78.37970086631498, 22.41934872487955], [78.46121823567142, 22.379931197524687], [78.56139332452436, 22.42323116495008], [78.51450293602886, 22.479905885051814], [78.54842093241919, 22.532074817556065], [78.5006617399718, 22.637296650366988], [78.52701157580667, 22.66515651810426], [78.61472224478153, 22.651976403997534], [78.69355692014145, 22.70769707871952], [78.69713154825214, 22.763820751404847], [78.63284101158588, 22.75994998824301], [78.63766175869151, 22.797573343750297], [78.59009432965351, 22.81580075901488], [78.57169044384702, 22.955577339665627], [78.46861093761811, 22.958414892615988], [78.44232931327872, 22.98505003666563], [78.72965729341874, 23.046431407475982], [78.80030498088361, 23.098040583617298], [78.81506229023415, 23.22028691149144], [78.75713456401479, 23.24828441409502], [78.77024846112604, 23.294701591736548], [78.7244683649626, 23.346434039988175], [78.65357671497361, 23.33812366728209], [78.60004123416043, 23.423031411793133], [78.73531492872654, 23.53116231623911], [78.73314805511805, 23.58077365688489], [78.63943423374845, 23.54765241498828], [78.5373043245431, 23.561455844379708], [78.50376239494456, 23.531934668168766], [78.51357516412583, 23.657300445932098], [78.4689167272513, 23.643149266437067], [78.43344021104726, 23.74447714903514], [78.36859780965746, 23.725679905006377], [78.3461223032773, 23.679544843454494], [78.40034259065727, 23.730923708426076], [78.42871799417081, 23.719061098917166], [78.3986752136249, 23.632409885305883], [78.32385594182438, 23.692184524273152], [78.29024963503525, 23.69860479492137], [78.29269262565292, 23.673708431556957], [78.26905730652827, 23.727917975662674], [78.25192759668958, 23.70641213730136], [78.2376715226729, 23.713966259066733], [78.25735195281061, 23.788460645674498], [78.28660869443371, 23.783819981472828], [78.2638589652344, 23.815260885415483], [78.29850249410558, 23.828326711399473], [78.26220519983426, 23.858720683436577], [78.29302546558468, 23.914455601751715], [78.26492072449399, 23.945896718862535], [78.28876763940146, 23.96506491504932], [78.27810365101998, 24.02875542619792], [78.21190328345789, 24.06793459094953], [78.17554973069026, 24.008969044827996], [78.07515869268886, 24.044138213055696], [78.11865695290541, 24.04972233375507], [78.13544432236304, 24.115744763755497], [78.09658197851701, 24.15561873592764], [78.14296266314615, 24.20218698475074], [78.05910902627566, 24.230401404492724], [78.09568850115235, 24.230405579817624], [78.06909210797332, 24.246346335273536], [78.09719246041288, 24.261090754923767], [78.09272458542257, 24.3190965105424], [78.26683971746695, 24.44934146884785], [78.36709146516122, 24.38126727020388], [78.33206776633449, 24.325139248738385], [78.38844317794961, 24.269501907304186], [78.51166170700125, 24.389467709242858], [78.58475905462099, 24.352644137158126], [78.67546019101047, 24.240703493427866], [78.76671875080974, 24.254200915817226], [78.80866689425044, 24.177689464376723], [78.88536951154036, 24.218841269931684], [78.99451938055837, 24.423623381120557], [78.91530000951097, 24.462360666876688], [78.92054334331264, 24.496393846894016], [78.97317439746789, 24.49253885516099], [78.87986992207854, 24.642379806186806], [78.83552500813893, 24.603256620814452], [78.75613529515762, 24.60039878176323], [78.77404734216512, 24.850913850838932], [78.67522633404381, 24.897580525238787], [78.62888615430506, 24.96002662386871], [78.64886554622584, 25.056544112647067], [78.60408896673547, 25.09289098070204], [78.57142355612805, 25.260115893328898], [78.50370010337349, 25.28873839993564], [78.45139094619688, 25.26483349370469], [78.44214428183165, 25.29738327623429], [78.53213221236838, 25.301402928202318], [78.53225485582739, 25.357856872977262], [78.58333954297625, 25.346791255618008], [78.56827552399261, 25.39052347970529], [78.6358133042404, 25.40129418579611], [78.65998391142013, 25.438817945857025], [78.70870775802943, 25.42369158579632], [78.66376853865992, 25.41496248088007], [78.66512237600013, 25.382831354021842], [78.77165051573687, 25.353294387990434], [78.7504644865038, 25.407550473211465], [78.82030289497865, 25.42529127321718], [78.7624270775912, 25.42869017483699], [78.73913914610765, 25.49544566953489], [78.83731573621944, 25.460532014892138], [78.84165693900339, 25.427320647186075], [78.86462257792451, 25.461988253745044], [78.83580509441619, 25.504792633447337], [78.88353275069593, 25.519124013091034], [78.88191296263821, 25.551809035605995], [78.9383443247134, 25.55453352330145], [78.94316304030428, 25.474878843471146], [78.91070459197856, 25.44181140813534], [78.96764611561476, 25.433783304165114], [78.98597750387587, 25.370950007764986], [78.93605099249572, 25.346743041616765], [78.89986735909501, 25.370218104906616], [78.95682633953507, 25.395079870042448], [78.88215540411562, 25.38255921362862], [78.79054376080992, 25.298111726334582], [78.818955796788, 25.294784568515663], [78.84900131566701, 25.22416219282135], [78.88387704325747, 25.339387462124623], [78.96320931750621, 25.34271119593117], [78.97743929283016, 25.28020736023541], [78.88316612457913, 25.25076263761314], [78.88114409846709, 25.158324651737455], [78.9556517200073, 25.21521080074596], [79.00314407901861, 25.191009644443653], [78.97852225006804, 25.239946307549864], [79.01238750078059, 25.271981429679773], [79.0638476560022, 25.220779148906587], [79.02907775307366, 25.138299561026127], [79.09169504662766, 25.187625920331104], [79.13170875670941, 25.107034308973994], [79.18671590260773, 25.112877390337296], [79.19229684747431, 25.14629116854677], [79.24582736173625, 25.11157492596101], [79.22135847641577, 25.143556414033455], [79.25332506108649, 25.157144885055114], [79.28403134575639, 25.11548242724654], [79.32208614666659, 25.147091192050826], [79.28117163824973, 25.24325256855028], [79.3545571886951, 25.209417392671202], [79.34772782811365, 25.267892214526597], [79.26409361250647, 25.27456866192985], [79.31189714978288, 25.334923683966903], [79.35357142440579, 25.328128151362478], [79.3606190159733, 25.260526689831856], [79.37511075773469, 25.289450357827423], [79.42298921414475, 25.2543947185436], [79.46515285246878, 25.2790474154279], [79.49814315096171, 25.265543613044407], [79.46689599287231, 25.264638431392303], [79.45036054701158, 25.207775648951003], [79.39145961852968, 25.165509762182168], [79.40072028134577, 25.111419209403994], [79.47600444883209, 25.129742391773455], [79.46810766176887, 25.091654428599497], [79.49746113754378, 25.078091096714626], [79.57323327759244, 25.172848968420464], [79.60557936902605, 25.126785192684125], [79.75342626343416, 25.13929565017239], [79.8486615809416, 25.09189856090424], [79.88004367973197, 25.14398156886428], [79.85505531962734, 25.23558978717231], [80.00474019621366, 25.26409411188895], [80.02883497026592, 25.338553506607887], [80.13144037523801, 25.333886609120967], [80.20215536779347, 25.411659296111186], [80.25342571907522, 25.400361705494845], [80.26412814227969, 25.42416669055478], [80.31899204978627, 25.38284226080036], [80.31220391748818, 25.284483863988292], [80.40723432914338, 25.238661693127796], [80.43182240103042, 25.169905352276803], [80.35937701585374, 25.140644403043105], [80.35307141895608, 25.054368933021614], [80.28955919449882, 25.055824244823313], [80.27489867886567, 25.02603510299863], [80.32208519091671, 24.999356845259946], [80.39540293653398, 25.00831003404442], [80.37379288874034, 25.053583744419758], [80.44878587066597, 25.07792265307916], [80.50174169938259, 25.037515941846312], [80.433644026547, 25.026555242176453], [80.46624615498384, 25.000098665508954], [80.4603240738433, 24.98261313333138], [80.55030444423687, 25.002650920248378], [80.48257991806233, 25.097691693571704], [80.61491407598774, 25.068147969728642], [80.59594109900686, 25.10502259737311], [80.60278029425612, 25.151132550693227], [80.64056240513916, 25.119221328910374], [80.60951021135266, 25.10034843248853], [80.68743164087368, 25.07782878918973], [80.68170996532808, 25.050199453961028], [80.78411206991709, 25.05778561313591], [80.70785026262445, 25.133109594301626], [80.8078256352893, 25.142454058068765], [80.83593438879797, 25.10638858250627], [80.8445777087118, 25.188697741101837], [80.88635783551847, 25.191644701186185], [80.91320445755767, 25.15640399800818], [80.83486281392213, 25.035335647422645], [80.8563385778876, 24.994344889421452], [80.79810263229746, 24.967967294227087], [80.81031313267748, 24.940682580110842], [80.90818329729001, 24.93587116649949], [80.94499374938198, 24.96879158458527], [80.96336892470092, 24.92206309141475], [81.08462044765841, 24.948663113130173], [81.14061412661364, 24.888579589109796], [81.16964803534688, 24.954970971448677], [81.22081292134666, 24.931042962233118], [81.20995607857888, 24.99218196861497], [81.26989149013981, 25.06489199228452], [81.27751226865298, 25.164083876005407], [81.31478623011262, 25.162356403686054], [81.32302903513896, 25.112709937476495], [81.33834018433971, 25.168874841159724], [81.39960962742943, 25.119608247156908], [81.43860685641701, 25.130120717237432], [81.44672429535906, 25.10696073222991], [81.40921718980991, 25.10427113982401], [81.49208132558427, 25.07153474463579], [81.51595763073897, 25.103391117657186], [81.48126698427531, 25.133647001587928], [81.53306304607156, 25.140192234744813], [81.51802334699293, 25.183539361799806], [81.57485177577001, 25.192285877795623], [81.62742383427836, 25.156262381601543], [81.60053258963369, 25.132998178918374], [81.60962111847346, 25.09686149796932], [81.62515695549054, 25.11926829929791], [81.64034898888627, 25.099945167274072], [81.61272241078372, 25.057439645132597], [81.66707019814143, 25.07644790370159], [81.69025510674362, 25.040546322539377], [81.79756736060827, 25.00703200453608], [81.90681074368568, 25.006591048146724], [81.9047265265855, 24.88960520733806], [81.96740464960061, 24.82781948932047], [82.01314880520809, 24.847910173964824], [82.1204239909639, 24.789631953468657], [82.20422079371808, 24.821924286394783], [82.18725025315848, 24.80206704171623], [82.21769592630775, 24.778955500805868], [82.1810883071447, 24.73704624606742], [82.22193849218417, 24.72619147638339], [82.20769518754437, 24.74956154692898], [82.25187425419503, 24.77324872790838], [82.23809315648099, 24.667243057964722], [82.3045774596595, 24.667667904152857], [82.30204545301412, 24.611452584219045], [82.41728996385835, 24.59566059559003], [82.40976605383453, 24.68153019791644], [82.44047938048503, 24.70401342647728], [82.53740577024723, 24.649832519824237], [82.66607568890205, 24.69832382689975], [82.70328007648351, 24.642279408052318], [82.7708876888734, 24.643742696876267], [82.80883014514798, 24.550891123224062], [82.72059227290362, 24.55435825811883], [82.74458996316298, 24.497985066056344], [82.71512411392791, 24.383502119411936], [82.76854904109301, 24.37142890894266], [82.7720479708313, 24.290912198993617], [82.72821200680067, 24.137629314762734], [82.6787210817165, 24.157038651954128], [82.66526892891746, 24.133386166345243], [82.71624034313704, 24.07945984151155], [82.77408108035729, 24.07661058624424], [82.74979765207581, 24.020196287375196], [82.80505094396456, 24.004005271327113], [82.81553199437637, 23.961983259447866], [82.66426613563453, 23.90672291871149], [82.63725198146416, 23.837927352201234], [82.53508160887101, 23.822931052475838], [82.55224091313134, 23.793105893435623], [82.50437641941073, 23.783932916183158], [82.46776270269649, 23.810212822427097], [82.23387449469966, 23.80554420487113], [82.21164992294534, 23.85153021209865], [82.1701543819354, 23.818502603238848], [82.05313444054879, 23.81903165334475], [82.00849089964778, 23.86148236707771], [81.92420060708416, 23.87125361959599], [81.81945065258284, 23.807743419006822], [81.72679592885437, 23.838558643643513], [81.6693528337025, 23.923582195571505], [81.60463454422013, 23.88698895975643], [81.69495953852763, 23.719601515447533], [81.5773305318541, 23.586961348696995], [81.6146140340304, 23.505338863463578], [81.63581079511773, 23.488860766509752], [81.74364584940079, 23.565918115643633], [81.83478247886663, 23.509915006365677], [81.92396183724806, 23.530781180753266], [81.98369310710379, 23.41201103412946], [82.0235608330731, 23.422436112460428], [82.02210949228619, 23.38687971463441], [82.05331276769465, 23.376880196326773], [82.1060652587635, 23.396725027413478], [82.11847674905741, 23.35493573099609], [82.19342192186906, 23.324598101856417], [82.15001013824588, 23.226996653757748], [82.15857298593042, 23.14116175244086], [82.1233759587949, 23.103244839571616], [81.94558317956601, 23.07712299752925], [81.92589736541608, 23.040325776340193], [81.94770395506438, 22.95658348279288], [81.86376386559654, 22.890361693948186], [81.77681833055406, 22.87295439814371], [81.7916850727424, 22.766225601137428], [81.75398931528365, 22.72611472064978], [81.75629307844852, 22.64582589819538], [81.73030772614172, 22.67589088936595], [81.66389014829758, 22.631679883166825], [81.62311870164805, 22.538789097120343], [81.52637032318604, 22.539660052734657], [81.40379597597412, 22.441022146096987], [81.38599326111586, 22.50489663755217], [81.33019264887919, 22.523848890946184], [81.32314759160889, 22.489261602360912], [81.26768615944967, 22.493064007547957], [81.23077354767456, 22.451125764163155], [81.177864348608, 22.48741896519735], [81.11207889153971, 22.432228556804464], [81.12098886988078, 22.294024540653847], [81.0918052639899, 22.24642870378466], [81.04343740480222, 22.23736749532147]], [[82.29945137312075, 24.59592395636594], [82.30673080407563, 24.598874742162877], [82.30673086200832, 24.59887477168171], [82.29945137312075, 24.59592395636594]], [[81.20297358547462, 23.278518126175264], [81.1990404707831, 23.28691535006139], [81.19786064955404, 23.289434041694918], [81.20297358547462, 23.278518126175264]], [[81.19785290340991, 23.289450578224304], [81.19346394074245, 23.28950686162355], [81.19785290383425, 23.289450577318433], [81.19785290340991, 23.289450578224304]], [[80.985800669353, 24.078148869870308], [80.9766626658161, 24.067838165713727], [80.98580064608335, 24.078148843316487], [80.985800669353, 24.078148869870308]], [[80.52776488323865, 23.079528963098213], [80.52776490923713, 23.079528993394202], [80.52916959541439, 23.082286697559553], [80.52776488323865, 23.079528963098213]], [[80.44229222210124, 25.004196755454945], [80.44801573303002, 24.996309015960577], [80.45731720185351, 25.004088601392063], [80.44229222210124, 25.004196755454945]], [[79.41313883431395, 25.03364011109119], [79.36172983536066, 25.140673106605583], [79.38211564271877, 25.0647000015209], [79.35138671874138, 25.061082901819184], [79.41313883431395, 25.03364011109119]], [[79.35657519408478, 25.174291122306688], [79.37392798212414, 25.17771763966253], [79.3627075963484, 25.186612652310384], [79.35657519408478, 25.174291122306688]]], [[[80.47771255699075, 25.066646298495016], [80.49010475353869, 25.067357835318013], [80.48755834140225, 25.056247388406785], [80.47771255699075, 25.066646298495016]]]]}}, {"id": "8", "type": "Feature", "properties": {"subdivision_id": "EAST_RAJASTHAN", "name": "East Rajasthan", "n_districts": 22, "area_km2": 136826.1808426075}, "geometry": {"type": "Polygon", "coordinates": [[[74.85100643185167, 23.55444362620039], [74.61218020881464, 23.45869012864856], [74.51671079675212, 23.32620328147843], [74.55190565994931, 23.279973438561385], [74.69993933502145, 23.269431134193407], [74.72096264851237, 23.23978695195684], [74.69373001132308, 23.220389742542643], [74.7446607633292, 23.229962374897823], [74.74454228569128, 23.20937373515643], [74.66778732160542, 23.198839328851044], [74.51036541964359, 23.08638047758578], [74.3889761348432, 23.109682847267482], [74.32031935780796, 23.060464116388722], [74.2435380124132, 23.186099567122575], [74.20495488141917, 23.189940734578595], [74.18026979614224, 23.150151600335843], [74.12418404095216, 23.17684637377652], [74.13108699049937, 23.267425792704653], [74.04156280049548, 23.29418216864465], [73.96804668735759, 23.375321034911305], [73.89100392407657, 23.33543530791868], [73.82885400063263, 23.445134018989933], [73.77964500806866, 23.433081803988696], [73.7612775963878, 23.457061601612338], [73.7225221633464, 23.41121866527114], [73.70059224873174, 23.454370787795728], [73.649410392595, 23.439171161482918], [73.62890274636287, 23.451099968544767], [73.65724860911165, 23.621547650197453], [73.57359647702037, 23.65416182683568], [73.50955907003758, 23.61572411182818], [73.50474153056429, 23.702251988781356], [73.41657198968599, 23.778414750721822], [73.35858641006473, 23.786625917576025], [73.3581383273051, 23.861074069215256], [73.42102674614341, 23.930144825658402], [73.3700194567394, 24.127334383766122], [73.33159081276743, 24.114391758117502], [73.28716919703848, 24.026751050655434], [73.24180152661091, 24.01016802319074], [73.19656395204925, 24.044786258093573], [73.21987547257352, 24.097719187799274], [73.10999941906077, 24.13832341053992], [73.07715276657142, 24.191666993938664], [73.14117242616777, 24.307553272760416], [73.17694181957411, 24.30111629430329], [73.22805309338294, 24.364180633354984], [73.16634347359205, 24.350319653956085], [73.09449005951764, 24.385328085132905], [73.0953467835545, 24.491322974698114], [73.0180354154608, 24.46511773599072], [73.01198886460841, 24.507979579578844], [73.13800854140611, 24.68771345649114], [73.14025490093778, 24.75257725731382], [73.23101053433993, 24.793532510717395], [73.27141030425702, 24.877306142058366], [73.3301084883807, 24.912216661541493], [73.35392616680032, 25.02377486462932], [73.59390945340962, 25.192792474893388], [73.62369636290268, 25.302656565783778], [73.74190434094554, 25.393465769631433], [73.91349369747945, 25.69774333700187], [73.95100878217255, 25.840830828363874], [74.00583575037234, 25.86470173459063], [74.05407702017361, 25.827064740547677], [74.10763592165549, 25.85252724835481], [74.15766801638193, 25.917207351336504], [74.15539963751357, 25.95764179195631], [74.1256336302969, 25.960606262031977], [74.17321919211207, 26.010333543639142], [74.16248779731137, 26.066309715017248], [74.18293954372275, 26.029214726361808], [74.24268683095008, 26.049977996565026], [74.30433054155374, 26.135459795536516], [74.27317916839587, 26.173841093876614], [74.36930563102406, 26.19011764996536], [74.38967763247688, 26.279079199886844], [74.3044617019376, 26.251925714751387], [74.25354014384511, 26.28622285538665], [74.30550568584307, 26.331434793817603], [74.29076414277537, 26.44896414526292], [74.47285107218786, 26.49052941851158], [74.59329826505902, 26.629065030963506], [74.61868838532956, 26.565832827519664], [74.67394915736656, 26.593954248628556], [74.72358096597931, 26.701852769536956], [74.66539450205114, 26.711330820024106], [74.69782463689229, 26.77112553878897], [74.77901076358062, 26.79019767249623], [74.77414253600453, 26.848734010187762], [74.81582175071199, 26.86842336777008], [74.85211811486995, 26.97502649685878], [74.9610166335317, 26.960273011227674], [74.9929127965882, 26.888322499957734], [75.01362909333359, 26.945237248842318], [75.16560200971865, 26.932849195429707], [75.1597603608712, 26.96977033044529], [75.20396246619778, 26.97355805609226], [75.20440881143269, 27.006991658736105], [75.25926409257528, 27.034127003992342], [75.22113383511855, 27.082761226448532], [75.3684084376826, 27.087565002698916], [75.31622804959468, 27.1591439300366], [75.28226025177123, 27.12309285228722], [75.20107045103536, 27.1285474651286], [75.11816333559108, 27.183939331260287], [75.12532695784239, 27.211008468829515], [75.07190556664109, 27.219346739948723], [75.15962701379593, 27.280906317725353], [75.16790184936204, 27.316265466344003], [75.10836337306526, 27.338280240075203], [75.11817201643645, 27.376500860615742], [75.05751820750746, 27.381443597690556], [74.87929430680968, 27.310637023584643], [74.87380842120592, 27.371995614204533], [74.84499364404502, 27.378697383180814], [74.87323693402685, 27.41189892939017], [74.85721880022652, 27.450291187277585], [74.72310326243634, 27.501184273688562], [74.71638488141109, 27.537475496927318], [74.76109757920447, 27.58050190559307], [74.70594466939365, 27.59262768073889], [74.68104529884532, 27.66720414029352], [74.74466559383467, 27.6851812442066], [74.74131472801098, 27.764442285578422], [74.81731823067032, 27.799683181792265], [74.72959749190873, 27.862434537728824], [74.73830042243422, 27.889142266204633], [74.82906671478318, 27.910478698840592], [74.76129478399194, 27.987680304012095], [74.80343760587623, 28.030789969719635], [74.79392882147526, 28.11301406812866], [74.85662493038419, 28.133551811856716], [74.8926003857258, 28.191861620700934], [75.02958100301396, 28.198159771768868], [75.0502130849965, 28.253066156504993], [75.14888141540547, 28.29163945513854], [75.16479121720192, 28.344724629000634], [75.13154373200429, 28.401647616862483], [75.21847479762152, 28.390408149836436], [75.23469226879479, 28.45540258361399], [75.27947286029124, 28.449574669404488], [75.38310154865617, 28.337855202146105], [75.43800433599105, 28.364397248281126], [75.5018149870809, 28.33687424263153], [75.53562741894017, 28.380618473267496], [75.57175384877475, 28.377766587293188], [75.57172564460303, 28.407101919656874], [75.61534193771573, 28.40624739261138], [75.59061984818146, 28.444070306463615], [75.61399241878146, 28.50219100966611], [75.67225089595988, 28.517169811992922], [75.79348323200188, 28.4468415113506], [75.77856635518165, 28.403725340350025], [75.90522263168931, 28.385917848451072], [76.02701191699299, 28.276684881688034], [76.01941986598061, 28.23746035707037], [76.06125311323186, 28.219876632083487], [76.09996271120204, 28.14200083997468], [76.03587902437351, 28.168381243852412], [75.9504301900836, 28.101375730740948], [75.98528677802177, 28.04788282029314], [76.02363970433723, 28.084495293075236], [76.04361081308387, 28.069597481891122], [75.97782828048005, 28.0266388641679], [75.99692010830827, 27.999980882698257], [75.96321799073243, 27.984339379879458], [75.99424660800562, 27.976758126113005], [75.93644316322678, 27.912495356662994], [75.98506371567616, 27.904901574775174], [75.97064789496729, 27.860372608264242], [76.09579397427977, 27.863945559986796], [76.18064879009503, 27.802841742689527], [76.23110054431798, 27.836267570291596], [76.17433616058696, 27.91048115480274], [76.1874507382656, 27.96825972739045], [76.16293786559146, 27.99444691921178], [76.22192914345517, 28.027088710997248], [76.18546801489872, 28.054710008192703], [76.27314904901203, 28.06408839380848], [76.32481279537485, 28.016265250849063], [76.36161120764287, 28.06082261766124], [76.30571574330165, 28.09637076100073], [76.36402318434845, 28.12371236127421], [76.28747858762515, 28.174079923060614], [76.34438653329765, 28.17263952918689], [76.38523047072016, 28.13330984049745], [76.47957112672587, 28.149889622148585], [76.50632667996081, 28.101726591747173], [76.4570367208281, 28.0883300190422], [76.50611856266947, 28.059834280201375], [76.46213416700846, 28.0448099337166], [76.54699030185682, 28.034161054454394], [76.5465461095424, 27.965575518629905], [76.66864086466786, 28.013976310589086], [76.65989417534335, 28.09171493682889], [76.80038897556251, 28.15208081887481], [76.81480512446372, 28.210725427649333], [76.87269762795681, 28.219429982475063], [76.97080060114922, 28.138705189140577], [76.92742256554436, 27.992312292768183], [76.93519099336501, 27.828893107588588], [76.91230595927308, 27.827351221596512], [76.89243470620124, 27.72560337960183], [76.92290519002376, 27.69548242340883], [76.8892168434649, 27.694061330736336], [76.91089795585819, 27.653189150866616], [76.97883617866552, 27.651763215058097], [77.00202481160788, 27.73631051749423], [77.08777329566223, 27.73295491576934], [77.02921215640959, 27.77271334979533], [77.04690736285342, 27.814627712970466], [77.13519156531233, 27.770986736703666], [77.20263060312976, 27.816424719428987], [77.24050108606758, 27.78025090786371], [77.27134468911926, 27.81055032635404], [77.30424952366945, 27.79426328124917], [77.30633053712579, 27.71309154261021], [77.34268791919001, 27.702310420729077], [77.35143615043017, 27.65158130237606], [77.31980501249915, 27.606086150532704], [77.35870939229362, 27.587782130835592], [77.34363612396395, 27.52440758822296], [77.4380901489598, 27.456385723748486], [77.4403005749853, 27.39350619872897], [77.58299454238949, 27.32100442474751], [77.62261269674224, 27.337661887771798], [77.60009154326971, 27.294829012863552], [77.68136484171794, 27.19460754493127], [77.61339301313863, 27.16275397489756], [77.59898092170143, 27.11736879628208], [77.50647494803822, 27.08952018272075], [77.52943231490624, 27.06154479844434], [77.57379202603188, 27.072319730830664], [77.56546855226607, 27.031217222880553], [77.63548872115346, 27.00979802315603], [77.68150990569328, 27.045826692700757], [77.7117017966947, 26.994574649149516], [77.76322591840152, 27.01700306862979], [77.7444909028889, 26.9824805792618], [77.43017800371017, 26.861415249394508], [77.43619408271078, 26.76451355107278], [77.47193956537461, 26.76394851071047], [77.45590149852032, 26.74114958649407], [77.50100372217575, 26.761374678645886], [77.50573075613937, 26.842311718425147], [77.52843956198022, 26.816367416205225], [77.61234167729702, 26.827132192691927], [77.72383338919713, 26.875617602231927], [77.7614826168852, 26.931991477892673], [77.89828491956169, 26.8836935639805], [77.9081553568768, 26.91877732007845], [78.01495007893733, 26.904858873868655], [78.03027134551814, 26.855084882926498], [78.05057123361583, 26.909621406810622], [78.10983250620859, 26.899179163537205], [78.12333866936437, 26.94902927964822], [78.22441614907281, 26.948107209649567], [78.26803661019134, 26.910375573218058], [78.19954901414692, 26.882782214463635], [78.22233775434232, 26.842706068414362], [78.16927236167271, 26.821233708859044], [78.18804594693128, 26.78777042046323], [78.10806013860777, 26.79122671155516], [78.1242606199404, 26.748846866443646], [78.09381899694453, 26.677299608492063], [78.00023858438304, 26.69689924634518], [77.90247732267743, 26.656491947870617], [77.88722951997542, 26.61459392111824], [77.82817911333062, 26.59415574470742], [77.82068983180979, 26.549141159651892], [77.67520212795178, 26.50269738547789], [77.53013146666176, 26.409359329659544], [77.43487340456618, 26.401396357362035], [77.44386777287784, 26.362630447837308], [77.34166634751219, 26.3517591731492], [77.20979641676125, 26.232010443224613], [77.13064643931042, 26.23258238674892], [77.0982080873022, 26.18554985321813], [76.89395222226155, 26.08811490399706], [76.8122042320612, 25.947852097632747], [76.76173741199104, 25.936586377703406], [76.75123045453391, 25.904136526330515], [76.65177308471162, 25.903815886584667], [76.63216616618502, 25.865840622394913], [76.59825153969206, 25.869171685392377], [76.53465460320258, 25.793032882391916], [76.53589205084845, 25.72904427580509], [76.48757434197269, 25.713238937151385], [76.56923674579821, 25.437532276270588], [76.6074919926988, 25.38410813159831], [76.77519187280178, 25.307265604644027], [76.89848614619048, 25.31742610540324], [76.94710930253906, 25.270377137043372], [77.08100374292559, 25.334638064555698], [77.21081388693143, 25.30634970092038], [77.22600105733436, 25.368321122473038], [77.28887064306798, 25.41844582504367], [77.36729096602404, 25.407796774710494], [77.34225117526861, 25.32046881081009], [77.37765716874168, 25.315099240716407], [77.3554619215721, 25.26667370515632], [77.42379751985555, 25.187954973092147], [77.39645820298648, 25.18312899543575], [77.40423550269675, 25.10824048307511], [77.30839441224497, 25.07887249308325], [77.26778559516198, 25.114249201189494], [77.17499572745821, 25.10873886159645], [77.11976368466644, 25.064145207449744], [76.99887592696845, 25.075030239511566], [76.85922654147451, 25.00546110940844], [76.89607070133643, 24.91486145137515], [76.9538054776823, 24.86806337864823], [76.80618280715133, 24.815093674491365], [76.85188661760128, 24.745683313179658], [76.95651469920921, 24.76069418834744], [77.03148080704011, 24.70616326495503], [77.0694287208937, 24.565225572242937], [76.9697960323084, 24.45624905127144], [76.91908405794796, 24.48304514161598], [76.91736261176092, 24.538933549153896], [76.81892562250006, 24.529764002322093], [76.85566494351814, 24.464528321594365], [76.84436881883386, 24.33421032941759], [76.94865131453584, 24.20182850745415], [76.90402563061929, 24.126701593678522], [76.80504136107217, 24.115955088092463], [76.75889881533844, 24.167695179853286], [76.704954944229, 24.167058235250206], [76.67799451929527, 24.1890443778485], [76.69687997333043, 24.280593651615263], [76.5917282393073, 24.24517254390059], [76.58334994991397, 24.17632665993195], [76.53495390594406, 24.159138652897248], [76.47344198714808, 24.22705567940981], [76.41781562273422, 24.203110861530696], [76.33017735617587, 24.249323972781024], [76.28593636606627, 24.21145596615008], [76.21862672645965, 24.212586303989333], [76.18860563132073, 24.327255115541934], [76.12418375299839, 24.192227441076273], [76.13747409430553, 24.091161200171815], [75.96257746798837, 24.02136792706068], [75.97814788294771, 23.92897011604745], [75.77893067765095, 23.850051014745034], [75.7040970698951, 23.90025249438659], [75.73088155093824, 23.854422048200007], [75.71954836223202, 23.815260762390793], [75.68904849641768, 23.815489850647694], [75.68605341749299, 23.756850706171903], [75.65337887057582, 23.798233680495134], [75.58393474541016, 23.796692974981532], [75.56205757796162, 23.85627496089604], [75.45779279833488, 23.917114678945644], [75.51592944258522, 24.045014143876507], [75.58546286892107, 23.98817706327143], [75.67105533602303, 24.02972267102716], [75.70224842851556, 23.965238116061183], [75.76401595180567, 23.99408037022424], [75.78171513620055, 24.058171460454954], [75.83596046473384, 24.07147803803517], [75.83805329722195, 24.107390407670366], [75.74560141778386, 24.135678747793534], [75.77577745260841, 24.21692457385754], [75.82926888607896, 24.242403193164254], [75.81362766855175, 24.299426124103366], [75.74025967552207, 24.343988115859112], [75.7292758589773, 24.401276587169644], [75.79371350985872, 24.47112921755962], [75.84988250647572, 24.414876925094124], [75.91175731955627, 24.4519923235644], [75.89386016721326, 24.505439074986104], [75.92792337793267, 24.52922084221384], [75.92031380530743, 24.567286302702843], [75.83095100928672, 24.609214880723496], [75.84171956347696, 24.725685897466757], [75.76254732814333, 24.760665886955206], [75.61584702112167, 24.684423404373295], [75.58440742667173, 24.71872178128786], [75.4541326183288, 24.68937309718115], [75.21874154831649, 24.718784256226442], [75.18732950851435, 24.764447340019256], [75.2539412711919, 24.833483146363857], [75.22972533944598, 24.84410190047807], [75.20331883019644, 24.88056446212503], [75.21022174788116, 24.90635549038037], [75.25204940252858, 24.892003266377966], [75.22938843036205, 24.855488964138264], [75.28104846852733, 24.849783368002957], [75.30783953029854, 24.809598010643754], [75.41947064295427, 24.86005083508512], [75.42665305127373, 24.888883765744193], [75.31348478105775, 24.865708407608942], [75.26357359815219, 24.885961904209587], [75.29528331453497, 24.919436857530027], [75.27815653644986, 24.97299726916211], [75.31610442904822, 24.89667921155948], [75.34807497129407, 25.038990169470953], [75.16127134361716, 25.041859816329872], [75.16646590788575, 24.988052262812], [75.11727986029183, 24.95758104631461], [75.12070902303465, 24.885495344399413], [75.04504330737417, 24.855778025268844], [74.94627849163643, 24.874571135586926], [74.84776434937338, 24.971068733003975], [74.82491778692389, 24.9253111805149], [74.85005490944594, 24.789451598650064], [74.85979923560383, 24.809835565235222], [75.00855963520608, 24.792664248328602], [75.02168673127181, 24.749350985061085], [74.99483230937487, 24.749350128244387], [75.00123840056912, 24.705105610213423], [74.9440315085314, 24.657077400782143], [74.89389417561331, 24.652107619084003], [74.80038946337334, 24.792498234100346], [74.77614663798876, 24.684624109317298], [74.81802316426725, 24.6685204237493], [74.71242142933646, 24.50794031171099], [74.85885950813926, 24.464152303514382], [74.75304090857291, 24.279637680803734], [74.8948199776486, 24.258491688878983], [74.88154414557835, 24.210346670767244], [74.99341290553001, 24.026466513874905], [74.90571127834961, 23.87081013020255], [74.94050672405207, 23.73177096170516], [74.90741378047565, 23.679773935776858], [74.93953685591981, 23.627301557675697], [74.85100643185167, 23.55444362620039]], [[76.81002005506713, 26.075820287526742], [76.81005599267945, 26.07592325447448], [76.81002987288662, 26.07584841803062], [76.81002005506713, 26.075820287526742]], [[76.4939443435523, 26.724170344334006], [76.48953354454795, 26.716276582042475], [76.49098185925601, 26.718868550315445], [76.4939443435523, 26.724170344334006]], [[74.39766040232853, 24.295975555568155], [74.39788835662817, 24.303456077217604], [74.39788835662817, 24.303456077217607], [74.39766040232853, 24.295975555568155]], [[74.31436049421443, 23.94499988924183], [74.32615182572465, 23.936349784297892], [74.32475093090207, 23.937377588357993], [74.31436049421443, 23.94499988924183]], [[74.2587133069194, 23.92980064026516], [74.27513688001139, 23.93554645714547], [74.26696816426397, 23.93268889783799], [74.2587133069194, 23.92980064026516]]]}}, {"id": "9", "type": "Feature", "properties": {"subdivision_id": "EAST_UP", "name": "East Uttar Pradesh", "n_districts": 35, "area_km2": 121036.36515438446}, "geometry": {"type": "Polygon", "coordinates": [[[82.16762687393869, 24.789669120880525], [82.01314880520806, 24.84791017396492], [81.9509441480065, 24.839192651252517], [81.90472652658548, 24.889605207338036], [81.92034614406595, 24.92798821061939], [81.90831880485109, 25.004217765718693], [81.8997772793141, 25.01043637912767], [81.8944889288195, 24.989801748973207], [81.79756736060835, 25.007032004536143], [81.69025510674356, 25.040546322539456], [81.66707019814152, 25.07644790370165], [81.61272241078376, 25.057439645132717], [81.64034898888627, 25.0999451672742], [81.59942013203732, 25.119619313289093], [81.62191174131567, 25.167121251932315], [81.52098870456558, 25.193850724259335], [81.52601920481982, 25.234580302595873], [81.56443309356581, 25.238753924060973], [81.55012414871743, 25.29006658664821], [81.45998008238716, 25.25862876178398], [81.39400230739402, 25.27056362533161], [81.39737869582997, 25.32972746490189], [81.32498984035752, 25.347304840825007], [81.2689927557967, 25.3238173013754], [81.16371832627036, 25.383347070541713], [81.15148204044817, 25.425500935954005], [81.1915087098479, 25.449811297013756], [81.19138075229239, 25.48750130869402], [81.02660034276681, 25.5391550371195], [81.00003382113704, 25.57109711615929], [81.03382956233968, 25.592239567454047], [81.03054832468021, 25.63276073035088], [80.95878861784267, 25.608000699312583], [80.94322707986885, 25.68525714257388], [80.8628485412048, 25.675844640921902], [80.83585897865002, 25.72743999520303], [80.74299767196037, 25.680673836705818], [80.59126438134702, 25.710269639755733], [80.55573644750639, 25.73464238472057], [80.58016587486429, 25.780072510329447], [80.52333426697166, 25.77675416305263], [80.46429006305861, 25.82232584568745], [80.55643680441699, 25.86671211387766], [80.38942400984043, 25.91061786524045], [80.31447628076279, 25.887250096366298], [80.2173946239928, 25.96273200595409], [80.32440090476584, 26.11347867674433], [80.56705767626055, 26.226675645132516], [80.53332494645913, 26.35753841763138], [80.30981292691463, 26.525583063707018], [80.30398578522355, 26.605698943617906], [80.25912552217981, 26.66948261771268], [80.14128225683874, 26.732398900501984], [80.10686593329659, 26.871640007393392], [80.02776173841313, 26.939561295975555], [79.97307685596616, 27.071649593960736], [79.9226467585554, 27.09763563200803], [79.90556406562189, 27.1465091264871], [79.70021060033193, 27.22920976299938], [79.7325116657964, 27.27975181157392], [79.69035780446193, 27.372823506909228], [79.74696854213448, 27.451881991052783], [79.71642183095265, 27.47321860129472], [79.73095636150097, 27.528605364058606], [79.68836625337606, 27.63342859695161], [79.74132532891014, 27.72170512402365], [79.86141947132383, 27.649735604147388], [79.9140417119454, 27.720565940771063], [80.07318576480392, 27.747197818563215], [80.02544608514448, 27.918772672796138], [80.08210668170686, 27.926650047717903], [80.1235776856624, 27.99626093690825], [80.24793921919785, 28.056355068522688], [80.25106229696573, 28.15049805269261], [80.30192830387838, 28.151974631880265], [80.3070192106462, 28.258526804160415], [80.37117728553153, 28.342622966667378], [80.3010367604346, 28.453344514075095], [80.32401677524176, 28.481062699259464], [80.37633122216543, 28.459836473023273], [80.4334726054461, 28.502569407603318], [80.38088369908894, 28.592097380838773], [80.3037370070172, 28.61651604984718], [80.32854338194738, 28.674449907408153], [80.37216461588268, 28.633280998210022], [80.46217491870415, 28.62425850495456], [80.52275975272237, 28.557552439861023], [80.50866831476351, 28.66579191250504], [80.58259833750897, 28.68358985850186], [80.5941021547172, 28.64605645740282], [80.66886285560707, 28.639826299233523], [80.70266260693747, 28.57535105731914], [80.77136343277932, 28.565254831566662], [80.78711116656952, 28.524523767459065], [80.90861045883489, 28.4949693674144], [80.90571853991527, 28.45900177479584], [81.0138584023882, 28.448005612149394], [81.03713088178624, 28.400206385564793], [81.2149305219569, 28.357926687576573], [81.24042206576769, 28.280944044979567], [81.32042422089768, 28.201816274122674], [81.31959492681125, 28.1353831998071], [81.42917119740603, 28.171025568583648], [81.48188642020328, 28.081171205945054], [81.70032906410161, 27.98877212558504], [81.89057850485861, 27.857577239658152], [81.92817680673589, 27.858736138552448], [81.97134059112906, 27.929454088852392], [82.073771593281, 27.923956033295994], [82.12600275859324, 27.865688831128715], [82.20720978517119, 27.845687472727487], [82.45857035093941, 27.67618106783342], [82.7137669426839, 27.72832356359168], [82.75500244319119, 27.583250751346196], [82.74171304850353, 27.50075455816763], [83.18416680901619, 27.45286252016077], [83.31183556079736, 27.329156673538773], [83.39114627864144, 27.37267931754484], [83.40210258120369, 27.47796052780916], [83.60983844278138, 27.4699350282613], [83.82334914589353, 27.374973098076516], [83.8665616707397, 27.34490531880138], [83.84072634825276, 27.31804680648473], [83.93368809589666, 27.313195305764154], [83.90800503237992, 27.25621241914365], [83.99503757704353, 27.178650269625336], [83.94926523571488, 27.08989535683671], [84.03053541009575, 27.092450985072798], [84.00056008369222, 27.06555191189812], [84.05057788088794, 27.04169702248667], [84.03455249241973, 26.93978763661249], [84.0615941011388, 26.88882050026792], [84.15040037621887, 26.88477943120889], [84.14116425108982, 26.852891573417253], [84.17842407204174, 26.83177047528528], [84.25060930630829, 26.859726309116223], [84.24335058883612, 26.73689862302759], [84.3073943503929, 26.750671993757756], [84.33493678169586, 26.681737197694193], [84.4114847174571, 26.668760172405253], [84.42360226727574, 26.624759562327704], [84.28143639251975, 26.59684777648986], [84.09109350617113, 26.640167033476253], [84.05699297817826, 26.540843614079627], [83.91147700514135, 26.515330479582317], [83.91147102616665, 26.44754560309179], [84.02015023655183, 26.445849408151936], [84.0810748269215, 26.381955748807112], [84.18040643088096, 26.371551865867414], [84.1662004737348, 26.241794964512366], [84.12190266104706, 26.259535171799275], [84.08827734613325, 26.218826752747628], [84.0144872114294, 26.231618648916896], [84.05788015709624, 26.097399225073158], [84.12482034525118, 26.07265206936685], [84.17492730166794, 25.989376000322373], [84.21049957384722, 25.998456936733195], [84.30492613077308, 25.945005264284678], [84.35997703842025, 25.957383738731416], [84.4318112653348, 25.890576348472166], [84.5370835801521, 25.876004663791843], [84.5353868726991, 25.83262755085809], [84.62857045176034, 25.792495138237978], [84.60885629075104, 25.759055713634993], [84.63887354770355, 25.726807833521434], [84.56393159718671, 25.734816799686516], [84.56060170005463, 25.682480866902765], [84.54418170583727, 25.72489433456717], [84.53287604611242, 25.682778529105466], [84.4966893571524, 25.676256492131767], [84.457109236362, 25.71283045157392], [84.41024832565299, 25.697814974968665], [84.3884218642, 25.746948467935553], [84.3397158044539, 25.742795677578805], [84.32695081675743, 25.67022125403221], [84.29394535704088, 25.659795761316456], [84.21132636766578, 25.66782222293448], [84.15671576784109, 25.729056925767548], [84.1028791203141, 25.718447001282566], [84.08494250717419, 25.635652471745644], [83.92548738008138, 25.55655624857799], [83.85950416222146, 25.471824414669484], [83.81861559488085, 25.463996960174665], [83.8467420478578, 25.435019267715198], [83.7702739133691, 25.386027339215786], [83.70296487106219, 25.394145097701752], [83.65085386486702, 25.339184746958068], [83.54302469232907, 25.313203230605293], [83.34418115107982, 25.181539727313343], [83.36564589731807, 25.122232506570782], [83.32430152391085, 25.025464570996945], [83.35209138363781, 25.00863431523067], [83.36211058342303, 24.86892602590137], [83.39848658145887, 24.831469507775285], [83.3948510895443, 24.782656158048404], [83.48785151962997, 24.73639558703799], [83.52167515061892, 24.679816395014594], [83.50548471694592, 24.650344465117044], [83.5496471390568, 24.623303119167566], [83.5060660385555, 24.525889651327393], [83.40091865602312, 24.499957976701545], [83.40799322563397, 24.407562043261212], [83.45919488276661, 24.3637315974947], [83.38374385859818, 24.313523378523293], [83.40966304107256, 24.26505133185484], [83.35674426027589, 24.125618772241523], [83.22372867832739, 23.98864589293274], [83.19725342457872, 23.92040434016928], [83.09429182506962, 23.8774480456256], [82.94652384741794, 23.875016684444223], [82.80822525639674, 23.966388687753263], [82.80505094396456, 24.004005271327113], [82.75367267381962, 24.011917939657934], [82.77408108035729, 24.07661058624424], [82.71624034313704, 24.07945984151155], [82.67137756414913, 24.12252933234153], [82.6787210817165, 24.157038651954128], [82.72821200680067, 24.137629314762734], [82.7720479708313, 24.290912198993617], [82.76854904109301, 24.37142890894266], [82.71512411392791, 24.383502119411936], [82.74458996316298, 24.497985066056344], [82.72059227290362, 24.55435825811883], [82.80883014514798, 24.550891123224062], [82.7708876888734, 24.643742696876267], [82.70328007648351, 24.642279408052318], [82.66607568890205, 24.69832382689975], [82.53740577024723, 24.649832519824237], [82.44047938048503, 24.70401342647728], [82.40976605383453, 24.68153019791644], [82.41728996385835, 24.59566059559003], [82.30645416173783, 24.61013658562699], [82.3045774596595, 24.667667904152857], [82.23809315648099, 24.667243057964722], [82.25187425419503, 24.77324872790838], [82.20769518754437, 24.74956154692898], [82.22158648371352, 24.741717028814183], [82.22193849218417, 24.72619147638339], [82.1810883071447, 24.73704624606742], [82.21769592630775, 24.778955500805868], [82.18725025315848, 24.80206704171623], [82.20422079371808, 24.821924286394783], [82.16762687393869, 24.789669120880525]]]}}, {"id": "10", "type": "Feature", "properties": {"subdivision_id": "GANGETIC_WB", "name": "Gangetic West Bengal", "n_districts": 13, "area_km2": 61079.083931789915}, "geometry": {"type": "MultiPolygon", "coordinates": [[[[88.98387900573222, 22.379443001789163], [88.98375600637065, 22.32502200120519], [89.02346641950336, 22.296953074710352], [88.99416300568589, 22.285554000218266], [89.06690100684163, 22.19831500037938], [89.06864200673131, 22.147361000464393], [89.09626100700838, 22.15501200057272], [89.06218800653647, 22.128430000364233], [89.01972300664481, 22.20555400033355], [88.97252000706644, 22.20971100040108], [88.94721900570656, 22.255560000319612], [88.97416800634751, 22.395003001757242], [88.96736200592078, 22.407690001048575], [88.98387900573222, 22.379443001789163]]], [[[89.06099600721753, 21.72044000024752], [89.09503900701695, 21.64396100050398], [89.0515900067054, 21.6175300008835], [89.02848900653296, 21.635319000847936], [89.0247260073785, 21.69486100008113], [89.02200200720775, 21.70038100010024], [89.00979500724358, 21.704871000722306], [89.06099600721753, 21.72044000024752]]], [[[88.98516900741207, 22.05522400034782], [89.07800300739329, 21.986932000555157], [89.03270000693358, 21.926162000491207], [88.99916800683695, 21.951221000650794], [89.03250200717463, 22.00208200061914], [88.9924400068274, 21.97363100040327], [88.98969300723418, 21.98567000084984], [88.97556300695281, 21.991393000184107], [88.98306300734356, 21.992799000181066], [88.99935900704241, 22.0071050007364], [88.9680870070262, 22.01436000053471], [88.98550400674245, 22.045916000280556], [88.98516900741207, 22.05522400034782]]], [[[89.01616800732552, 21.76331000089023], [89.0368350068063, 21.739956000765517], [89.05928000662368, 21.72591900022028], [89.01741000684974, 21.71778000092868], [89.01616800732552, 21.76331000089023]]], [[[89.00563800649867, 22.19851100083741], [89.05047500677463, 22.130632000327388], [89.01464700720074, 22.11400800009574], [89.03878800722384, 22.054903000546165], [89.02767300678576, 22.053522000620454], [89.02996800716662, 22.059122000383734], [89.02880100706543, 22.077131000057808], [89.02768600720154, 22.079153000419566], [89.02337700675933, 22.078786000788096], [89.02604800704849, 22.05293200059538], [88.98529000734077, 22.056982000181094], [88.97791200735458, 22.039922000574176], [88.99694100662326, 22.13802800082414], [88.97268600712941, 22.193438000752675], [89.00563800649867, 22.19851100083741]]], [[[88.98449000666851, 21.70568900089116], [88.9879060064749, 21.652980000505146], [88.99639200744703, 21.64903900075564], [89.02275900737241, 21.65402600053888], [89.02876200678926, 21.60482200051891], [88.99999900707257, 21.60167200053943], [88.9980330066954, 21.62220900035893], [88.99236200660938, 21.64414100066524], [88.98289500692566, 21.645912000281196], [88.96839900674243, 21.64169800071493], [88.96385900708876, 21.646129000601377], [88.96325700727522, 21.662990000167607], [88.95096600698245, 21.701010000721432], [88.97316000717639, 21.697389000173324], [88.98449000666851, 21.70568900089116]]], [[[88.96965700738933, 21.891250000715136], [89.029991006906, 21.834529000908447], [88.99415600723111, 21.81417200054729], [88.97049600654721, 21.775091000125705], [88.94278600672786, 21.78650100082818], [88.97650200704574, 21.804690000085337], [88.97888100712288, 21.82222600079057], [88.95035500662809, 21.83969100073147], [88.97912700665186, 21.867442000400718], [88.96965700738933, 21.891250000715136]]], [[[88.97055800741244, 21.72111000069842], [89.02412400668081, 21.68714600061304], [88.99299600680024, 21.651421000358532], [88.99250100669832, 21.701391000118175], [88.97055800741244, 21.72111000069842]]], [[[88.99002100739935, 21.79075100043329], [89.01395500667196, 21.789318000105574], [89.02330100701651, 21.758971000139166], [89.01454300724176, 21.765799000617275], [88.998810006877, 21.76694100005589], [88.99894600653256, 21.77041000067293], [89.01055200675707, 21.77612600053795], [89.0127190064658, 21.780545000090463], [89.00967400659053, 21.783763000119947], [88.99002100739935, 21.79075100043329]]], [[[88.96199700675734, 22.185584000437874], [88.98333000650382, 22.118890000110124], [88.92504800720714, 22.065259000145343], [88.92394200680327, 22.0242030008138], [88.94610700711347, 22.00000100048139], [88.93485900690717, 22.055140000763064], [88.9636380070986, 22.056991000362174], [88.97709600666873, 22.03839300032926], [88.96221800686811, 22.017222000955208], [88.97249700719276, 21.987792000819066], [88.99223400736, 21.970003000898288], [89.01352600666114, 21.97910600037987], [88.9909350072381, 21.951934000589358], [89.01257300663231, 21.901994000316652], [88.96883500644684, 21.921138000279047], [88.97197100687922, 21.92865300006848], [88.96467500709711, 21.934802000199884], [88.97618900697016, 21.93895400041151], [88.97638800712947, 21.946111000669692], [88.96250100717633, 21.93500000080024], [88.96610200686663, 21.922930000839592], [88.9358830073808, 21.9364910008528], [88.91272000704558, 21.994360000155776], [88.901436007064, 22.065282000060943], [88.94034500732543, 22.12797700085862], [88.89393500566052, 22.169699000711503], [88.91971700586275, 22.16111100063354], [88.96199700675734, 22.185584000437874]]], [[[88.9511120069748, 21.75777900082267], [89.01156600647447, 21.779620000283032], [88.99707100744436, 21.770560000854587], [88.99888700668957, 21.75307000040784], [89.01542700697074, 21.723929000827926], [89.00428000649245, 21.71607300028489], [88.98787700727591, 21.74664800061259], [88.9511120069748, 21.75777900082267]]], [[[88.93660100636669, 22.556434001290437], [88.99861100563999, 22.43029300145519], [88.9641650059661, 22.409167001216964], [88.95777800594412, 22.364722001359922], [88.9394450062968, 22.419011001785652], [88.9419480061989, 22.30988100009506], [88.89640800566278, 22.380380000847836], [88.93000000565337, 22.391390001714857], [88.92582000628252, 22.40623200170316], [88.90777600561435, 22.415832001868818], [88.91855700606527, 22.422010001865207], [88.92054000627277, 22.42669200113512], [88.89472200580235, 22.466112001112826], [88.91444300635295, 22.51111100137935], [88.90638600638826, 22.519170001713228], [88.91027900577157, 22.52361200161097], [88.90422800607755, 22.526263001902674], [88.90186200562687, 22.546442001592986], [88.89476700610773, 22.558469001838176], [88.93660100636669, 22.556434001290437]]], [[[87.88250000571809, 22.439443000600125], [87.94222300563818, 22.36638800026514], [87.94000300638137, 22.2602780007751], [87.98140800553723, 22.215851000360246], [88.00861400629371, 22.201390000636692], [88.13556000641456, 22.184723000708544], [88.18888900592174, 22.099166000937682], [88.06223300589004, 22.013060000570615], [88.0319430062203, 22.06388700045328], [87.99194200553984, 22.1025010005276], [87.96335500616208, 22.103478000366888], [88.05305500581568, 22.010278001041275], [87.96092721899996, 21.82606679020346], [87.70673658420428, 21.644578169522987], [87.49020214407525, 21.60264745194947], [87.44795876668633, 21.765759892942846], [87.27603415163206, 21.808193703964715], [87.23938515525744, 21.958925742695204], [87.17204187142612, 21.977918840797855], [87.16291307871704, 21.935132727202163], [87.09821418243017, 21.912507246473805], [87.09929318911603, 21.865031953976484], [87.03496717427375, 21.86998379100154], [87.00272093439885, 21.91210110018593], [87.03906420509833, 21.99365372593502], [87.02240475425121, 22.04565571396253], [86.96208667056705, 22.087680885687018], [86.83696673286373, 22.0993746599536], [86.79534192918301, 22.158106349241756], [86.72052881576741, 22.147647019347975], [86.72788532018102, 22.219302861105753], [86.80512850966134, 22.21769897742928], [86.79531842537473, 22.26678636064522], [86.80462475591523, 22.24499077298696], [86.81688784050944, 22.267924315560546], [86.89062992480288, 22.25614430061678], [86.8911863877695, 22.298080065396903], [86.83421400776808, 22.328494522491944], [86.84894907223305, 22.39986338317273], [86.76735838034664, 22.428956910839748], [86.75054169122689, 22.479324632560566], [86.80370688509748, 22.502448175834132], [86.7650844209381, 22.575933614783892], [86.65693578536643, 22.579255109706754], [86.6231786892704, 22.6766990127301], [86.54464155663797, 22.72387114684169], [86.51200871698059, 22.704751302018085], [86.42165917211865, 22.77959979997614], [86.46854519613069, 22.899560827487935], [86.4383566183018, 22.926279787381514], [86.52384945348092, 22.94720835073302], [86.54574471673129, 22.99005935807983], [86.51773266338148, 22.969113022769697], [86.30394154915021, 23.015978821679127], [86.21216899612922, 22.996758842022953], [86.14240786424388, 23.085631441937856], [86.05390291632658, 23.11112818847839], [86.0428558974685, 23.146014030446867], [85.92101756956778, 23.131889471508924], [85.8385107685651, 23.19487325763936], [85.83249600150234, 23.265249847120185], [85.88409289038457, 23.325778148601206], [85.8724084162946, 23.366849926956323], [85.90179833228297, 23.372596082602346], [85.86904636664683, 23.411909563342462], [85.87220520621143, 23.472087788219664], [85.95003334685855, 23.456543346502695], [86.05329449482241, 23.49555174568829], [86.0168642345622, 23.55346904014525], [86.04347151771823, 23.585251286202137], [86.1507842009081, 23.56963313229542], [86.1515068483185, 23.475059628410968], [86.24464582187778, 23.471724909244553], [86.24906369531243, 23.42168606945649], [86.2843290204434, 23.44320699860907], [86.30582909610858, 23.422185289609473], [86.37775984387258, 23.48473629248263], [86.3638042674027, 23.54504926154963], [86.44568456951565, 23.63151795010985], [86.53439180725321, 23.630919792508124], [86.69947617968005, 23.696432081931665], [86.79755977788926, 23.689323003608877], [86.82532407593389, 23.762939057199592], [86.79845402335376, 23.833149335495854], [86.82633973819544, 23.813116018436727], [86.87677407094877, 23.845960325024343], [86.88778682878318, 23.81629794708688], [86.9005564811354, 23.881691357904], [87.12945670889653, 23.79694648911983], [87.17171762243063, 23.821474407063466], [87.1362604301474, 23.868779155322937], [87.24146340245065, 23.854931117193992], [87.22377881088582, 23.83268195331453], [87.24793990834577, 23.82805861311832], [87.25346547099976, 23.90880633198606], [87.27562625153197, 23.874787127863524], [87.29973361010973, 23.90039262450899], [87.2433098327339, 24.042857124126105], [87.3375954569001, 24.03268332851419], [87.33308112081666, 23.997701980140224], [87.46306691533283, 23.983163390492507], [87.43895298761245, 24.010036690368285], [87.51562122623662, 24.041534524667924], [87.49872980385045, 24.116815474978214], [87.58120017932191, 24.086909526806785], [87.6126419135493, 24.130542041734493], [87.57447741373703, 24.157219765835755], [87.69455666894586, 24.15143075018433], [87.69755393353266, 24.187722130678157], [87.64279012361077, 24.213097183378608], [87.64079352660109, 24.244007125395775], [87.76128983131791, 24.30502226962565], [87.81504017446193, 24.40794979029377], [87.789820861404, 24.41585832208024], [87.827955705945, 24.49564759832144], [87.80022884101338, 24.492297583853958], [87.81146145381588, 24.54639500245227], [87.77458795108625, 24.58291033244271], [87.85329686725211, 24.552238009476685], [87.91504456284838, 24.595023739416924], [87.87785190025032, 24.611847988597926], [87.90670641985173, 24.613711832440412], [87.91851686733071, 24.659648061021286], [87.89176793533059, 24.675169447011417], [87.90599952592716, 24.722627785996675], [87.81917219722922, 24.754348195385948], [87.83897317267494, 24.788828057464162], [87.84049143305808, 24.764213189924185], [87.87063627804848, 24.775305689000593], [87.90227960744947, 24.855263334211948], [87.96632089867309, 24.769699235720648], [87.96543384763574, 24.68084178655486], [88.01346187085922, 24.668902662020788], [88.20060675465874, 24.459864612998423], [88.35454828620331, 24.37267292032218], [88.43719781915675, 24.37883860772041], [88.52507138131634, 24.34344177339916], [88.55560900572877, 24.298253908031345], [88.58383191306532, 24.325062769918862], [88.73025523544247, 24.293780636746988], [88.7489296551996, 24.140287121292317], [88.6986416933741, 24.114980547246965], [88.74146920523532, 24.061052248235118], [88.73100652978056, 23.996184976644923], [88.76253955320203, 24.00984343045555], [88.77476379389061, 23.986466931934018], [88.73876734722307, 23.97987743665608], [88.73532566239673, 23.914745392535405], [88.57989178640264, 23.86161595646859], [88.60558295347936, 23.818748040916276], [88.56315062825917, 23.786075283729883], [88.56548011937605, 23.644177965239], [88.59617271342172, 23.638671187318117], [88.58459917524279, 23.60288579955732], [88.64858413395342, 23.610180973802496], [88.66279997236178, 23.554835520636615], [88.74642722173449, 23.48301349297169], [88.80195281267004, 23.49709064340021], [88.76572179122786, 23.364111998907198], [88.7369851354277, 23.34996122041118], [88.74948397598507, 23.312226687563836], [88.70083474944921, 23.298937709700557], [88.72375401258184, 23.255161882382655], [88.8000069510842, 23.21809803017256], [88.82117530320849, 23.25346695541878], [88.92230211712459, 23.210790931796854], [88.99777282334598, 23.21481069831518], [88.87273120430933, 23.09800171749428], [88.8765210711406, 23.00709149633071], [88.84999216603943, 23.00768107673067], [88.91690487216208, 22.92146393419465], [88.91234629202232, 22.88029385304626], [88.97050202679634, 22.845396417411933], [88.92213433091632, 22.764745275754784], [88.9621749058082, 22.693815325597903], [88.93760600625164, 22.569933001886607], [88.89638500631708, 22.56333300177401], [88.86889000623216, 22.545836001207906], [88.84281200635195, 22.507874001677852], [88.85244800652511, 22.432832001863044], [88.8245310062176, 22.436120000814206], [88.82968200622811, 22.44675300186736], [88.81156000608014, 22.481379001428895], [88.79363300591206, 22.49886000163199], [88.77166600653491, 22.513381001390382], [88.78282100611182, 22.52115000195171], [88.78416500591551, 22.52500000152204], [88.76638800573727, 22.560835001185563], [88.78277500620582, 22.52277800152081], [88.76838000639545, 22.513440001134814], [88.7504200061574, 22.516966001855444], [88.73898400591776, 22.514181001068746], [88.73414500602432, 22.510919000462106], [88.70925900615049, 22.529077000801646], [88.69066600571512, 22.52441200032235], [88.69132900595123, 22.534059000663127], [88.68234300607577, 22.537444000680964], [88.68226500588182, 22.543782000200085], [88.67359100567522, 22.55002300089953], [88.68087000554648, 22.577384001233195], [88.67833800632395, 22.593611001040696], [88.67169900560472, 22.556684000273197], [88.67222600557399, 22.54944100102252], [88.68113000597663, 22.543691000710204], [88.68091600607646, 22.53638900088525], [88.69023100627795, 22.532949000282514], [88.6901940058087, 22.522981000377843], [88.70780300576598, 22.527694001038125], [88.73357300575837, 22.50999200014072], [88.77754900608798, 22.5068810017633], [88.77973900569808, 22.492638001851468], [88.7991550058853, 22.46138900031475], [88.80252100563634, 22.443423000731407], [88.81848200615764, 22.430573000689858], [88.84834300571279, 22.430564001584475], [88.84610800607156, 22.388332000921956], [88.8611070056176, 22.36502300096515], [88.87474700584649, 22.358119000547383], [88.87629000595238, 22.355311000683596], [88.87139200577856, 22.358892000167373], [88.84923500599668, 22.364542000197815], [88.82000742157514, 22.35972400056795], [88.87055100597154, 22.357782000318114], [88.93530400647654, 22.30174700054679], [88.95407900598263, 22.22524100080769], [88.91896900593657, 22.233033000579333], [88.9017800060814, 22.22407600059756], [88.88650500580556, 22.237662000662795], [88.89547800566002, 22.252390000589635], [88.88761100642026, 22.26593300077677], [88.87677100580242, 22.274493000270734], [88.87261900577994, 22.274550000296877], [88.86509700591354, 22.27081000042957], [88.86315100637445, 22.27639900015505], [88.84996800603697, 22.28930800089722], [88.84417000590996, 22.290281000904507], [88.86486000569006, 22.270151000861183], [88.88723700636785, 22.26490900094297], [88.88565700643902, 22.23621300060192], [88.90033700599251, 22.22285300078335], [88.91388700637793, 22.216109000562458], [88.9044880059251, 22.197242000980378], [88.91909700564717, 22.16562800098763], [88.89822500629039, 22.17790800010329], [88.87227000573536, 22.171369001017407], [88.86618000581419, 22.19414700018167], [88.88343800554085, 22.200052000598482], [88.88608600619136, 22.206823000762277], [88.88350600622978, 22.212271000996406], [88.8410110061379, 22.21426300094407], [88.87583900577262, 22.252803000503224], [88.83943200586995, 22.2155270004042], [88.8419500056651, 22.21174000103717], [88.8494650060474, 22.20978900073024], [88.88227700572276, 22.21160000039895], [88.88268300564822, 22.201021000961298], [88.85447000548142, 22.20621300041975], [88.85037200565309, 22.20247000051014], [88.84831200577031, 22.191551000887785], [88.844268006401, 22.190318000314974], [88.83436600579111, 22.209073000626265], [88.80671700565826, 22.208952000934122], [88.80548900553417, 22.221362000627998], [88.80053600591721, 22.226251000915095], [88.81082200576667, 22.22729200068943], [88.81855100581531, 22.23093900012427], [88.82842200631787, 22.241906000991143], [88.82956800601855, 22.253721000249715], [88.82730000621066, 22.265452000938406], [88.82027400627837, 22.265559000433772], [88.81545300561791, 22.282972000694798], [88.8118360057571, 22.2847200001375], [88.82581400592609, 22.242022000833963], [88.79846900620036, 22.225973000892875], [88.80554100643708, 22.208353000824104], [88.82749800572687, 22.19498600013175], [88.835029005718, 22.167230000604096], [88.80961600568713, 22.183339000894644], [88.79415200555852, 22.170571000395487], [88.76832500588199, 22.19361400064461], [88.74759000600923, 22.197850001032844], [88.78995828508948, 22.259368600870193], [88.73361200578502, 22.19555500102396], [88.70195700583673, 22.20944200091594], [88.66562700560497, 22.2174510010521], [88.63949500581225, 22.21309800067394], [88.684920006155, 22.294276000208697], [88.69055200574577, 22.326665000196257], [88.66612200610915, 22.339041000948804], [88.67916800557607, 22.293891000223613], [88.63091400632037, 22.222050000669952], [88.63934200601743, 22.208120000210396], [88.67246300567994, 22.201199000524674], [88.6192860059216, 22.10884100018229], [88.60462900563783, 22.159775000167375], [88.572746005856, 22.18910100025073], [88.60337100633491, 22.159089000731395], [88.59757200589952, 22.130621000548125], [88.61996500647915, 22.104549001001146], [88.62729700623183, 22.05481000094577], [88.62954000627957, 22.05061100034514], [88.63665700584268, 22.045290000535413], [88.60340000600415, 22.02356000055788], [88.606354006038, 22.047722000567333], [88.59673400559902, 22.063297000503642], [88.60166100623438, 22.073610000110676], [88.59658100642702, 22.06726700052753], [88.59834300581149, 21.96833000036365], [88.61485300619331, 21.935821000872856], [88.5783320057051, 21.88944500103505], [88.58638900590341, 21.928051000325855], [88.55027800627504, 21.921391000243087], [88.55139300614475, 21.934722000151826], [88.54360900557475, 21.970001000348002], [88.55638800624551, 21.97279000099878], [88.56333100563921, 21.960556000337498], [88.56778000632119, 21.958890000366942], [88.55721300610044, 21.973520000842512], [88.54331300575033, 21.971612000511996], [88.54866900602389, 21.922280000759105], [88.57064900635152, 21.904015000980266], [88.56343800627859, 21.89888900043713], [88.54504300631575, 21.90604100071929], [88.540275006177, 21.903486000694258], [88.53666700623394, 21.856671000325314], [88.4942640060783, 21.879091000716524], [88.52177500580105, 21.913743000150145], [88.5255360059124, 21.929441000908277], [88.52124900554325, 21.943200000150117], [88.49279800634086, 21.963683000298065], [88.51912000629734, 21.98824300078476], [88.53702500579553, 21.978805000165075], [88.54332000630808, 21.981994000965738], [88.54998000571995, 21.99620600019187], [88.55663200636897, 22.02318000035385], [88.55462000588271, 22.03571000030971], [88.54141900551306, 21.98171100094652], [88.51757000619357, 21.988728000114552], [88.49157000642106, 21.96689000031621], [88.49534600550983, 21.955084000434713], [88.52182800635137, 21.93901100022531], [88.52066100560687, 21.91539500021645], [88.5022200056097, 21.914723000818945], [88.4832370055449, 21.909959000952462], [88.47727300647564, 21.904380000999243], [88.47355600560293, 21.895341000616796], [88.47020700564063, 21.958901000535477], [88.46368500563413, 21.96352100100948], [88.44593000605421, 21.965960000971666], [88.46089300578124, 22.01157900024888], [88.44162700568543, 21.99106000079564], [88.44532800589644, 21.96415500064674], [88.46892400599282, 21.957969000702423], [88.45848100574844, 21.91884100086025], [88.4197250059497, 21.906552000410823], [88.40919500639475, 21.885559000436245], [88.38474200582563, 21.899152000445362], [88.40777500621283, 21.919493000191007], [88.39881100620138, 21.953092000361888], [88.37388700620482, 21.965278000739765], [88.39431000626978, 21.970662000651572], [88.37277900553809, 21.966659000282704], [88.4063640063839, 21.919785000661257], [88.38279800549356, 21.900681000256352], [88.38691000557385, 21.794680001065032], [88.35488100566334, 21.82280000054333], [88.37054500627646, 21.897798000133314], [88.36846200560237, 21.90570200095486], [88.35928400624636, 21.921626000336012], [88.35032700589716, 21.927461000835592], [88.35357700615657, 21.857154000129935], [88.30980000647817, 21.87768400098811], [88.26197900599668, 21.858690000335894], [88.26973700549232, 21.885192000418584], [88.25489800586776, 21.871339000363754], [88.26059800574355, 21.857860000377727], [88.31376500578342, 21.847310000558917], [88.30560400614965, 21.83031900043435], [88.27709200604839, 21.821914000863718], [88.2633960057894, 21.813796000425484], [88.25897300631522, 21.807621000145332], [88.25836200642041, 21.80077000102132], [88.26362700596263, 21.78800000079106], [88.28193700581018, 21.761100000278013], [88.25166300587678, 21.801942000694158], [88.2827370061986, 21.75758100052078], [88.27247700599615, 21.73091000071702], [88.27278200555261, 21.755751000286992], [88.21722300568148, 21.764445000298945], [88.16333100643297, 21.879444001014477], [88.17720900593737, 21.926111000309582], [88.15341900570442, 21.95744000039943], [88.21527900595099, 22.040000000452913], [88.20667300641105, 22.159721000410915], [88.16555800600723, 22.198890001027173], [88.06972500630944, 22.211945000752515], [88.10500300628655, 22.304699000418896], [88.0491550062008, 22.220001000815202], [87.98486300571324, 22.245701000497395], [87.94638900586467, 22.406111000764984], [87.92333100557282, 22.434999000532397], [87.88250000571809, 22.439443000600125]]], [[[88.96675800652957, 21.640832000452622], [88.9908370073617, 21.615000000253918], [88.9420710070735, 21.64015100047005], [88.95468800742417, 21.6769110006309], [88.96370600676906, 21.644082000064092], [88.96675800652957, 21.640832000452622]]], [[[88.92816100737177, 21.761950000523473], [88.98748000681948, 21.74472000085754], [88.96944500692109, 21.72277800084893], [88.97055800706487, 21.717500000945115], [88.98333000666163, 21.705831000427185], [88.92278200725897, 21.71970800034671], [88.92816100737177, 21.761950000523473]]], [[[88.92444600654235, 21.835833000517678], [88.97667000730436, 21.82083400038407], [88.9402770066139, 21.793055000455137], [88.94042300664958, 21.782366000232102], [88.96055700741793, 21.77277800026798], [88.92138700681323, 21.76611200046174], [88.91416900679978, 21.755559000329754], [88.93888900660774, 21.816667000334235], [88.93499800716518, 21.824444000399335], [88.92639200742607, 21.82389000065672], [88.92444600654235, 21.835833000517678]]], [[[88.92415700725346, 21.923892000514716], [88.97667000712114, 21.867501000107445], [88.9555590072719, 21.853890000297813], [88.95888600667786, 21.869723000177505], [88.94944800656984, 21.88667100044276], [88.94333600702718, 21.884722000842398], [88.94721900683828, 21.840562000630868], [88.93916200710439, 21.853612000488567], [88.91777700684752, 21.860557000197154], [88.91500100655192, 21.880832000293413], [88.90693800675365, 21.878890000942615], [88.92167000674208, 21.853890000253273], [88.93916200712854, 21.850000000264117], [88.88804600706071, 21.812221000475333], [88.87805200716011, 21.853890000679705], [88.81961700674775, 21.92819900063507], [88.85686500686543, 21.910707000220054], [88.92415700725346, 21.923892000514716]]], [[[88.93237300616718, 22.22500000062043], [88.96158700648046, 22.197210000521256], [88.93147900634159, 22.177012000506352], [88.90806600595137, 22.196310000471627], [88.93237300616718, 22.22500000062043]]], [[[88.88639100684131, 21.743329000457987], [88.94027700672629, 21.695278000519032], [88.9208290073059, 21.632221000358367], [88.87305400700357, 21.694444000246797], [88.88639100684131, 21.743329000457987]]], [[[88.88305700715453, 21.808057000350033], [88.93723200681437, 21.8166700008879], [88.89778200658183, 21.751944000556644], [88.90693800730327, 21.794170000798424], [88.88305700715453, 21.808057000350033]]], [[[88.93553900621215, 22.563700001449735], [88.93360800556796, 22.557783001404644], [88.93009100578679, 22.563426001878625], [88.93553900621215, 22.563700001449735]]], [[[88.84910700578858, 22.169172000567947], [88.89994100634897, 22.148092000415605], [88.91574900672376, 22.09030000097271], [88.83069600630058, 22.127081000890342], [88.86024500627191, 22.142449000199704], [88.84910700578858, 22.169172000567947]]], [[[88.85666700648406, 21.862779000592532], [88.87722000715353, 21.85167000004082], [88.88223200710092, 21.79721900088773], [88.89805600654407, 21.77861000096813], [88.89138700721078, 21.753610000891268], [88.91333100705631, 21.727779000555877], [88.83499900701493, 21.7816670003856], [88.85666700648406, 21.862779000592532]]], [[[88.90011600603877, 22.54678200159406], [88.89232600580294, 22.465353001468728], [88.90277800599564, 22.414724001190866], [88.9216700065473, 22.400552001531256], [88.88804600574308, 22.37833300017796], [88.89639200588618, 22.373611000348983], [88.89805600630983, 22.366666000502867], [88.87660200645884, 22.38691800076805], [88.88218600629096, 22.403636001417887], [88.85612400580695, 22.4227810017455], [88.86773700578047, 22.487868001401402], [88.84361200564717, 22.507398001312705], [88.90011600603877, 22.54678200159406]]], [[[88.91889200584946, 22.425279001748635], [88.91145300605149, 22.424722001494047], [88.91719200631279, 22.429030001341346], [88.91889200584946, 22.425279001748635]]], [[[88.7617270058693, 22.014907000537676], [88.90361000672965, 22.01056000037442], [88.90402300743273, 21.926481000404337], [88.84970200685386, 21.920391000091243], [88.78722400706305, 21.954999000525184], [88.75166300696229, 21.95693900090665], [88.75694300674031, 21.972501000653487], [88.75332600645359, 21.98528000096751], [88.76444200667405, 21.984441000275353], [88.7744450073622, 21.9897220006112], [88.78196800705228, 21.972704000427857], [88.8002920073238, 21.97045400062758], [88.77666500703467, 21.99083400023146], [88.75360900548802, 21.98805800045328], [88.77249800643054, 22.012219000842002], [88.7617270058693, 22.014907000537676]]], [[[88.87020900714002, 22.086900000316607], [88.89090600670603, 22.060357000393342], [88.87096400665806, 22.064357000224796], [88.8722220066664, 22.07907300046971], [88.87020900714002, 22.086900000316607]]], [[[88.83833300651168, 21.605277000633723], [88.87611500715248, 21.592223000761614], [88.90361000701684, 21.55583400081664], [88.84278000692798, 21.553888000425896], [88.83833300651168, 21.605277000633723]]], [[[88.90083400701099, 22.038060000251964], [88.87908200679541, 22.014521000105173], [88.85195100647961, 22.04168400071553], [88.88964100722791, 22.04557900091049], [88.89204400652261, 22.04933700089179], [88.88691800684778, 22.057784000256195], [88.90083400701099, 22.038060000251964]]], [[[88.86666800637302, 22.396944000113162], [88.88057700633534, 22.403212001863487], [88.8748480062721, 22.386832000781048], [88.89861200563183, 22.336673000809498], [88.86666800637302, 22.396944000113162]]], [[[88.89444800691912, 21.64972100053583], [88.8902750068475, 21.651945000243625], [88.88900800673895, 21.654573000809147], [88.89444800691912, 21.64972100053583]]], [[[88.85385900731852, 22.078971000057805], [88.87016400724006, 22.063051000865684], [88.89028900703275, 22.04783300082451], [88.8539500069436, 22.044626000592576], [88.8359610066939, 22.025450000602536], [88.84555200684704, 22.061670000644952], [88.82000000588421, 22.064172000415404], [88.8343810066893, 22.063890000922285], [88.85385900731852, 22.078971000057805]]], [[[88.86889000560706, 22.410555001263678], [88.87278000655417, 22.405001001664015], [88.86611200645477, 22.410833001851994], [88.86889000560706, 22.410555001263678]]], [[[88.70307100578596, 22.06936000042446], [88.80649600592606, 22.178011000487988], [88.83091000609114, 22.164762000715477], [88.83796000613597, 22.166681000904862], [88.82805700598301, 22.20804000035156], [88.84474900580693, 22.18919200083489], [88.8502510056846, 22.19220000089642], [88.8532410056943, 22.204332000410844], [88.8604890058908, 22.203295000189275], [88.8682860061656, 22.171187000311566], [88.85079100631843, 22.17356400041673], [88.84330000614717, 22.16718000101198], [88.85558400552407, 22.144190000718673], [88.80461100604175, 22.130541000113343], [88.77764200581743, 22.111221000814318], [88.73916600583836, 22.05699100014719], [88.70307100578596, 22.06936000042446]]], [[[88.8208320056511, 22.123061000401986], [88.84572700569112, 22.11942100094216], [88.86794200679476, 22.085020000969816], [88.83844700553104, 22.090193000180108], [88.86750000739917, 22.082503000482856], [88.85118100727017, 22.079363000391645], [88.83809000628686, 22.07307900061673], [88.81920700596116, 22.104422000972136], [88.80551200633221, 22.085081000147074], [88.8208320056511, 22.123061000401986]]], [[[88.83499900702365, 21.765560000421665], [88.86528000743607, 21.758611000786267], [88.83916500675711, 21.706943000133013], [88.85995600724803, 21.637226000635895], [88.84420000720874, 21.626995000874896], [88.84278000679129, 21.645281000645962], [88.83056600667408, 21.651952000321952], [88.8286130074001, 21.650555000088378], [88.84583200648909, 21.620001000439107], [88.80889800653901, 21.638790000309317], [88.81500200680927, 21.71000100025224], [88.7625110065284, 21.70137000061434], [88.83499900702365, 21.765560000421665]]], [[[88.85916900625595, 22.469444001389547], [88.85611100578073, 22.45889100165184], [88.85694000619284, 22.47250200123936], [88.85916900625595, 22.469444001389547]]], [[[88.8194420073354, 21.89999900024576], [88.84083600649303, 21.88694400059564], [88.82943800693268, 21.864718000893], [88.82138100658706, 21.872499000495218], [88.80027900682819, 21.87055500072738], [88.8194420073354, 21.89999900024576]]], [[[88.80892100566523, 22.081792000994355], [88.8277810064175, 22.086034000905247], [88.83621200684992, 22.066340000959336], [88.78721700560344, 22.0722220002396], [88.78124300590882, 22.048362000588206], [88.77194200644942, 22.054723000755963], [88.74809300553876, 22.058171001058877], [88.7842700063374, 22.107173000413642], [88.79889800590998, 22.10836200087024], [88.80149800553961, 22.08880100032009], [88.80892100566523, 22.081792000994355]]], [[[88.78500400593555, 22.49950300108578], [88.82168700620868, 22.43478900037809], [88.8348300059862, 22.43380300083297], [88.81923000630995, 22.432253000721957], [88.8039710057734, 22.44445300052947], [88.8025670058625, 22.45594900081402], [88.79194600635158, 22.48181300180411], [88.78055500648745, 22.494168001019357], [88.78500400593555, 22.49950300108578]]], [[[88.78757500563862, 22.059630000780416], [88.83220700682232, 22.027171000337216], [88.78015900600224, 22.037832000925594], [88.78757500563862, 22.059630000780416]]], [[[88.83027700701327, 21.766665000298623], [88.78389600742014, 21.765521000835], [88.82167100739717, 21.822901000537655], [88.83027700701327, 21.766665000298623]]], [[[88.77694700660352, 21.866952000937427], [88.78610900659412, 21.868331000804098], [88.78583600678184, 21.86527900053258], [88.7877800066393, 21.863611000776007], [88.82972100718975, 21.862220000339615], [88.79499800684147, 21.79138900033793], [88.78888800676945, 21.79582900027496], [88.79556300689877, 21.801671000872183], [88.7944420069144, 21.812501000305097], [88.78972000665249, 21.821390000698962], [88.78415600649103, 21.826110000679144], [88.76583200660244, 21.828890000776813], [88.78221200722352, 21.859720000407425], [88.77694700660352, 21.866952000937427]]], [[[88.71888600661858, 21.909166000488952], [88.73805200729363, 21.91777900042605], [88.7994470072071, 21.91972100066391], [88.80805300709028, 21.884444000231596], [88.7761090065966, 21.869721000639473], [88.77194200721843, 21.878060000360126], [88.75833100667194, 21.880002000644875], [88.75749900688862, 21.88639100081469], [88.75055700681564, 21.888891000711535], [88.74888700728664, 21.897223000095895], [88.71888600661858, 21.909166000488952]]], [[[88.80972300696568, 21.704709000542334], [88.79694400729731, 21.655277000370443], [88.73055300716452, 21.684721000239527], [88.7574990070122, 21.682276000299773], [88.80972300696568, 21.704709000542334]]], [[[88.72488500639118, 21.977939000510094], [88.75071000701288, 21.95485100041833], [88.7993920070168, 21.925929000378368], [88.73278000650559, 21.925277000781556], [88.72488500639118, 21.977939000510094]]], [[[88.773889007074, 21.649167000149305], [88.79805700648171, 21.59166600029823], [88.75194500710576, 21.57666500066735], [88.75824000709622, 21.600038000288258], [88.72956900663822, 21.639950000598393], [88.773889007074, 21.649167000149305]]], [[[88.78498100651238, 21.735551000797653], [88.75631700653578, 21.733741000105123], [88.76438900728961, 21.760500000377824], [88.74975500674958, 21.76964900022919], [88.76637200744716, 21.786790000829026], [88.78210500660452, 21.825194000719872], [88.79355500721603, 21.809741000889574], [88.78726300721961, 21.795797000199197], [88.79583000727042, 21.78722100036364], [88.78221900682236, 21.76694600025297], [88.78498100651238, 21.735551000797653]]], [[[88.77805300594457, 22.019720000441975], [88.77526100638094, 22.050044000354283], [88.77919700603518, 22.036841000189906], [88.79128300601387, 22.0319910002716], [88.77805300594457, 22.019720000441975]]], [[[88.68388300622918, 22.20724300066379], [88.78917000583223, 22.169448000755146], [88.73805200550304, 22.134541000463212], [88.68305100569482, 22.08083100105398], [88.73574000639867, 22.031615000679803], [88.72104700637749, 22.005300000098035], [88.66377200577756, 22.0237610004345], [88.63418700590935, 22.106211000380377], [88.68388300622918, 22.20724300066379]]], [[[88.72194700708943, 21.90332000091195], [88.7805640067224, 21.859440000087794], [88.76860800672148, 21.852500000692118], [88.7577660069395, 21.78111100030531], [88.75166300696696, 21.815282000268798], [88.70749700661818, 21.811389000189877], [88.72805800723832, 21.837499000185332], [88.69666200653495, 21.838055000944337], [88.72194700708943, 21.90332000091195]]], [[[88.71896400660228, 21.8042300007177], [88.72805800709872, 21.77777800067018], [88.75926100696046, 21.759219000493523], [88.75277000685391, 21.73157800041908], [88.7766580072072, 21.72111000088428], [88.73586400737852, 21.71929100007186], [88.76275700674233, 21.692931000290923], [88.72929300718172, 21.68675700025313], [88.73077400727077, 21.68203200038815], [88.7549970066572, 21.665640000896786], [88.74804800736042, 21.658331000772314], [88.71111200695233, 21.690180000230857], [88.69499900741985, 21.74389000083051], [88.71896400660228, 21.8042300007177]]], [[[88.75723300553926, 21.99360100052385], [88.74257600567601, 21.990495000707103], [88.75871200623894, 22.007064000213628], [88.75723300553926, 21.99360100052385]]], [[[88.72936300695234, 21.63409700080967], [88.75718700685424, 21.59898000010905], [88.73583200720576, 21.57167200070155], [88.70720600721798, 21.59422100006839], [88.72936300695234, 21.63409700080967]]], [[[88.75554600709796, 21.780281000709152], [88.72750100688965, 21.793334000194356], [88.75063200733659, 21.81421500036044], [88.75554600709796, 21.780281000709152]]], [[[88.69638900740716, 21.713334000165315], [88.70856400699815, 21.680051000315043], [88.75137300655744, 21.64872000019358], [88.72315300680933, 21.63832900024187], [88.68704200744877, 21.683331000828716], [88.69638900740716, 21.713334000165315]]], [[[88.72894200576556, 22.11321900088134], [88.73010200593006, 22.123970000751935], [88.73627400557903, 22.128777000924025], [88.72894200576556, 22.11321900088134]]], [[[88.7339860059628, 22.042261000865654], [88.7309340061668, 22.0435990009044], [88.73091800582436, 22.045299000480224], [88.7339860059628, 22.042261000865654]]], [[[88.72313700615075, 22.10110600069397], [88.7017680059877, 22.086642000831908], [88.69288600588946, 22.078077000621366], [88.69203100604751, 22.085519000847807], [88.72313700615075, 22.10110600069397]]], [[[88.64987900641543, 22.01539200077364], [88.71578200552561, 22.000641000540504], [88.69308400613066, 21.969800000487698], [88.68644000588165, 21.973501000526234], [88.69287200613007, 21.984052000253], [88.6900870061979, 21.989540000590974], [88.68666800624983, 21.991110000379827], [88.68482200556298, 21.974060000545638], [88.69232100642948, 21.956672000781303], [88.63304900582202, 21.951879000852593], [88.64987900641543, 22.01539200077364]]], [[[88.68953800601503, 22.081904001010482], [88.68985700573496, 22.079980000413794], [88.68899500622095, 22.081904000907794], [88.68953800601503, 22.081904001010482]]], [[[88.62338400627903, 21.901410000558887], [88.66750300621038, 21.91167100083623], [88.63445300567939, 21.870560000772556], [88.63633800624442, 21.878131000757328], [88.62338400627903, 21.901410000558887]]], [[[88.6236120058097, 21.89666700030672], [88.6333320057575, 21.869723000510163], [88.65351800577, 21.8677090003423], [88.63889300651837, 21.784718000276854], [88.621109005762, 21.83139100100254], [88.59471900574266, 21.85444400095767], [88.6236120058097, 21.89666700030672]]], [[[88.63445300679615, 21.651389000809075], [88.63138600728999, 21.668890000650208], [88.64039500656985, 21.678574000256333], [88.63445300679615, 21.651389000809075]]], [[[88.63610800623783, 22.051111000974142], [88.6283270056033, 22.055281001018617], [88.63083600629038, 22.063069000827227], [88.63610800623783, 22.051111000974142]]], [[[88.61389100728647, 21.788762000687253], [88.63083600720715, 21.74250000047966], [88.60888600685928, 21.708055000973577], [88.62305500671047, 21.73666500013402], [88.61650700720996, 21.744410000421123], [88.58625000662357, 21.756598000850147], [88.61389100728647, 21.788762000687253]]], [[[88.58444200681168, 21.776110000241623], [88.5856090065845, 21.753891000160717], [88.616371007389, 21.727626000867897], [88.57972000722316, 21.725839000661516], [88.58444200681168, 21.776110000241623]]], [[[88.59462800584087, 21.848680000469855], [88.6180500060669, 21.82924400035948], [88.61416700704058, 21.79806000096039], [88.57604100618525, 21.81703400031204], [88.59462800584087, 21.848680000469855]]], [[[88.58779000707632, 21.701441000104143], [88.60549200730551, 21.67386300016109], [88.58854700664978, 21.657331000940967], [88.58653200656515, 21.66949000029904], [88.58039000669986, 21.682994000536116], [88.5919430067523, 21.690560000946153], [88.58779000707632, 21.701441000104143]]], [[[88.56752900741003, 21.690469000899984], [88.58583000675549, 21.658055000402822], [88.60571400682421, 21.6244020005183], [88.60222000682919, 21.62055700049458], [88.55397700646147, 21.63953100013861], [88.5708090070839, 21.666000000883912], [88.56752900741003, 21.690469000899984]]], [[[88.5545880070996, 21.734839000223978], [88.59069900666988, 21.690629000881017], [88.58024600707033, 21.684680000535046], [88.56993800721507, 21.710621000320693], [88.55280300695036, 21.724041000493656], [88.54301400674886, 21.72391300073415], [88.56829900715839, 21.709760000505327], [88.5742040073132, 21.69402700028936], [88.5627220071839, 21.70636400016676], [88.55694700727602, 21.706391000062837], [88.55278100649932, 21.70277900015248], [88.54859200668636, 21.6364010004966], [88.5172190061564, 21.71140100042308], [88.5545880070996, 21.734839000223978]]], [[[88.52437600700931, 21.653201000323484], [88.5875010071922, 21.60194300059554], [88.55000200676453, 21.563610000843347], [88.53695000730202, 21.586951000381692], [88.54286200698387, 21.58916200071636], [88.55635900649108, 21.599112000952527], [88.55666400674515, 21.60444600084799], [88.51000100684443, 21.6022210009273], [88.52437600700931, 21.653201000323484]]], [[[88.58274900556589, 21.86555000021009], [88.58142000580186, 21.873452000900638], [88.58468600575317, 21.876590000280473], [88.58274900556589, 21.86555000021009]]], [[[88.56053900642881, 21.897827000628823], [88.5727390064431, 21.858360000382646], [88.55103200638973, 21.817292000300366], [88.53055700600007, 21.84916800054415], [88.54250400640326, 21.8555610006741], [88.55026200583544, 21.88095900084382], [88.54116200584895, 21.902561000502722], [88.54557900561004, 21.90462600065583], [88.56053900642881, 21.897827000628823]]], [[[88.55631300613216, 21.80588000092998], [88.57250200687885, 21.73555500063509], [88.54171800566264, 21.737679000430703], [88.51944800577472, 21.71916600061083], [88.50438800590045, 21.757410000636778], [88.5254810059865, 21.77366000052822], [88.53263100614511, 21.782961000387076], [88.53528600557324, 21.792021000346843], [88.50619500595658, 21.776033000241892], [88.55631300613216, 21.80588000092998]]], [[[88.55916700606937, 21.82972200042281], [88.55755500617948, 21.823983000121796], [88.55664100554331, 21.824024000268007], [88.55916700606937, 21.82972200042281]]], [[[88.53649200570351, 21.853717000932054], [88.54190000574566, 21.856972000197644], [88.53656700626277, 21.853250000438056], [88.53649200570351, 21.853717000932054]]], [[[88.5063860067742, 21.59305900022105], [88.53388900704213, 21.578060000376283], [88.53083000719872, 21.542209000589807], [88.4817060066047, 21.554726000739425], [88.5063860067742, 21.59305900022105]]], [[[88.51583100569131, 21.83944500081547], [88.52777800604723, 21.841111000275863], [88.52417100568671, 21.83500100080365], [88.51583100569131, 21.83944500081547]]], [[[88.50888900645288, 21.91055400059028], [88.49028000580071, 21.889445000396787], [88.4766690057847, 21.898889000743786], [88.48860900607288, 21.91028100069403], [88.50888900645288, 21.91055400059028]]], [[[88.50527900570293, 21.78298900024871], [88.5022590056422, 21.78470000101215], [88.50638600546499, 21.788333000455964], [88.50527900570293, 21.78298900024871]]], [[[88.47712700571537, 21.83444000020335], [88.48583300591451, 21.798610000183007], [88.44966800636809, 21.811428000918525], [88.47712700571537, 21.83444000020335]]], [[[88.44843300615587, 21.90487200023261], [88.48916500576316, 21.838891000684438], [88.47675300621454, 21.837200000673263], [88.44870800589793, 21.816610000192973], [88.44890700557711, 21.80553100026626], [88.46308100551818, 21.79036600091876], [88.42402500586172, 21.81240100020972], [88.41826600579391, 21.81161200070888], [88.40152800599179, 21.798031000881714], [88.39998700612298, 21.87249900064175], [88.44843300615587, 21.90487200023261]]], [[[88.46128900606743, 21.78862500013919], [88.46721700603128, 21.737221000167317], [88.43313500640028, 21.704481000670047], [88.42336200611517, 21.76772500043637], [88.46128900606743, 21.78862500013919]]], [[[88.45639100586624, 21.706111000347217], [88.4706880060945, 21.672991000960895], [88.44223100574497, 21.615000000648532], [88.41941000594218, 21.68917900043463], [88.45639100586624, 21.706111000347217]]], [[[88.45350600568054, 21.907249000981295], [88.44226100603083, 21.908769000186524], [88.45647300618319, 21.913815000976825], [88.45350600568054, 21.907249000981295]]], [[[88.38265900583946, 21.77910000052859], [88.44268700566711, 21.79965100030588], [88.42086000604931, 21.767231000464765], [88.42276000559967, 21.71982000051236], [88.38265900583946, 21.77910000052859]]], [[[88.41682300591444, 21.725032000535077], [88.41116400623075, 21.65866200086038], [88.4319390062503, 21.62736000076116], [88.39861300602712, 21.595557000781515], [88.37972400581602, 21.680831000376234], [88.40387800578675, 21.715191000343054], [88.36863800632153, 21.727341000429437], [88.38674100611192, 21.733850001015117], [88.39499600562264, 21.75500100069775], [88.41682300591444, 21.725032000535077]]], [[[88.42512600636358, 21.903603000672422], [88.42277600624439, 21.906110000197295], [88.42548400595382, 21.904722000896964], [88.42512600636358, 21.903603000672422]]], [[[88.34278800614474, 21.754390000350398], [88.35974900605903, 21.745620000654373], [88.35968800571199, 21.73450000014904], [88.36528100617062, 21.72222000053587], [88.3980570056889, 21.713334000643506], [88.36055800579909, 21.68639000096413], [88.33750900602195, 21.71077000059342], [88.34889100625149, 21.72555400013109], [88.34278800614474, 21.754390000350398]]], [[[88.37281800591398, 21.763609000865326], [88.38500900552155, 21.738611000901525], [88.3619080063272, 21.732699000669744], [88.37281800591398, 21.763609000865326]]], [[[88.31514600605139, 21.85759800043511], [88.35272300614126, 21.854243000837858], [88.35141700574185, 21.821905001022547], [88.37790700579615, 21.768603000158187], [88.34345300585986, 21.760270000945706], [88.31585800577798, 21.70905300089207], [88.31085900613651, 21.795635000520214], [88.29601300638653, 21.774050000874325], [88.28556100617874, 21.789409000860758], [88.26259600620362, 21.7953210005085], [88.26007100556018, 21.80650500105882], [88.30773200623693, 21.83030100033008], [88.31535400618431, 21.844660000442925], [88.31514600605139, 21.85759800043511]]], [[[88.30036900588247, 21.704030000790652], [88.35806900601011, 21.647501000268928], [88.31527600570554, 21.608056000918268], [88.31579600564372, 21.677592001059452], [88.30036900588247, 21.704030000790652]]], [[[88.23182600600006, 21.76112000101208], [88.27200200630047, 21.75440600054298], [88.26207000629209, 21.73017400057943], [88.3116690058871, 21.671940000171013], [88.2863930056515, 21.603889000422797], [88.30611400559359, 21.580278000190898], [88.27665600622196, 21.558890000235692], [88.2430570062617, 21.568888999897364], [88.21611100618306, 21.617491000205575], [88.23473400578361, 21.635378000535418], [88.23300200636984, 21.669020000508997], [88.19840900553773, 21.685462000176322], [88.22038200587187, 21.700030000843288], [88.23182600600006, 21.76112000101208]]], [[[88.30110200621614, 21.720850000557018], [88.27803100550952, 21.728171000234457], [88.28890900559483, 21.77848500096803], [88.30288700571923, 21.755559000828463], [88.30110200621614, 21.720850000557018]]], [[[88.26362700592527, 21.792360000600567], [88.28800200599649, 21.78196100046715], [88.28333200555811, 21.769444000507043], [88.26362700592527, 21.792360000600567]]], [[[88.27916800553389, 21.769722000158346], [88.2825000064146, 21.767500000726358], [88.28279200592073, 21.765011000342433], [88.27916800553389, 21.769722000158346]]], [[[88.2069470063761, 21.717219000330918], [88.19555600607326, 21.681943001051604], [88.23166600578294, 21.643610000773897], [88.2116690061131, 21.62083000039426], [88.21194500624178, 21.601666999202155], [88.18138900556917, 21.686109000276527], [88.2069470063761, 21.717219000330918]]], [[[88.20221800546102, 21.76139100038866], [88.19388500632971, 21.763331000745836], [88.19999800571436, 21.769170000742378], [88.20221800546102, 21.76139100038866]]], [[[88.19944800603433, 21.727779000756502], [88.19613700584092, 21.73058000081887], [88.2013790054565, 21.736670000189886], [88.19944800603433, 21.727779000756502]]], [[[88.16777800565748, 21.59166599989777], [88.188889005735, 21.581938999238243], [88.18666900635515, 21.559999999884038], [88.16777800565748, 21.59166599989777]]], [[[88.18138900622962, 21.82667000055235], [88.18555500578192, 21.819165000216522], [88.17778100624358, 21.82529200096743], [88.18138900622962, 21.82667000055235]]], [[[88.1852790063435, 21.789441000238746], [88.17888600626242, 21.793055000353156], [88.18083200565052, 21.795834000599736], [88.1852790063435, 21.789441000238746]]], [[[88.16694600605533, 21.806666000933994], [88.17166800576791, 21.79193200022954], [88.167221006143, 21.791111001042754], [88.16694600605533, 21.806666000933994]]], [[[88.1383520057249, 21.872499000484694], [88.17066300625348, 21.742402000802645], [88.15472500612529, 21.64999900080454], [88.10917000574939, 21.625833000044693], [88.0366660060321, 21.67500099982283], [88.1383520057249, 21.872499000484694]]], [[[88.15972100574075, 21.929170000799424], [88.17166800617709, 21.929170000603378], [88.1652680058066, 21.916111000745257], [88.15972100574075, 21.929170000799424]]], [[[88.14138700562327, 22.02639100106718], [88.04611300598438, 21.913061000600543], [88.07026700560222, 21.990830000696732], [88.14138700562327, 22.02639100106718]]], [[[88.1161120055108, 21.918319000389108], [88.14462400587433, 21.915260000542485], [88.12944700601432, 21.898889000726783], [88.1161120055108, 21.918319000389108]]], [[[88.13594700634515, 21.89534100017242], [88.13859600577393, 21.89809900060943], [88.13601800578849, 21.894470000862835], [88.13594700634515, 21.89534100017242]]], [[[88.11277700546978, 21.910554000415598], [88.10930000553284, 21.883881000329048], [88.10444700579876, 21.897779000385764], [88.11277700546978, 21.910554000415598]]], [[[88.0305620064134, 22.058889000729653], [88.02833600624828, 22.062499000300207], [88.0313870057778, 22.06056000018105], [88.0305620064134, 22.058889000729653]]], [[[88.01583000545749, 21.581669999349327], [88.02027900596987, 21.566667000120813], [88.01470900570948, 21.578608999838945], [88.01583000545749, 21.581669999349327]]], [[[87.98779200603066, 22.217501000349248], [87.99388900594657, 22.2155620006531], [87.99666700589842, 22.212779000423264], [87.98779200603066, 22.217501000349248]]], [[[87.93630717421588, 21.749744358550174], [87.95980152551955, 21.75572576222923], [87.93441271494645, 21.743616750388714], [87.93630717421588, 21.749744358550174]]], [[[87.938057006339, 22.39666900057727], [87.9327780058019, 22.408889000575115], [87.93333400578177, 22.40972100055674], [87.938057006339, 22.39666900057727]]], [[[87.92395800600411, 22.425620000935275], [87.92337900555353, 22.42791100067926], [87.92568100559373, 22.424830000908077], [87.92395800600411, 22.425620000935275]]], [[[87.91055200594319, 22.43306000057708], [87.91831900636126, 22.430001000531327], [87.90805900626002, 22.43083100053691], [87.91055200594319, 22.43306000057708]]], [[[87.88295207849389, 21.756726044076068], [87.89935201100258, 21.760711653001206], [87.87896051713828, 21.74446417140118], [87.88295207849389, 21.756726044076068]]]]}}, {"id": "11", "type": "Feature", "properties": {"subdivision_id": "GUJARAT_REGION", "name": "Gujarat Region, Daman, D & N Haveli", "n_districts": 20, "area_km2": 81578.82322124191}, "geometry": {"type": "MultiPolygon", "coordinates": [[[[72.36181067792782, 22.260694504796447], [72.36207770669384, 22.20514106832143], [72.39152716958415, 22.167917252222953], [72.37597083415085, 22.149862290135246], [72.35901832016438, 22.172643662315668], [72.36374854425331, 22.189031601505516], [72.35764502907209, 22.1929225930166], [72.3565311369468, 22.148202896851743], [72.34124946001563, 22.124582291263305], [72.31624411927528, 22.146532059568404], [72.31764411329107, 22.180696487931435], [72.29430579542883, 22.202363968119815], [72.32319831292838, 22.122640609975306], [72.266513937608, 21.971910301291825], [72.24153327335013, 22.04958534311238], [72.2979221284326, 22.063470840735057], [72.30014228197648, 22.108751297567323], [72.26541709317753, 22.105421067264043], [72.27819251378878, 22.08041954074016], [72.23319434485114, 22.053754806654467], [72.23263739972788, 22.017641068364362], [72.17236518248144, 22.04153251713818], [72.20041846635513, 22.004304886428702], [72.213739389531, 21.999029159791824], [72.22429847145844, 22.006811142463235], [72.23097419126769, 22.007642746363523], [72.19997112563036, 21.98529043911215], [72.03190680118993, 22.123646152397725], [72.01912031120017, 22.103639810913695], [71.90620801654336, 22.12477152614138], [71.85056679263093, 22.095420559059903], [71.8406866913751, 22.131000689391893], [71.7581732280411, 22.133096475247346], [71.73399102240433, 22.182037648256582], [71.62334731833828, 22.210903043156165], [71.64937213000493, 22.24697420567008], [71.60733972656784, 22.338232891332407], [71.64287360480868, 22.399396673058195], [71.70282945431802, 22.396160826822126], [71.7340635280863, 22.36067406093502], [71.82708439160243, 22.392981750869236], [71.83178344926156, 22.355792194124668], [71.89056621960107, 22.418875887946022], [71.92710231793309, 22.37828898844165], [71.92298449131671, 22.449357306196816], [71.96115727548995, 22.469443593406353], [71.90678645215533, 22.483042115867732], [71.93424170578464, 22.537570798185325], [72.03109220972841, 22.50635307383136], [72.05025888744481, 22.44443394310315], [72.08439514444883, 22.437249588047944], [72.16120127781113, 22.479450132794838], [72.14280661052118, 22.51421265424289], [72.18744187546784, 22.54426656129046], [72.1163038854882, 22.598759212567852], [72.06513680239783, 22.59388075621291], [72.02678004303976, 22.679191491809394], [72.08977856617066, 22.675561664349964], [72.10637840941529, 22.72049105513484], [72.0568592537398, 22.747391510274735], [72.0351054597317, 22.84258653785408], [72.0237848789156, 22.790848707881903], [71.98339989795281, 22.85550367764607], [72.01575360875964, 23.056246006945628], [71.98128023664027, 23.068664435665806], [71.94962760906255, 23.03957981702284], [71.90075448380053, 23.110476071566698], [71.91001754190249, 23.18086096045147], [71.99033678979247, 23.215709690421665], [71.99895553209494, 23.249400380482072], [71.94754241298669, 23.24209989568453], [71.92799752237894, 23.26947290881558], [71.8746547133776, 23.22749891239201], [71.89546710695986, 23.332879745225032], [71.874417196223, 23.38347949470969], [71.9626465706749, 23.397626404665708], [71.99969032878134, 23.50365613033924], [71.97693637844793, 23.52782977836034], [71.78546463587949, 23.40113338033967], [71.76029619006096, 23.418040508453295], [71.77825103594765, 23.457656222267715], [71.7274023335574, 23.495134676078205], [71.59480216330664, 23.504316384766213], [71.50860947766085, 23.475499905209503], [71.51789023041226, 23.52832357477999], [71.44836055822405, 23.472136905244838], [71.47008675493703, 23.557380339341044], [71.42185475008765, 23.567303579073386], [71.42183203676784, 23.627654807181987], [71.39345854779286, 23.60387194696978], [71.37784692722542, 23.649793844167306], [71.22834213882827, 23.65724454332723], [71.20961922356534, 23.732433492502814], [71.14665548401037, 23.730123606483453], [71.17821308596233, 23.71062681388125], [71.13930359059576, 23.6288694392028], [71.08494306283198, 23.599100875571676], [71.0375531820544, 23.63670673224835], [71.0707116650326, 23.730434869970832], [71.04287816812426, 23.79816769258595], [71.09624690097405, 23.895230853479788], [71.29896835047658, 23.928840423484136], [71.3161236205084, 23.981645606207337], [71.28617990953514, 23.99842077871844], [71.34338706365719, 24.118803169132807], [71.27878369783822, 24.133765111918706], [71.27626671613031, 24.161794190493005], [71.3231299952669, 24.14825857895414], [71.37103013518718, 24.178774632517317], [71.28895698233679, 24.257110181739396], [71.31213438468131, 24.25481185142901], [71.32183665373898, 24.321848504995685], [71.39507817658867, 24.349153147264843], [71.3823695127041, 24.39329203855388], [71.33037921732941, 24.39526624699382], [71.34931732184918, 24.517659713421903], [71.25960430476917, 24.511981195635656], [71.26653452616952, 24.545496458517647], [71.3114482560901, 24.558671559728534], [71.28890364590205, 24.612805530926362], [71.31783226974424, 24.648020957828052], [71.34818091866454, 24.659027735577595], [71.3745260718639, 24.626545117422232], [71.52908810312304, 24.683269213450423], [71.65397345618395, 24.637169039557342], [71.79193830698154, 24.673994863367227], [71.80463320328049, 24.625224273881766], [71.8513722526249, 24.607423891432635], [71.86967299986199, 24.678382769330955], [71.93749525935411, 24.629771667243475], [72.04630600891639, 24.708482440404783], [72.07916435184475, 24.699593096269208], [72.07869481025382, 24.65531332171618], [72.15937179652082, 24.61680739049112], [72.3483391758042, 24.619868135240903], [72.2451632557231, 24.582202920143708], [72.28931671633362, 24.540335739454434], [72.352355763142, 24.554242714885042], [72.38072070755938, 24.5021390665004], [72.43706267567784, 24.505726016261907], [72.45911706829962, 24.408502542622973], [72.50226805830115, 24.4111964486509], [72.49520515997162, 24.451597317340376], [72.53946082110221, 24.508056342673708], [72.69248807464162, 24.458004650033544], [72.72768424600926, 24.36194483581484], [72.86366386228616, 24.366152555516575], [72.91955467141871, 24.32652477906627], [72.98734873246217, 24.364011458102482], [72.95912937149181, 24.383861810393864], [72.9964665643648, 24.470682841079412], [73.09079742649548, 24.494575790145102], [73.10467268005782, 24.426116270635664], [73.08118563625456, 24.39431772361132], [73.16634347359205, 24.350319653956085], [73.22805309338294, 24.364180633354984], [73.17694181957411, 24.30111629430329], [73.14117242616777, 24.307553272760416], [73.07851349895336, 24.184797567600413], [73.10999941906077, 24.13832341053992], [73.21987547257352, 24.097719187799274], [73.19486346771139, 24.051009957950598], [73.24180152661091, 24.01016802319074], [73.3700194567394, 24.127334383766122], [73.42102674614341, 23.930144825658402], [73.3581383273051, 23.861074069215256], [73.35858641006473, 23.786625917576025], [73.41657198968599, 23.778414750721822], [73.50474153056429, 23.702251988781356], [73.50955907003758, 23.61572411182818], [73.57359647702037, 23.65416182683568], [73.65724860911165, 23.621547650197453], [73.62890274636287, 23.451099968544767], [73.70059224873174, 23.454370787795728], [73.7225221633464, 23.41121866527114], [73.7612775963878, 23.457061601612338], [73.77964500806866, 23.433081803988696], [73.82885400063263, 23.445134018989933], [73.89100392407657, 23.33543530791868], [73.93577538486822, 23.339655719274816], [73.95945802650354, 23.379592164486727], [74.04156280049548, 23.29418216864465], [74.10384874435611, 23.29212669038518], [74.13340050196044, 23.26269212440692], [74.12418404095216, 23.17684637377652], [74.18026979614224, 23.150151600335843], [74.20495488141917, 23.189940734578595], [74.2435380124132, 23.186099567122575], [74.28001907268217, 23.092824405542743], [74.3467652610594, 23.027996910819198], [74.3595079537506, 22.930857523415096], [74.39791702937278, 22.897112872338244], [74.46055524270419, 22.911123657830963], [74.46959168952057, 22.830322592529118], [74.37825094013378, 22.63649388704754], [74.2622199509872, 22.642800488666204], [74.14968694085273, 22.51556272304673], [74.04070267104431, 22.540392305034366], [74.0330940397924, 22.489805337171987], [74.08142159334876, 22.506754089943957], [74.07416313131564, 22.46389722651693], [74.11916553329011, 22.41902394961483], [74.14050932922036, 22.454880233548487], [74.18305998562973, 22.44228035798583], [74.18725798058294, 22.47599825319281], [74.2010262738362, 22.43527693084911], [74.29080161304516, 22.392498480566392], [74.20314581732893, 22.36575821676517], [74.18729142677162, 22.320097372981078], [74.13036793849861, 22.33055472953944], [74.1080245787939, 22.369854601909115], [74.06791999135253, 22.358545926561707], [74.0715390424754, 22.22021407678232], [74.11868100891797, 22.2111700600868], [74.12605380417257, 22.096030670332873], [74.17664680010094, 22.08486613398272], [74.09330019603523, 22.013844765238876], [74.14957424953862, 21.984750966767663], [74.14458749979947, 21.95905511529576], [73.80496473097418, 21.822136304536976], [73.89263060207035, 21.666014573497456], [73.78172335847952, 21.623944467068043], [73.85500973136475, 21.494671946570172], [74.0203811698824, 21.551267556856356], [74.17718096723576, 21.56024704027528], [74.20062072731628, 21.527683600815617], [74.3048544495873, 21.56567919394956], [74.32346265807035, 21.494120101019504], [74.10597248327824, 21.44669464087686], [74.06203801341341, 21.480566916285547], [74.04328834597715, 21.418105822274157], [73.94726130572634, 21.401157413688114], [73.94277975905428, 21.296377138120963], [73.82601114935896, 21.266433803769615], [73.81626907912695, 21.170943485781944], [73.62942168210265, 21.131914846436537], [73.60614746886311, 21.17532779484854], [73.58117419978629, 21.167199935521054], [73.65301353313968, 21.107617121666273], [73.74601281336494, 21.113214183277513], [73.73379415857164, 21.08400759911552], [73.7637637310417, 21.06736264113668], [73.81131902000014, 21.083801852940336], [73.79619851080966, 21.045005659521124], [73.90025327682268, 20.98215733038741], [73.94324881070828, 20.741389446837164], [73.81586559782258, 20.693053470978718], [73.8314893707126, 20.615010965543973], [73.66322759343778, 20.561786119279446], [73.59966082538479, 20.635781211410333], [73.53050283295738, 20.673405433355313], [73.49039620817234, 20.65303313686536], [73.47458204000283, 20.716833578514713], [73.44555453384667, 20.7101073076863], [73.39430190785592, 20.642327165482232], [73.49259257700893, 20.539887547750745], [73.38260402100025, 20.390033503682904], [73.41476292622116, 20.35190707737466], [73.42114122329728, 20.206097842092852], [73.30186746778467, 20.207217520457522], [73.28423934377079, 20.153926563256313], [73.2498971329163, 20.124743480801357], [73.22296145751729, 20.140724180188943], [73.17591767036122, 20.05312008327439], [73.05021259917808, 20.099433273607254], [73.03472427004499, 20.0721772824097], [73.00688603713061, 20.135380675566083], [72.96245338348989, 20.131283125397506], [72.9597382833918, 20.21279024803047], [72.91755933670645, 20.223887092713557], [72.8390604767291, 20.20857252337889], [72.79032555802651, 20.125744353670914], [72.72927533700513, 20.136806669491197], [72.76944581336394, 20.21247642781376], [72.7384167666415, 20.235013625074696], [72.75984686240557, 20.334737159463867], [72.87302357451746, 20.506412410809002], [72.88267951798962, 20.610179789406647], [72.78286722575196, 20.89979301644304], [72.78312142799217, 20.931337475862346], [72.84577387291587, 20.947522956074156], [72.75609543691687, 20.930638988670655], [72.72202378040485, 21.039977500934295], [72.75507572603861, 21.05185888113517], [72.69388856270623, 21.06514812750258], [72.72069739800256, 21.143194199891017], [72.68263816333605, 21.158193587773326], [72.66707419706896, 21.155420303955527], [72.65986060652287, 21.1387500757332], [72.65902900222225, 21.08793067943912], [72.65152930688281, 21.07680702213326], [72.6323642682284, 21.081529618201404], [72.61847113987994, 21.222639083748863], [72.6468067107833, 21.21736335717142], [72.65236091108137, 21.220140457372608], [72.653196329902, 21.226804732939925], [72.60958289549609, 21.229860305291336], [72.58735847007132, 21.275690078327578], [72.64930915288761, 21.367361069629876], [72.62542151954618, 21.381532670197664], [72.69680976294305, 21.464582442937477], [72.64514350274322, 21.433752059366626], [72.68208503092292, 21.515970229729955], [72.67402839101298, 21.520421981756233], [72.73681067842035, 21.53819847033608], [72.74180793203584, 21.543474196746015], [72.74236487781342, 21.55014228781021], [72.7320842685393, 21.53875160215039], [72.6831989230527, 21.54292106561426], [72.64472601480048, 21.524702015545426], [72.6079196872425, 21.5831966394903], [72.70096778303272, 21.651811599539325], [72.72319983882291, 21.63875007611406], [72.787363046752, 21.64513969437532], [72.80903052683617, 21.651807784885357], [72.81430625382623, 21.654581069245797], [72.81652899395931, 21.656820000081385], [72.8206882414825, 21.658750533408327], [72.82958411576841, 21.66514015133976], [72.83513831531674, 21.667921065615705], [72.73625373266151, 21.68958473197115], [72.5473651827102, 21.65847206127223], [72.51764106176314, 21.706811904689037], [72.54347419154543, 21.742921828696204], [72.55652599435507, 21.80208299932837], [72.5573596895498, 21.802640914896678], [72.56118964535251, 21.807104110404843], [72.56164359444963, 21.807790755811265], [72.56197547318908, 21.80872917131144], [72.5627880035077, 21.809843063115572], [72.56344031688847, 21.810899734645428], [72.56386374876888, 21.812093734591162], [72.56442069434632, 21.812940597057928], [72.56476020220383, 21.813753128051406], [72.56485938481592, 21.813753127823155], [72.56487845801794, 21.814031600414467], [72.56514167248191, 21.81402778608969], [72.56540870084085, 21.81514167785494], [72.56709479745848, 21.817079544245658], [72.56747626652525, 21.818922042612652], [72.571101700178, 21.823547472485593], [72.61673859939347, 21.86807720525482], [72.6083545630595, 21.932420730701885], [72.63675702485654, 21.954174113879716], [72.58850669259185, 21.922903060980858], [72.57952915642416, 21.884410315138304], [72.51661975965294, 21.879489979566994], [72.50486182596278, 21.980974197250436], [72.56875037652428, 22.187559128078995], [72.63957999515783, 22.21792100099189], [72.75763892680982, 22.174028396801], [72.80874824011946, 22.245973586885995], [72.87790870198423, 22.223752975231964], [72.9104251811952, 22.24319267288193], [72.91847419272354, 22.273473739777796], [72.8668041178412, 22.242639541571233], [72.84374808732031, 22.282365799039177], [72.7520847276276, 22.230970382151536], [72.63541221097552, 22.28458213917347], [72.54125403841793, 22.243196488423767], [72.55375098700253, 22.278192520397916], [72.54264258868079, 22.280973434696946], [72.4859714462764, 22.197359085704917], [72.49292182456168, 22.24819374196941], [72.4706973979141, 22.238752365596568], [72.43514441981743, 22.301252365969145], [72.38874625614974, 22.310419083275736], [72.41236304759856, 22.358472824737465], [72.37931251031372, 22.385419846690517], [72.3609714459102, 22.371530533237447], [72.40430640708509, 22.351530075772178], [72.37317847672374, 22.312643051382288], [72.41597175057969, 22.287363053133813], [72.39986609778776, 22.1993083964426], [72.36181067792782, 22.260694504796447]], [[74.17931649027847, 22.390585668143057], [74.15897117051163, 22.413040169642546], [74.17775532871092, 22.388477652572533], [74.17931649027847, 22.390585668143057]], [[73.81514552535843, 22.546029545640312], [73.81121921547701, 22.547043124452486], [73.80474859771049, 22.548713262008903], [73.81514552535843, 22.546029545640312]], [[73.70428733392906, 22.004676353739686], [73.70428733401724, 22.004676351900553], [73.71078260390122, 22.000800418806033], [73.70428733392906, 22.004676353739686]], [[73.7107609676697, 21.99862254916361], [73.71076096659554, 21.99862255096166], [73.70704322553317, 21.996610862816375], [73.7107609676697, 21.99862254916361]], [[73.69977904283343, 22.004668011464407], [73.69977877372088, 22.00466806012595], [73.69919839556097, 22.00477279118484], [73.69977904283343, 22.004668011464407]], [[73.70395503714096, 21.974567430331984], [73.70395503965075, 21.974567431153115], [73.70427441920495, 21.978466992415246], [73.70395503714096, 21.974567430331984]], [[73.69944300678752, 21.395454877571332], [73.70037874491646, 21.394841376389213], [73.70037881697685, 21.394841329670573], [73.69944300678752, 21.395454877571332]], [[73.69800632574457, 22.004700036784307], [73.69800622724763, 22.004700022396015], [73.69800616740507, 22.004700013448502], [73.69800632574457, 22.004700036784307]], [[73.38691482453181, 20.82471451806072], [73.3847714826315, 20.82454598149714], [73.39051569778744, 20.82499759350774], [73.38691482453181, 20.82471451806072]], [[73.32000096401885, 20.878855794721332], [73.32000069040755, 20.87885614901429], [73.32072938414595, 20.87791246331538], [73.32000096401885, 20.878855794721332]], [[72.84084070270916, 22.993033826188952], [72.8507356379041, 22.99961712105031], [72.84084079781042, 22.993033889672077], [72.84084070270916, 22.993033826188952]], [[72.8017333498893, 23.502232271880253], [72.80173328238884, 23.502232263164974], [72.807564116107, 23.502972765578576], [72.8017333498893, 23.502232271880253]], [[72.33606970141385, 23.10726568978671], [72.33908544969024, 23.105619206843507], [72.33606991976352, 23.107265570760603], [72.33606970141385, 23.10726568978671]]], [[[72.65791510981992, 21.470651626532646], [72.65791510901333, 21.470972061099356], [72.65819358268489, 21.470972061216017], [72.65791510981992, 21.470651626532646]]], [[[72.82180099377882, 21.659859999874513], [72.8220106104525, 21.65985999964374], [72.82180099425659, 21.659708315152564], [72.82180099377882, 21.659859999874513]]], [[[72.82125199422498, 21.659588999608612], [72.82163611160934, 21.659588999967106], [72.82125199443746, 21.659311037778895], [72.82125199422498, 21.659588999608612]]], [[[72.82096899446084, 21.65910624661183], [72.82096899379273, 21.659309000032607], [72.82124917690253, 21.65930899964233], [72.82096899446084, 21.65910624661183]]], [[[72.81986199423545, 21.658750999698338], [72.82014289187222, 21.658751000472755], [72.81986199403514, 21.65863315340807], [72.81986199423545, 21.658750999698338]]], [[[72.71679699407619, 21.64458999938941], [72.74597199376922, 21.65875099977846], [72.75096799379341, 21.65291599990568], [72.71679699407619, 21.64458999938941]]], [[[72.75096480124887, 21.646284632989016], [72.74903099386796, 21.64408374943053], [72.7498619940544, 21.64791999968611], [72.75096480124887, 21.646284632989016]]], [[[72.74874799458146, 21.64402999993752], [72.74896414345466, 21.64402999964071], [72.74874799404176, 21.64385621177411], [72.74874799458146, 21.64402999993752]]], [[[72.67930499392529, 21.154860999374808], [72.71041999428891, 21.140693999775955], [72.69680899427485, 21.118749999768156], [72.68902499428391, 21.089859999802034], [72.67930499392529, 21.154860999374808]]], [[[72.70614326312702, 21.53236100023293], [72.70652699451314, 21.532581674783252], [72.70652699443029, 21.532361000160634], [72.70614326312702, 21.53236100023293]]], [[[72.70566679281842, 21.651529999863758], [72.7056949942274, 21.651529999360925], [72.70569499428132, 21.65151433047809], [72.70566679281842, 21.651529999863758]]], [[[72.70236299367977, 21.117908999257768], [72.69957799427335, 21.11236000005017], [72.70180499401772, 21.122360999499872], [72.70236299367977, 21.117908999257768]]], [[[72.69436357867254, 21.527201332933213], [72.69568699420698, 21.52736099976191], [72.69568699373369, 21.527265591554656], [72.69436357867254, 21.527201332933213]]], [[[72.69291599405163, 21.461810000151104], [72.6933350300064, 21.461810000144634], [72.69291599434693, 21.461134405937617], [72.69291599405163, 21.461810000151104]]], [[[72.68521185332837, 21.540842285836355], [72.68514199438107, 21.540695999921702], [72.68514199375319, 21.540891235257885], [72.68521185332837, 21.540842285836355]]], [[[72.68068599387455, 21.095420999884144], [72.67874899397442, 21.09680499928883], [72.67846599439164, 21.09875099928559], [72.68068599387455, 21.095420999884144]]], [[[72.67124099379068, 21.11513999966743], [72.67624599447909, 21.09986999936888], [72.67624599391212, 21.09707999971987], [72.66929699427112, 21.10486099954876], [72.67124099379068, 21.11513999966743]]], [[[72.66902732258048, 21.445142745694138], [72.6726398407049, 21.440141677158113], [72.663751595787, 21.439584732038178], [72.66902732258048, 21.445142745694138]]], [[[72.67457599429585, 21.521085532874626], [72.67457599454823, 21.521261999888043], [72.67466522924678, 21.52126200024455], [72.67457599429585, 21.521085532874626]]], [[[72.67430899424322, 21.520643225716245], [72.67430899374259, 21.520693999855133], [72.67434107368173, 21.52069375959045], [72.67430899424322, 21.520643225716245]]], [[[72.67132864154812, 21.51478655799267], [72.67097499442038, 21.514859999911515], [72.67139588485136, 21.51513417512375], [72.67132864154812, 21.51478655799267]]], [[[72.64819199380807, 21.067640999915955], [72.65402899453674, 21.074309999901438], [72.65791299447186, 21.06569399989234], [72.64819199380807, 21.067640999915955]]], [[[72.63513099422893, 21.417640999548546], [72.633751993767, 21.41180599928508], [72.63152999404424, 21.411805999847818], [72.63513099422893, 21.417640999548546]]], [[[72.6281979944178, 21.417359999272346], [72.62180199411, 21.403192999799163], [72.61263999451596, 21.395695000176374], [72.6281979944178, 21.417359999272346]]], [[[72.6201479941131, 21.639311999857128], [72.61763799444292, 21.638458999420962], [72.61707999375407, 21.639582999393348], [72.6201479941131, 21.639311999857128]]], [[[72.61485999380844, 21.63708299990355], [72.61513599450839, 21.63541699995923], [72.61458699413117, 21.635416999323283], [72.61485999380844, 21.63708299990355]]], [[[72.61013799442824, 21.631250000009324], [72.61068699433012, 21.62986000010456], [72.60986399425815, 21.629590999406258], [72.61013799442824, 21.631250000009324]]], [[[72.58790499390392, 21.630140999861695], [72.59596199449557, 21.630140999935747], [72.61152599417794, 21.635694999984658], [72.60151599400334, 21.626810999420254], [72.59902199449402, 21.6173610000866], [72.58790499390392, 21.630140999861695]]], [[[72.60624699417852, 21.62847199986775], [72.60736199373176, 21.619029999501414], [72.6051489936199, 21.61958099961887], [72.60624699417852, 21.62847199986775]]], [[[72.59874699424974, 21.637082999830707], [72.60263699456372, 21.64125099947021], [72.60263699443219, 21.639860999948105], [72.59874699424974, 21.637082999830707]]], [[[72.60041699450625, 21.38708199939729], [72.5887529939039, 21.367360999241896], [72.58763799407618, 21.36736099970449], [72.60041699450625, 21.38708199939729]]], [[[72.5876379945103, 21.336810999312384], [72.58541799408208, 21.33708500000296], [72.58819699382641, 21.3398609998517], [72.5876379945103, 21.336810999312384]]], [[[72.58347399439565, 21.629030999413654], [72.58402299386373, 21.625969999769563], [72.58125199382039, 21.626250000017546], [72.58347399439565, 21.629030999413654]]], [[[72.57958099409213, 21.36431099998232], [72.58291599386331, 21.362359999984317], [72.57874899445417, 21.36014000011999], [72.57958099409213, 21.36431099998232]]], [[[72.57347099461334, 22.192640000720864], [72.57353166848121, 22.192640000562285], [72.57347099538222, 22.19256714377592], [72.57347099461334, 22.192640000720864]]], [[[72.5729149946278, 22.191899494769547], [72.57291499513501, 22.19208400035837], [72.57306685867502, 22.192081854051313], [72.5729149946278, 22.191899494769547]]], [[[72.56930499518712, 22.188135221401247], [72.56930499519467, 22.188194001071743], [72.5693617810339, 22.188194000519918], [72.56930499518712, 22.188135221401247]]], [[[72.5687489948672, 22.187559701743826], [72.56874899468359, 22.187642001013945], [72.56882850283645, 22.187642000567553], [72.5687489948672, 22.187559701743826]]], [[[72.56819299526875, 22.18681000083958], [72.56825563260509, 22.186809105737918], [72.56819299504636, 22.18670870077186], [72.56819299526875, 22.18681000083958]]], [[[72.56764299485864, 22.18597200021635], [72.56773443028383, 22.18597200061493], [72.56764299518996, 22.185823349405585], [72.56764299485864, 22.18597200021635]]], [[[72.56736099511608, 22.18536488205951], [72.56736099492123, 22.185420001102525], [72.56739475030118, 22.185419761143677], [72.56736099511608, 22.18536488205951]]], [[[72.56709399538246, 22.185140000875197], [72.56722267296267, 22.18514000047924], [72.56709399489257, 22.1849307977249], [72.56709399538246, 22.185140000875197]]], [[[72.56624599536632, 22.183749000648962], [72.56628810255384, 22.183749000268755], [72.56624599506907, 22.183732615089422], [72.56624599536632, 22.183749000648962]]], [[[72.56485799386402, 21.814029999359175], [72.56487602308896, 21.814029872006337], [72.5648579944403, 21.813986959316157], [72.56485799386402, 21.814029999359175]]], [[[72.56475928197177, 21.813751999702166], [72.56386347660568, 21.812094166330883], [72.56343835607758, 21.810897076598852], [72.56197303661614, 21.808728224346975], [72.56164272898398, 21.807791486382047], [72.56014299453683, 21.806126716854607], [72.56475928197177, 21.813751999702166]]], [[[72.56440646175311, 22.180918838440434], [72.56430899487097, 22.18078698101029], [72.56430899532971, 22.180973000895175], [72.56440646175311, 22.180918838440434]]], [[[72.56375099507234, 22.180046627449112], [72.56375099540374, 22.18013900040024], [72.56382514244375, 22.18013900083278], [72.56375099507234, 22.180046627449112]]], [[[72.56153099465972, 22.176648256117645], [72.56153099504277, 22.176812000769388], [72.56167584751893, 22.176808313186605], [72.56153099465972, 22.176648256117645]]], [[[72.55930399401983, 21.80541999942091], [72.55937754762382, 21.805418700203052], [72.55930399396175, 21.805356166669057], [72.55930399401983, 21.80541999942091]]], [[[72.55902799446181, 21.80513899979151], [72.55910230735817, 21.805138999958483], [72.55902799446807, 21.80505476873372], [72.55902799446181, 21.80513899979151]]], [[[72.55763999449016, 21.803441079533386], [72.55763999439948, 21.803472999576854], [72.55766390930405, 21.803472820898982], [72.55763999449016, 21.803441079533386]]], [[[72.55735799443265, 21.803193000091362], [72.55748730271546, 21.803192999493078], [72.55735799385987, 21.8029490029205], [72.55735799443265, 21.803193000091362]]], [[[72.55596999398027, 21.80069299983777], [72.55612215199494, 21.80069192068462], [72.55596999409707, 21.80033571740068], [72.55596999398027, 21.80069299983777]]], [[[72.55458199446606, 21.79761220474054], [72.55458199376977, 21.797638999317833], [72.55459600477116, 21.79763900016553], [72.55458199446606, 21.79761220474054]]], [[[72.54763699408792, 21.769860999926298], [72.5477483990392, 21.769860999498746], [72.54763699437777, 21.769550913718643], [72.54763699408792, 21.769860999926298]]], [[[72.54402899436262, 21.757359999822917], [72.54432634650378, 21.752016970892495], [72.54402899366035, 21.74899478256461], [72.54402899436262, 21.757359999822917]]], [[[72.46791699522068, 22.20541900026055], [72.47235899529828, 22.203190000394294], [72.46791699519403, 22.20236100026899], [72.46791699522068, 22.20541900026055]]], [[[72.38874699385337, 22.2143100009563], [72.3876419944806, 22.210137000825107], [72.38263699401645, 22.215694000828268], [72.38874699385337, 22.2143100009563]]], [[[72.36347099382321, 22.214028000574793], [72.36818699445678, 22.22402900021686], [72.37652599430281, 22.20375100068927], [72.36347099382321, 22.214028000574793]]], [[[72.21041799418899, 22.00319200039589], [72.21597299388816, 22.003750000241308], [72.21597299385162, 22.002082000595593], [72.21041799418899, 22.00319200039589]]]]}}, {"id": "12", "type": "Feature", "properties": {"subdivision_id": "HAR_CHD_DELHI", "name": "Haryana, Chandigarh & Delhi", "n_districts": 31, "area_km2": 44350.02693465571}, "geometry": {"type": "Polygon", "coordinates": [[[76.85955768323973, 28.221475373192817], [76.81037734082878, 28.20645026934485], [76.80038897556251, 28.15208081887481], [76.65989417534335, 28.09171493682889], [76.66864086466786, 28.013976310589086], [76.5465461095424, 27.965575518629905], [76.54699030185682, 28.034161054454394], [76.46213416700846, 28.0448099337166], [76.50611856266947, 28.059834280201375], [76.4570367208281, 28.0883300190422], [76.50632667996081, 28.101726591747173], [76.47957112672587, 28.149889622148585], [76.38523047072016, 28.13330984049745], [76.34438653329765, 28.17263952918689], [76.28747858762515, 28.174079923060614], [76.36402318434845, 28.12371236127421], [76.30571574330165, 28.09637076100073], [76.3629387771858, 28.06945322687378], [76.34952187894088, 28.031313769147985], [76.30534821977834, 28.02126409102276], [76.25932364612233, 28.066288811343295], [76.18546801489872, 28.054710008192703], [76.22192914345517, 28.027088710997248], [76.16293786559146, 27.99444691921178], [76.1874507382656, 27.96825972739045], [76.17433616058696, 27.91048115480274], [76.23110054431798, 27.836267570291596], [76.18064879009503, 27.802841742689527], [76.09579397427977, 27.863945559986796], [75.97064789496729, 27.860372608264242], [75.98506371567616, 27.904901574775174], [75.93124361205201, 27.928804845960663], [75.97084710391293, 27.932622150773028], [75.994697570097, 27.980282812059855], [75.96418460315478, 27.996708589770304], [75.99836819269636, 28.005822179113338], [75.97782828048005, 28.0266388641679], [76.04361081308387, 28.069597481891122], [76.02363970433723, 28.084495293075236], [75.99243048841014, 28.04641469773155], [75.98999580672292, 28.0759120696855], [75.94399260838613, 28.08927731956964], [76.03587902437351, 28.168381243852412], [76.10108143022946, 28.150797786038467], [76.01941986598061, 28.23746035707037], [76.02701191699299, 28.276684881688034], [75.93072255363718, 28.364796458523927], [75.77856635518165, 28.403725340350025], [75.78656183987312, 28.453717480783876], [75.63740815925598, 28.542360529944194], [75.6264536141174, 28.59863263032476], [75.56407536715024, 28.61112244725635], [75.50712010209699, 28.784373208767377], [75.5220489691718, 28.83331152117496], [75.47587522868442, 28.923101459319046], [75.52546164681866, 28.97218691355706], [75.52008721315403, 29.007655265560366], [75.44368179976945, 29.013503087733284], [75.43926812167626, 29.061718857592542], [75.38961414368906, 29.06740603859948], [75.40529557820697, 29.125542191342674], [75.37022365966884, 29.139796996734574], [75.40984385340477, 29.18603441368636], [75.40504428708175, 29.259124417769943], [75.3241311911973, 29.233286873693096], [75.32858620277065, 29.290798003891044], [75.23255340591403, 29.232436988314507], [75.18909202369161, 29.266218903398688], [75.08700520106586, 29.230213523671953], [75.0489100490363, 29.28503570955333], [74.96198377463693, 29.279999875493807], [74.93615657162017, 29.362820621049], [74.85011437326861, 29.402466371948144], [74.76542848167954, 29.35450138238665], [74.65888139996257, 29.371161147150058], [74.65042338636897, 29.32997254605571], [74.60434473514985, 29.32718526419765], [74.53781949903163, 29.448677946291653], [74.58769859807371, 29.457646124022872], [74.62336350021376, 29.52611738702012], [74.57551163629026, 29.562642980726856], [74.61479461204941, 29.75211419398764], [74.48123689126948, 29.743580444197136], [74.47458421154612, 29.7871619367795], [74.56313297061956, 29.865109810777145], [74.51464061487626, 29.907392733955824], [74.53434818627407, 29.951190468468464], [74.65669952012253, 29.903958781368644], [74.70070764059373, 29.968521507411143], [74.81125481490432, 29.991585770941818], [74.89161492350144, 29.967168439869763], [74.89531037960897, 29.93789168100801], [74.92585402506178, 29.947877135923672], [74.99993896048075, 29.854919150628213], [75.07563052588834, 29.87737292228343], [75.09502722687829, 29.913452287437973], [75.1002121704504, 29.80486680321693], [75.16408901419504, 29.7790813269874], [75.1925259759014, 29.836760703567734], [75.241050202471, 29.74996045113863], [75.1676700742503, 29.660662245102166], [75.23102026074793, 29.60432959770307], [75.23315690009804, 29.543881678849925], [75.30586465436953, 29.565685219586847], [75.29042905701742, 29.607785206633434], [75.3277344831293, 29.668347196897525], [75.36048259199377, 29.656861132018133], [75.34541833712882, 29.69149003782424], [75.45466074592035, 29.80537227854602], [75.57918403643001, 29.73986031037512], [75.63586242229128, 29.77039479215368], [75.70798574975356, 29.752239019716537], [75.71656405786426, 29.80568971224569], [75.78236304459065, 29.822347877519352], [75.83978622774843, 29.80917614955294], [75.88996057794107, 29.743791240669612], [76.05232073271046, 29.745247230107537], [76.0886409737177, 29.802235258912823], [76.12738361778625, 29.79279837329019], [76.25325352312117, 29.8652910648117], [76.19585208616537, 29.8849393427745], [76.1775391028763, 29.925077972692762], [76.21520254405146, 29.940487384114785], [76.20237939945923, 30.01286261170307], [76.26666332789567, 30.10099621120727], [76.20226897949009, 30.131500919320526], [76.2155892827788, 30.155430100879894], [76.33461739225052, 30.104542827014303], [76.36069288647121, 30.123963086442114], [76.33766844859994, 30.145588596767777], [76.40182678127483, 30.123778997969733], [76.39291256203674, 30.17954282150297], [76.42216879252247, 30.198562871868138], [76.46388593591844, 30.096846375386704], [76.54549011497947, 30.078794999773894], [76.65384377898609, 30.185206041848243], [76.5962038115461, 30.252601788787413], [76.54463494388402, 30.223253032546], [76.55982767544492, 30.261046536805196], [76.72761104235369, 30.328877902396645], [76.75101934021403, 30.3556102113761], [76.71267018409645, 30.38962752680102], [76.73777314163384, 30.4164335596026], [76.84515217074345, 30.429772938700083], [76.89982875059076, 30.354160523382383], [76.94296750700741, 30.388343649467693], [76.90159671892762, 30.436943751048346], [76.92648891800346, 30.595625857960727], [76.87166463854258, 30.636649901816806], [76.87538670077444, 30.675330776783415], [76.84788090249897, 30.651888887228424], [76.83295176430087, 30.68194633549186], [76.75157026413825, 30.685371197149642], [76.70384626583872, 30.742986202245234], [76.77265986077934, 30.795316056739512], [76.84147287284698, 30.759959340597813], [76.84549459280132, 30.82163660883236], [76.77602430554245, 30.88977253484248], [76.82376777140067, 30.926705825994684], [76.85065405498918, 30.87511930634072], [76.91574773209835, 30.893415767306486], [76.96721702330345, 30.807256583187975], [77.00933777910888, 30.812711474366886], [77.0264731742438, 30.738135350136123], [77.09026222771175, 30.740606163269025], [77.16689423625063, 30.68443715276601], [77.1707098415847, 30.5951984295921], [77.12462236846554, 30.562965633865076], [77.19845613832669, 30.521444414424366], [77.21564545996104, 30.475850522509177], [77.35917252740967, 30.45725277201643], [77.4136602825531, 30.41402658545543], [77.46373134067365, 30.46048958203746], [77.42896447907862, 30.40808372539908], [77.44801877893926, 30.39891565723147], [77.52303900212594, 30.44402347503011], [77.60326080057258, 30.372343256641035], [77.58333782422001, 30.306287633971674], [77.4859864580579, 30.183660313898923], [77.43619378360246, 30.163578026377493], [77.42696307501025, 30.102202250305094], [77.28274776992126, 30.043509494075078], [77.20119962591643, 29.917207829396173], [77.16420655286727, 29.788414286523913], [77.1287931240333, 29.766057091180766], [77.15499727472432, 29.701064757758157], [77.09708158190149, 29.595895222032226], [77.12111076578003, 29.54804182734824], [77.09623613855663, 29.52864773885045], [77.15062265346815, 29.43707469732519], [77.13109638921196, 29.344740203269165], [77.16501519968439, 29.330391719643043], [77.1327216736058, 29.1006048438523], [77.22478510919314, 29.000679770566013], [77.20062931272162, 28.950388494057663], [77.231619891694, 28.898814515471283], [77.18840623726085, 28.88027520137984], [77.22763916539562, 28.82995056625787], [77.20468972213968, 28.796959832985785], [77.29509038307268, 28.7070330410502], [77.33370385341296, 28.71041555057635], [77.3213046867176, 28.6391865225465], [77.34625279456911, 28.603392151011704], [77.3051413673883, 28.555732227913847], [77.48443435239373, 28.40789158609026], [77.50404128021212, 28.35262555764197], [77.4735049142395, 28.332379036313863], [77.5055259161631, 28.30138832311872], [77.47694908935632, 28.26408011170147], [77.54847806970864, 28.24872622271326], [77.52873293237762, 28.196106055002776], [77.49871852892852, 28.206331427641896], [77.50167931144692, 28.179434523267506], [77.55197655466951, 28.175966458958342], [77.50589271967961, 28.15419955529802], [77.47827888218343, 28.080338295644083], [77.5453867944181, 27.94359479213319], [77.48685104075123, 27.934528093951055], [77.4549376172989, 27.872749526608292], [77.42136880996883, 27.89051102755811], [77.42142224747964, 27.853421360702463], [77.34829199381817, 27.85398285963099], [77.24332039319985, 27.780263239213674], [77.20263060312976, 27.816424719428987], [77.13519156531233, 27.770986736703666], [77.04690736285342, 27.814627712970466], [77.02921215640959, 27.77271334979533], [77.08777329566223, 27.73295491576934], [77.00202481160788, 27.73631051749423], [76.97883617866552, 27.651763215058097], [76.91364344028713, 27.65063806256797], [76.8892168434649, 27.694061330736336], [76.92290519002376, 27.69548242340883], [76.89243470620124, 27.72560337960183], [76.91230595927308, 27.827351221596512], [76.93519099336501, 27.828893107588588], [76.92742256554436, 27.992312292768183], [76.97080060114922, 28.138705189140577], [76.85955768323973, 28.221475373192817]], [[77.11494223423811, 29.99079009528111], [77.1312235426491, 29.98258182676437], [77.11777804879382, 29.989360617963072], [77.11494223423811, 29.99079009528111]], [[76.65917134083465, 29.492760590290956], [76.65917134080982, 29.49276059120648], [76.65812769769072, 29.49304595419638], [76.65917134083465, 29.492760590290956]], [[76.50086240820777, 29.526649063748184], [76.49371328318051, 29.515989911244883], [76.4928156287272, 29.514651364160613], [76.50086240820777, 29.526649063748184]], [[76.345307659583, 29.58161415105262], [76.33581896795407, 29.58098316765879], [76.34530765954739, 29.581614151004374], [76.345307659583, 29.58161415105262]], [[76.18925319584389, 28.4430381914762], [76.19561202675946, 28.44175387411433], [76.18711495635657, 28.44347006020472], [76.18925319584389, 28.4430381914762]], [[76.19561202675946, 28.44175387411433], [76.19615180843402, 28.44164483222914], [76.19645155515819, 28.441584280772254], [76.19561202675946, 28.44175387411433]]]}}, {"id": "13", "type": "Feature", "properties": {"subdivision_id": "HIMACHAL_PRADESH", "name": "Himachal Pradesh", "n_districts": 12, "area_km2": 54616.04531719054}, "geometry": {"type": "Polygon", "coordinates": [[[77.01806447807715, 30.75329142740571], [77.01146150625573, 30.810288251883758], [76.96721702330345, 30.807256583187975], [76.91574773209835, 30.893415767306486], [76.86593949892779, 30.866908680970592], [76.82376777140067, 30.926705825994684], [76.78337062615897, 30.90275598311013], [76.62364350334335, 31.00090728961523], [76.63952192768137, 31.106984999911006], [76.6031126707068, 31.124516718954684], [76.60428507942315, 31.179727773339074], [76.64812592660111, 31.2121823172206], [76.5945556582293, 31.213259628442202], [76.61564101441697, 31.247833442210183], [76.58456708799034, 31.277143683417687], [76.54893026477919, 31.25237567845639], [76.55121431432126, 31.280995386130353], [76.53208650886903, 31.259367660800855], [76.48075123359304, 31.307384378577197], [76.44512693266641, 31.280058399741826], [76.46230142371222, 31.303191102920533], [76.37736510906839, 31.43883515905764], [76.32995460851971, 31.3999009040563], [76.35068975689799, 31.350441409315742], [76.31004485637213, 31.316670787865995], [76.1866631850899, 31.304390097549728], [76.14893020197346, 31.359538353353603], [76.16752663989219, 31.411807211283], [75.93644909177065, 31.815885154222194], [75.98614352310027, 31.81316395291607], [75.9094233201987, 31.94872876029852], [75.70475702441037, 32.06102312023025], [75.59364381322223, 32.08143957028739], [75.67694816554366, 32.16436385383562], [75.6353465038507, 32.1849792434581], [75.6377789804985, 32.234553803003536], [75.75179530237486, 32.27344336676321], [75.95045920348251, 32.42426072973322], [75.86691427030831, 32.50765838234735], [75.94172541585024, 32.65412010837027], [75.91291679885633, 32.69101821585062], [75.92895428628172, 32.75713954981382], [75.80647258400563, 32.8818871985986], [75.82471179409137, 32.93030916800672], [75.96253942739729, 32.88529849313478], [76.09923155830242, 32.96880514299421], [76.11079304254037, 33.0048738100095], [76.25455343219295, 33.03239635309288], [76.29244026820544, 33.10383337488083], [76.4093768738562, 33.1864413745109], [76.5653120234277, 33.20902935059225], [76.64478499313824, 33.16178320428852], [76.7477511163147, 33.178576268939054], [76.79633817025633, 33.254895991536486], [76.84643270118822, 33.24548034212289], [76.8213461884174, 33.15468154456006], [76.89505709806708, 33.11304505985481], [76.93521995968804, 33.03231268487111], [77.0161397699713, 32.98801193335157], [77.15413219109712, 32.97868239361911], [77.16380751947064, 32.91213968009488], [77.1915197612144, 32.92923818855511], [77.34541369371969, 32.81762346769538], [77.40518321444625, 32.883283838718455], [77.47291396069852, 32.85938140984992], [77.6832842425735, 32.98359280821521], [77.73056538418655, 32.96929088570558], [77.80814363961017, 32.902737070477215], [77.77930443905933, 32.862116649904685], [77.93290595230644, 32.763076449794056], [77.92085917910373, 32.69002455194218], [78.00001149139747, 32.58324666034558], [78.05328338573062, 32.58863860461027], [78.05147090855411, 32.6323519926338], [78.08289786478518, 32.62097907806499], [78.11104328906953, 32.65886276775268], [78.1391434103662, 32.63900994184219], [78.17026354538717, 32.675705536955164], [78.23069288292834, 32.6658085718081], [78.31360850719051, 32.709415192571036], [78.30558069959882, 32.73447021089327], [78.38936103647548, 32.758440161105085], [78.40656732231275, 32.61965934103336], [78.31422977145527, 32.57395073834479], [78.29598167363804, 32.504317787329356], [78.32782320125811, 32.47224773487125], [78.39998444138452, 32.52597319254445], [78.45594253961903, 32.50161015369293], [78.45555161266944, 32.452590408191256], [78.53617248524579, 32.41461396173234], [78.4813089351524, 32.3483016687579], [78.45624695068415, 32.24244861334942], [78.55650163810597, 32.24589118428321], [78.60995764832687, 32.21451911468409], [78.59124436741791, 32.15442741683055], [78.6142032595629, 32.117781313161245], [78.78775470740958, 31.99534756790272], [78.70762306794701, 31.788749096826557], [78.75049969199212, 31.68726601494826], [78.79577602422623, 31.68510563225552], [78.84709577824766, 31.61041825749053], [78.72242655798834, 31.513546637127433], [78.73231124580217, 31.480004777685846], [78.81118318818397, 31.447821275748467], [78.79202480394811, 31.39625752293824], [78.84978846972795, 31.367450328253366], [78.84450203263494, 31.325157021708904], [78.98715847300262, 31.17715678124303], [79.01187093911807, 31.112332209764293], [78.886493020947, 31.1020894145781], [78.81026786587454, 31.19991513184308], [78.66284500461836, 31.18960705801961], [78.61055526632482, 31.23137904359705], [78.48517601102041, 31.19878913861945], [78.3714747946201, 31.28603632310858], [78.04474834227102, 31.18061470875034], [78.02898681821642, 31.150232900419155], [77.96951152573007, 31.174136786473014], [77.90217366166593, 31.15008652639358], [77.81506569999107, 31.05748158026796], [77.83142321720487, 30.948867110847516], [77.74879844443598, 30.954950834496117], [77.75977117777336, 30.917626460727547], [77.80982239651735, 30.919090358885796], [77.80347391942433, 30.85379204453261], [77.75863139402583, 30.87649263751507], [77.75842234177384, 30.82510485249213], [77.70216567001053, 30.763941452432576], [77.74716698050962, 30.681006972725807], [77.79277479727355, 30.658881870720357], [77.79565355212272, 30.614442863549932], [77.74310080361987, 30.59348859045168], [77.82416871031633, 30.528183883942326], [77.69237541831352, 30.446789051850306], [77.58780695284823, 30.421650582412386], [77.5880067129839, 30.37962483452693], [77.52303900212594, 30.44402347503011], [77.49995563010867, 30.40780585477588], [77.42950103558924, 30.403643776508687], [77.46373134067365, 30.46048958203746], [77.4136602825531, 30.41402658545543], [77.35917252740967, 30.45725277201643], [77.21564545996104, 30.475850522509177], [77.19845613832669, 30.521444414424366], [77.12462236846554, 30.562965633865076], [77.1707098415847, 30.5951984295921], [77.16689423625063, 30.68443715276601], [77.01806447807715, 30.75329142740571]], [[78.30179098551687, 31.31512895228258], [78.30179098551679, 31.315128952282635], [78.29785707704693, 31.309646937974506], [78.30179098551687, 31.31512895228258]], [[78.25569841933846, 31.330255955060693], [78.25569841933839, 31.330255955060693], [78.25685475499832, 31.329591554033687], [78.25569841933846, 31.330255955060693]], [[78.24772785941832, 31.340406640431944], [78.24751229160613, 31.340833920400208], [78.2475122916061, 31.340833920400218], [78.24772785941832, 31.340406640431944]], [[78.240971940642, 31.34085062512355], [78.2287481240506, 31.331554835565527], [78.22657149022551, 31.32925652652125], [78.23525851972909, 31.33446689740481], [78.240971940642, 31.34085062512355]], [[78.17150317564267, 31.344301892492126], [78.17150317564258, 31.344301892492197], [78.16702870377398, 31.344493383835637], [78.17150317564267, 31.344301892492126]], [[78.15962968229508, 31.387387967411957], [78.15962968229508, 31.38738796741194], [78.16114369348172, 31.385879154228693], [78.15962968229508, 31.387387967411957]], [[78.15329112003099, 31.359935569271045], [78.15329112003101, 31.35993556927099], [78.15923801867692, 31.36842814617975], [78.15329112003099, 31.359935569271045]], [[78.06928306379262, 31.415586678228067], [78.06928306379264, 31.415586678228127], [78.06323549502419, 31.41686013871853], [78.06928306379262, 31.415586678228067]], [[78.04775316768668, 31.414835101167608], [78.03826344413604, 31.408229099825128], [78.05461849359472, 31.418674654813564], [78.04775316768668, 31.414835101167608]], [[78.02887033509066, 31.402126394501572], [78.02887033509069, 31.402126394501522], [78.03161977763857, 31.403743402484697], [78.02887033509066, 31.402126394501572]], [[78.0087009928581, 31.402384846360032], [78.00870099285822, 31.402384846360007], [78.01038440531731, 31.40268321344386], [78.0087009928581, 31.402384846360032]], [[78.00000952262633, 31.402676055917482], [78.00000952262639, 31.40267605591748], [77.99892389838277, 31.403165404092224], [78.00000952262633, 31.402676055917482]], [[77.88864511538891, 31.46570230042943], [77.88007138244416, 31.470822639497676], [77.8903944896736, 31.46429654429266], [77.88864511538891, 31.46570230042943]], [[77.88277496126895, 31.485054926504823], [77.88257731554681, 31.486915899815575], [77.88257731554677, 31.48691589981564], [77.88277496126895, 31.485054926504823]], [[77.85595946528677, 31.50589626991693], [77.85595946528684, 31.50589626991689], [77.85942266597725, 31.51139493769974], [77.85595946528677, 31.50589626991693]], [[77.85137573097043, 31.508499373422406], [77.85137573097039, 31.508499373422435], [77.84835996647274, 31.50806278437589], [77.85137573097043, 31.508499373422406]], [[77.84419796655885, 31.52088106562198], [77.84419796655885, 31.52088106562212], [77.84287538678088, 31.517922063993826], [77.84419796655885, 31.52088106562198]], [[77.84063664719622, 31.545729650260572], [77.84063664719622, 31.54572965026057], [77.84067310049481, 31.54561742738247], [77.84063664719622, 31.545729650260572]], [[77.82493402206109, 31.63809159603307], [77.82493402206109, 31.638091596033078], [77.82425223010253, 31.638846478814877], [77.82493402206109, 31.63809159603307]], [[77.82028790948414, 31.643235790449978], [77.82028790948416, 31.64323579044994], [77.81962152399586, 31.645437072480313], [77.82028790948414, 31.643235790449978]], [[77.81561314466629, 31.617012778716482], [77.81561314466626, 31.617012778716514], [77.81464190638506, 31.612580786418807], [77.81561314466629, 31.617012778716482]], [[77.81217508787763, 31.663202576616108], [77.81217508787762, 31.663202576616072], [77.8129394980931, 31.662064446899652], [77.81217508787763, 31.663202576616108]], [[77.7901597098157, 31.685883935068983], [77.78345985794695, 31.694938375924576], [77.78004726032518, 31.69751670824786], [77.7901597098157, 31.685883935068983]], [[77.71035777105526, 31.703050260182824], [77.70919532413734, 31.70279657365888], [77.7091953241374, 31.702796573658873], [77.71035777105526, 31.703050260182824]], [[77.70659726122773, 31.496771902433238], [77.70659726122764, 31.496771902433313], [77.70310146943886, 31.495882556691768], [77.70659726122773, 31.496771902433238]], [[77.70290969166304, 31.51081696559098], [77.69928092316576, 31.54192130244411], [77.68429404240123, 31.549658284170334], [77.67989006992053, 31.55965887495603], [77.66453527662799, 31.57218946388359], [77.70290969166304, 31.51081696559098]], [[77.70329499390381, 31.50907428707669], [77.70386674315601, 31.50840474536721], [77.70329499390381, 31.5090742870767], [77.70329499390381, 31.50907428707669]], [[77.69071442996555, 30.772906692314418], [77.69778783086178, 30.76697381932907], [77.6864413738064, 30.780211251080623], [77.69071442996555, 30.772906692314418]], [[77.66155568986281, 30.79987402461515], [77.6752268223039, 30.791442586724735], [77.6853578702932, 30.786667033334872], [77.68561382774409, 30.783933574203388], [77.66155568986281, 30.79987402461515]], [[77.66704102161523, 31.46125464559499], [77.68149828104441, 31.47777779819961], [77.68386486316432, 31.480637639946405], [77.66704102161523, 31.46125464559499]], [[77.67973903236191, 31.699121116808726], [77.67973903236182, 31.699121116808723], [77.67286887703789, 31.688068399692042], [77.67973903236191, 31.699121116808726]], [[77.65614005080437, 31.578334416476196], [77.64989518730458, 31.59740569213024], [77.66360987947145, 31.57286681572328], [77.65614005080437, 31.578334416476196]], [[77.66341406238234, 31.634734853452926], [77.64828043893377, 31.656133312930358], [77.66341406238227, 31.634734853452862], [77.66341406238234, 31.634734853452926]], [[77.66189782274724, 31.67952082445715], [77.65988332115529, 31.67255250948608], [77.66189782274732, 31.67952082445719], [77.66189782274724, 31.67952082445715]], [[77.6596461949598, 31.631344487838362], [77.65964619495983, 31.63134448783842], [77.653913456852, 31.629441330139976], [77.6596461949598, 31.631344487838362]], [[77.65914818490938, 30.80235810061555], [77.65783141272175, 30.806020737809092], [77.6599108225934, 30.79949369855485], [77.65914818490938, 30.80235810061555]], [[77.62434338434154, 30.808090111606006], [77.65481142562227, 30.803739228281092], [77.65693247381714, 30.805341616472372], [77.6548114256222, 30.80373922828113], [77.63677300393965, 30.807206259978386], [77.62434338434154, 30.808090111606006]], [[77.65346292865574, 31.62929176352993], [77.65189510933502, 31.625832267759492], [77.65346292865587, 31.629291763529974], [77.65346292865574, 31.62929176352993]], [[77.64825916579667, 31.605717353048647], [77.65059045675854, 31.62134362343005], [77.64885011611572, 31.601143350506923], [77.64825916579667, 31.605717353048647]], [[77.6147283807616, 31.391222471279747], [77.63402862077339, 31.3974289989618], [77.62307066854282, 31.423547297483765], [77.62780946959826, 31.445181914397818], [77.6147283807616, 31.391222471279747]], [[77.62153642109286, 30.798461588100793], [77.62123697377544, 30.797265256270048], [77.62162192480369, 30.800118764336823], [77.62153642109286, 30.798461588100793]], [[77.61202546375607, 30.788858171089764], [77.61202546375614, 30.788858171089828], [77.59773132414233, 30.779445572078156], [77.61202546375607, 30.788858171089764]], [[77.54392800164683, 30.776386441589512], [77.55385611807101, 30.776380283623947], [77.57102119608977, 30.775613427349054], [77.58720256448599, 30.776282878287617], [77.593683558966, 30.777981706670513], [77.54392800164683, 30.776386441589512]], [[77.5914031749413, 31.39545019281421], [77.58775494137785, 31.39379799346283], [77.59140317494135, 31.395450192814213], [77.5914031749413, 31.39545019281421]], [[77.53162431387794, 31.353362613459954], [77.54783017988166, 31.382047197764223], [77.5532106135307, 31.38582941932952], [77.54783017988154, 31.382047197764287], [77.53953012367865, 31.368854240549663], [77.53162431387794, 31.353362613459954]], [[77.54321910841828, 30.79796506310639], [77.55260349777268, 30.796432973634126], [77.54859431095599, 30.797523866304573], [77.54321910841828, 30.79796506310639]], [[77.5515194510567, 30.789089963830747], [77.54785502607751, 30.78130591115115], [77.54974956354556, 30.784175618273366], [77.5515194510567, 30.789089963830747]], [[77.53287390805534, 30.797474266000155], [77.54179898637047, 30.797954523054432], [77.52893826776106, 30.794597815450913], [77.53287390805534, 30.797474266000155]], [[77.52430765657186, 30.782873414975487], [77.52430765657189, 30.782873414975473], [77.52527298860437, 30.785500736445105], [77.52430765657186, 30.782873414975487]], [[77.51468732841383, 30.787984899360218], [77.51468732841397, 30.787984899360197], [77.5019096028874, 30.79240642758139], [77.51468732841383, 30.787984899360218]], [[77.51906160193161, 31.351164178271194], [77.51831601732384, 31.351154774616482], [77.51831601732385, 31.351154774616475], [77.51906160193161, 31.351164178271194]], [[77.49295940280227, 30.79412072315233], [77.49780556123156, 30.793289843440387], [77.49295940280234, 30.79412072315239], [77.49616723690434, 30.79984779070361], [77.49359662415105, 30.805938402630368], [77.49295940280227, 30.79412072315233]], [[77.49036927951732, 30.83565580525811], [77.49354952242165, 30.810643300835718], [77.49292150981336, 30.840688115304197], [77.49036927951732, 30.83565580525811]], [[77.4538528054031, 30.863347326576434], [77.47742013662233, 30.864942757974603], [77.48743527540407, 30.844823136423063], [77.49304476871416, 30.8409311486252], [77.4538528054031, 30.863347326576434]], [[77.45433918870026, 31.347634201830676], [77.45433918870023, 31.34763420183066], [77.45866264951832, 31.348115583467564], [77.45433918870026, 31.347634201830676]], [[77.43532759317516, 30.87767321362683], [77.4428641631074, 30.869758036984877], [77.43212840543237, 30.872160898303832], [77.43532759317516, 30.87767321362683]], [[77.44256754389123, 30.967492341894896], [77.44256754389124, 30.967492341894967], [77.44158423073166, 30.972114894643575], [77.44256754389123, 30.967492341894896]], [[77.44247639518477, 30.945034334098487], [77.44247639518488, 30.94503433409858], [77.44199769239445, 30.95359107155763], [77.44247639518477, 30.945034334098487]], [[77.4177613682519, 30.995443295951564], [77.42166716485202, 30.993098703664234], [77.42292712553869, 30.99092242968509], [77.42709494535109, 30.987833033308824], [77.43237918464257, 30.985194818092662], [77.44078823516902, 30.975856867829012], [77.43237918464257, 30.985194818092737], [77.42709494535109, 30.987833033308846], [77.42166716485207, 30.993098703664373], [77.41776136825194, 30.995443295951645], [77.41636665294573, 30.9987131696044], [77.40920403906983, 31.00086307331895], [77.4177613682519, 30.995443295951564]], [[77.43636856963485, 31.344161193995888], [77.43636856963484, 31.3441611939959], [77.4349464490449, 31.343575830467245], [77.43636856963485, 31.344161193995888]], [[77.42517716107483, 30.912071825202098], [77.43719855425678, 30.88746237699989], [77.43598839029173, 30.87881179077949], [77.4371985542569, 30.88746237700002], [77.42517716107483, 30.912071825202098]], [[77.42993977800924, 31.34151501885613], [77.4286835666437, 31.34266172857184], [77.42993977800921, 31.341515018856114], [77.42993977800924, 31.34151501885613]], [[77.4113387417148, 30.926419972469503], [77.42086128047977, 30.916900595259015], [77.41820930431624, 30.92069258711001], [77.4113387417148, 30.926419972469503]], [[77.41881888466452, 31.346162589186292], [77.4188188846646, 31.346162589186317], [77.41314823982451, 31.351016802520473], [77.41881888466452, 31.346162589186292]], [[77.37375018586118, 31.022250676639203], [77.40422932790256, 31.004748651289276], [77.39415134800197, 31.012089815091315], [77.37375018586118, 31.022250676639203]], [[77.3866629675652, 31.361342098156058], [77.38666296756516, 31.361342098156086], [77.38542797396343, 31.358343570621344], [77.3866629675652, 31.361342098156058]], [[77.36330810406562, 31.009842329391986], [77.36330810406571, 31.009842329392086], [77.33745852552055, 31.000867385972928], [77.36330810406562, 31.009842329391986]], [[77.33670303373378, 31.298192479384863], [77.34134361220873, 31.32264917165429], [77.34763501868669, 31.335184247746714], [77.34134361220866, 31.32264917165436], [77.33670303373378, 31.298192479384863]], [[77.33398093136891, 30.995578293474786], [77.33590598751961, 30.998506122198094], [77.33398093136896, 30.995578293474864], [77.33398093136891, 30.995578293474786]], [[77.30195250568937, 31.269687219689843], [77.30556635657564, 31.27129344109784], [77.31354965756589, 31.281165941694383], [77.31796050600616, 31.28339171460067], [77.32480598953315, 31.293016631093767], [77.30195250568937, 31.269687219689843]], [[77.31701674943939, 30.97569005234743], [77.31701674943935, 30.97569005234743], [77.31174225150058, 30.970949595372367], [77.31701674943939, 30.97569005234743]], [[77.28734894613856, 30.95142424320351], [77.29032317998642, 30.95147003753624], [77.2873489461386, 30.95142424320352], [77.28734894613856, 30.95142424320351]], [[77.26560885574557, 30.94073279039684], [77.28556148880855, 30.950768832184615], [77.2626650822662, 30.937121643710416], [77.26560885574557, 30.94073279039684]], [[77.27057951947403, 31.275592653796355], [77.26885384031982, 31.273122809844825], [77.27057951947403, 31.275592653796352], [77.27057951947403, 31.275592653796355]], [[77.26162528665724, 30.9318764466436], [77.2462234075117, 30.918766199354142], [77.25459691600284, 30.921985034062228], [77.26093843740851, 30.928411669880074], [77.26162528665724, 30.9318764466436]], [[77.2537984560544, 31.260754208951727], [77.25191719326071, 31.25764529056895], [77.25191719326074, 31.257645290568973], [77.2537984560544, 31.260754208951727]], [[77.247319873082, 30.942489855676854], [77.24103527576321, 30.955708645389322], [77.24653351113668, 30.952285268172194], [77.2520243641719, 30.94765145014781], [77.247319873082, 30.942489855676854]], [[77.25075631319497, 31.25651329087951], [77.24836524639787, 31.25418170904644], [77.2483652463979, 31.254181709046406], [77.25075631319497, 31.25651329087951]], [[77.24072233175782, 30.934738822093056], [77.2421735487226, 30.932142744191488], [77.24061210616695, 30.937892554354427], [77.24072233175782, 30.934738822093056]], [[77.21813579013393, 30.96621457954498], [77.20272666001543, 30.969797569008236], [77.20669804625936, 30.966938525545448], [77.2124408093726, 30.9662009164003], [77.21813579013393, 30.96621457954498]], [[77.21556320428854, 31.254934581182493], [77.21115393016395, 31.249437146854692], [77.21115393016402, 31.249437146854746], [77.21556320428854, 31.254934581182493]], [[77.21093628686782, 31.24927611445016], [77.20460771608438, 31.244593659310908], [77.20460771608441, 31.244593659310908], [77.21093628686782, 31.24927611445016]], [[77.20524446360024, 30.9771373036786], [77.19873510202162, 30.999353744651618], [77.20392664704819, 30.99546112492714], [77.2085755909273, 30.99106590929169], [77.20524446360024, 30.9771373036786]], [[77.14477379401548, 31.020884385088173], [77.1711802125935, 31.004783143293103], [77.17836935474834, 31.00792262477121], [77.14477379401548, 31.020884385088173]], [[77.16698863168483, 31.233972678373675], [77.16698863168472, 31.23397267837361], [77.16682825000906, 31.233874801801843], [77.16698863168483, 31.233972678373675]], [[77.15491104135202, 31.23037751920066], [77.15491104135201, 31.230377519200665], [77.15435213332648, 31.230453781251214], [77.15491104135202, 31.23037751920066]], [[77.1393168089233, 31.22842681731902], [77.13931680892318, 31.228426817319033], [77.13857332305473, 31.228456212321092], [77.1393168089233, 31.22842681731902]], [[77.12985025821354, 31.029261451270738], [77.14177423797057, 31.02256813348669], [77.12046382595359, 31.03213264309316], [77.12985025821354, 31.029261451270738]], [[77.12170445472255, 31.247047272912468], [77.11175768870343, 31.244454092084386], [77.12170445472262, 31.24704727291242], [77.12170445472255, 31.247047272912468]], [[77.11845697259226, 31.031675438031314], [77.09321575901697, 31.037786903933323], [77.10601099613964, 31.03143018964667], [77.11360025915675, 31.030568972551826], [77.11845697259226, 31.031675438031314]], [[77.08061284321745, 31.056582194456084], [77.07976987920904, 31.079475475246284], [77.08666939012538, 31.065843550529557], [77.08188453187284, 31.062138074188564], [77.08061284321745, 31.056582194456084]], [[77.07351200549466, 31.04723324104507], [77.07911516665489, 31.04609303106766], [77.0680341298917, 31.050387315388434], [77.07351200549466, 31.04723324104507]], [[77.05851640267883, 31.090051079232033], [77.07036636759702, 31.085474861315202], [77.07252719741626, 31.086638759647947], [77.05851640267883, 31.090051079232033]], [[77.06769063880805, 31.050585092134867], [77.06769063880807, 31.050585092134845], [77.06916685755738, 31.052434173373847], [77.06769063880805, 31.050585092134867]], [[77.03070846048358, 31.11465139811125], [77.04855530106055, 31.100249012913903], [77.05604930450284, 31.103938911203386], [77.04670042844339, 31.116058961887177], [77.03070846048358, 31.11465139811125]], [[77.04798628866338, 31.081727905070583], [77.04630292896422, 31.080116725742528], [77.04630292896421, 31.080116725742492], [77.04798628866338, 31.081727905070583]], [[77.04331453522639, 31.07248002864668], [77.0433145352264, 31.072480028646694], [77.04372979897835, 31.07354121527963], [77.04331453522639, 31.07248002864668]], [[77.04026179020255, 31.271265293348268], [77.04003976061061, 31.271370889652484], [77.04026179020252, 31.27126529334828], [77.04026179020255, 31.271265293348268]], [[77.03393584849213, 31.15892629894463], [77.03393584849215, 31.158926298944664], [77.02877721956804, 31.165192810661036], [77.03393584849213, 31.15892629894463]], [[77.0260118567627, 31.087336471901835], [77.0268255586282, 31.09179304954508], [77.02682555862813, 31.09179304954505], [77.0260118567627, 31.087336471901835]], [[77.02788695260932, 31.081714391990886], [77.0278869526092, 31.081714391990797], [77.03387031194582, 31.080071054416923], [77.02788695260932, 31.081714391990886]], [[77.02812423858263, 31.11033643740917], [77.02812423858268, 31.11033643740925], [77.0266569297213, 31.10963828409882], [77.02812423858263, 31.11033643740917]], [[77.02598970200216, 31.109320813624038], [76.9928123889858, 31.111727603840134], [77.00007113407628, 31.105383236759216], [77.02598970200216, 31.109320813624038]], [[77.02464597557518, 31.169266865502333], [77.00351877998334, 31.195223220496143], [77.0040769457718, 31.187899188383657], [77.00569787972888, 31.181069137882762], [77.01271638790001, 31.174921627897987], [77.02464597557518, 31.169266865502333]], [[77.00307660773443, 31.29781689288116], [77.00477547703375, 31.237145154831836], [77.02002606237781, 31.218507283301086], [77.01014342936823, 31.209797793795598], [77.02002606237795, 31.218507283301165], [77.00477547703383, 31.23714515483192], [77.01513927397838, 31.271645069683075], [77.01389816796916, 31.278772689418417], [77.00307660773443, 31.29781689288116]], [[77.0107960095945, 31.130772172534463], [77.01118668915429, 31.118482089418816], [77.01079600959451, 31.130772172534517], [77.0107960095945, 31.130772172534463]], [[77.00584038828546, 31.11452722000509], [77.00477159514409, 31.114601647504095], [77.00864295225574, 31.11562985771314], [77.00584038828546, 31.11452722000509]]]}}, {"id": "14", "type": "Feature", "properties": {"subdivision_id": "JAMMU_KASHMIR", "name": "Jammu & Kashmir", "n_districts": 23, "area_km2": 221540.1937637258}, "geometry": {"type": "Polygon", "coordinates": [[[74.82936083448966, 32.48598370545012], [74.68516159815081, 32.48198908411926], [74.63478535590235, 32.60261893842645], [74.69267744190422, 32.654821328115354], [74.65038554934465, 32.69828110134509], [74.70136122967148, 32.835076785045835], [74.63598825869843, 32.813497705418776], [74.65389672883478, 32.781260122277345], [74.63105735416369, 32.74686886288363], [74.50935032645152, 32.7387104560804], [74.45451094366467, 32.78442296399843], [74.3707946379358, 32.75900803821018], [74.17821703756866, 32.88300206887439], [73.98826017551713, 32.935737746542635], [73.99728353980898, 32.96016657883783], [73.95832599857388, 32.98695077131545], [73.82962866217126, 33.00744936829237], [73.78645048066316, 32.965738406853795], [73.73526585655354, 33.06665815749657], [73.6278923124939, 33.08991149362556], [73.65768724031811, 33.20807853514447], [73.60562996200109, 33.25170611579369], [73.55853717740794, 33.368445309204375], [73.58792022094435, 33.44353834591828], [73.62490716175915, 33.45755983848232], [73.59655304386774, 33.50048233633499], [73.63312272978794, 33.5335144443519], [73.6037536183923, 33.60763073244589], [73.56137216764954, 33.62147063506288], [73.59762997188867, 33.716249102288515], [73.5583815080245, 33.7835976738996], [73.58990474592184, 33.88434554660419], [73.51648752069208, 34.00052895430759], [73.47858418638427, 34.2906312148172], [73.45382159846396, 34.27830209069285], [73.39131661543713, 34.37715296350751], [73.44775220225547, 34.574233860429764], [73.5573593240186, 34.59344753924268], [73.65086471478658, 34.56827041266362], [73.69624222859211, 34.65405302860804], [73.66745351784596, 34.68465838634821], [73.75008340741442, 34.787151787726835], [73.91815315108856, 34.81448315551021], [74.03035151728707, 34.877634565379886], [74.07402197255138, 34.939980542033815], [74.06052318342776, 34.99363478517579], [74.10823488800943, 35.01950167647164], [74.06636023778418, 35.04853109092339], [74.13472983902341, 35.10989937843384], [74.11420554691222, 35.15190083941442], [74.0390761196174, 35.147468963729494], [73.81158627010231, 35.242463780561756], [73.71637950237036, 35.22599118233129], [73.70044836962106, 35.35837628319063], [73.79513966753919, 35.46016146226333], [73.78490966999108, 35.52566290536208], [73.63545836948245, 35.57184162813688], [73.40682763624312, 35.564011870470814], [73.27273466624578, 35.629756985455515], [73.13625425940062, 35.7191820678208], [73.15418715713547, 35.84167225980665], [73.10042637975829, 35.87823196953629], [72.92940957350335, 35.84554029396412], [72.90162953508161, 35.88166942365757], [72.83022605981904, 35.88736139851104], [72.77729009343844, 35.844024155221696], [72.69114151679754, 35.832876997020435], [72.53372479615958, 35.91744113482883], [72.59602537678535, 36.02734706855505], [72.53106562505809, 36.07465494901605], [72.59523275663078, 36.262197095351745], [72.69397096231263, 36.25009789363401], [72.69238577716415, 36.275650954664584], [72.88329913734755, 36.38734496322185], [72.87946567115436, 36.44333133737756], [72.99205247718909, 36.45810558221932], [72.99599587243672, 36.51490873410927], [73.06150484104646, 36.53774244777194], [73.11247233219584, 36.61009630370725], [73.08541951960042, 36.69972653015156], [73.31473586877208, 36.70642031641855], [73.44155038031684, 36.745120586758674], [73.6331738967531, 36.69007188103569], [73.80906085366026, 36.71671308687412], [73.88406817626768, 36.69926536183786], [73.90006689062864, 36.74970075876971], [73.72393456397992, 36.83443080617011], [73.69031770111793, 36.91212831867259], [73.87877128785173, 36.894402037437885], [74.05578895902748, 36.80641439506354], [74.14272805654815, 36.840101528339844], [74.16909912321691, 36.902541752722975], [74.26137478840475, 36.8865660802223], [74.4299098687585, 36.990033160640934], [74.53220938771979, 36.98684655507402], [74.57869093520448, 36.94859374759445], [74.58184019300732, 37.04343982346384], [74.69391502395624, 37.07784976217162], [74.75003272466415, 37.01172923307323], [74.84006411501106, 37.02229827781651], [74.92217078920933, 36.906087468896224], [75.01874122777068, 36.976370721372746], [75.0959607335554, 36.94278998567051], [75.20896267997844, 37.036806431911536], [75.33288995523291, 37.05527731958878], [75.35466000709856, 36.97780944189027], [75.42591982014831, 36.955752539520994], [75.41418994777145, 36.89189161291676], [75.44403915594846, 36.8872375943975], [75.47421085608207, 36.81075209159029], [75.61647857049468, 36.76159959770575], [75.76936460673662, 36.573331132437865], [75.92336175856188, 36.502447732028216], [76.07728845217203, 36.474273965993525], [76.25476112729723, 36.34779368093229], [76.35240797196786, 36.35987386265952], [76.4320039718477, 36.30816098044929], [76.43324623321614, 36.251162973285275], [76.56297323632016, 36.17306528774987], [76.64444939483785, 36.18402994299514], [76.71962765312558, 36.08320849214288], [76.80185287164821, 36.047858600686254], [76.80776329753077, 36.018662535489625], [76.72277072589053, 35.95343050755447], [76.81179214200898, 35.84480391366341], [76.93522436199959, 35.784056919295466], [77.11566795573061, 35.797779606695165], [77.22818653255233, 35.712485141307496], [77.3584377052535, 35.71772001279401], [77.43104467065676, 35.65458162553739], [77.42713685747658, 35.61054454865446], [77.48659671684356, 35.53200852585976], [77.3222283173372, 35.53680363054184], [77.3819262942973, 35.4765303859047], [77.72296210292964, 35.475527743344365], [77.73359064719514, 35.52454827288203], [77.90128117719243, 35.46805377754517], [77.92204027154409, 35.49445110941587], [77.98254301623918, 35.4558633679162], [77.93123165296569, 35.51575269987101], [77.96675328172522, 35.57159571129112], [77.95248062887856, 35.606976492697825], [78.1373162008438, 35.538868954081046], [78.19966289569446, 35.66915830695056], [78.25507332866205, 35.64563400500451], [78.27334212768733, 35.721954010556665], [78.38610203491305, 35.735507681426604], [78.42322140305181, 35.785320638654014], [78.5212694419682, 35.763769319897946], [78.6649535285838, 35.85738731936412], [78.82375883752253, 35.8558331334238], [78.96050607673945, 35.892592785295506], [79.02163928790563, 35.84874821161169], [79.13253415659608, 35.836216874736934], [79.19404953794657, 35.886924353854575], [79.21546326404312, 35.97878083689013], [79.37807231307902, 35.99528719998779], [79.42206671960598, 35.89652830091241], [79.73753684612845, 35.80200874628812], [79.87109283978647, 35.7830274875701], [79.99917735223956, 35.837752876823856], [80.10810237051119, 35.68092545047328], [80.29467636123915, 35.60239585680297], [80.32801368985106, 35.469650756841546], [80.28107723026673, 35.440859823044505], [80.27092412833078, 35.344231151692874], [80.18353720607226, 35.166730839978676], [80.17475598330239, 35.00232867755747], [80.07314951550605, 34.82843171350895], [80.0690400166529, 34.71477705637766], [79.86066619206638, 34.688754365162865], [79.77591149968562, 34.62759259388875], [79.79301499938852, 34.58963872589359], [79.75846108342344, 34.55471612472599], [79.81029071160751, 34.53130810204496], [79.79403280755733, 34.48505450506551], [79.59325177540207, 34.50082391060888], [79.50851027830846, 34.47427970602431], [79.5281389384016, 34.41798528895243], [79.56120916729827, 34.410010702902206], [79.58574041718443, 34.24444718862543], [79.50722638052335, 34.205794518648766], [79.49473993997596, 34.1358784118906], [79.42034979578294, 34.07812916032322], [79.426577002261, 34.01743276823737], [79.17123551592738, 34.07286672847108], [79.11258389260125, 34.01971619726563], [79.02237104062647, 34.05090335310532], [78.95201994810716, 34.028867993449005], [78.90568264765476, 33.97620644464591], [79.01675234493693, 33.77869521043649], [79.06026759934117, 33.780320179464944], [79.02052211468319, 33.705737397410395], [79.09116750092133, 33.68699969343366], [79.10707338519467, 33.616884259560166], [78.91447446451092, 33.62787118936098], [78.9333478921973, 33.4327962647411], [78.9891832071116, 33.33352771668107], [79.11076395158352, 33.291942186391665], [79.45490562889323, 33.258548288142094], [79.37739113203845, 33.08473647175211], [79.39376306036449, 33.03618470504779], [79.33197156113042, 33.01206746616875], [79.42230992015168, 32.9615381740164], [79.62720504830793, 32.7393470813004], [79.44812866496142, 32.53251729707122], [79.4068203451832, 32.52968335033687], [79.39452993584969, 32.57230893651433], [79.32074559898095, 32.59272751061156], [79.23780548451428, 32.505859253376435], [79.13742045350193, 32.47694738074995], [79.11509357837737, 32.38422396561386], [79.03374010017639, 32.38590842911725], [78.98192163797378, 32.33783758245911], [78.82722373037777, 32.43870562695521], [78.77677466292373, 32.55836180353998], [78.79592101522866, 32.610415559065736], [78.76267913690585, 32.697806813877804], [78.6623127293689, 32.65402984464437], [78.62091929377442, 32.596715101155574], [78.57338830937796, 32.61761277608968], [78.45984398609802, 32.58001312924345], [78.32782320125811, 32.47224773487125], [78.29598167363804, 32.504317787329356], [78.31422977145527, 32.57395073834479], [78.40656732231275, 32.61965934103336], [78.38936103647548, 32.758440161105085], [78.30558069959882, 32.73447021089327], [78.31360850719051, 32.709415192571036], [78.23069288292834, 32.6658085718081], [78.17026354538717, 32.675705536955164], [78.1391434103662, 32.63900994184219], [78.11104328906953, 32.65886276775268], [78.08289786478518, 32.62097907806499], [78.05147090855411, 32.6323519926338], [78.05328338573062, 32.58863860461027], [78.00001149139747, 32.58324666034558], [77.92085917910373, 32.69002455194218], [77.93290595230644, 32.763076449794056], [77.77930443905933, 32.862116649904685], [77.80814363961017, 32.902737070477215], [77.73056538418655, 32.96929088570558], [77.6832842425735, 32.98359280821521], [77.47291396069852, 32.85938140984992], [77.40518321444625, 32.883283838718455], [77.34541369371969, 32.81762346769538], [77.1915197612144, 32.92923818855511], [77.16380751947064, 32.91213968009488], [77.15413219109712, 32.97868239361911], [77.0161397699713, 32.98801193335157], [76.93521995968804, 33.03231268487111], [76.89505709806708, 33.11304505985481], [76.8213461884174, 33.15468154456006], [76.84643270118822, 33.24548034212289], [76.79633817025633, 33.254895991536486], [76.7477511163147, 33.178576268939054], [76.64478499313824, 33.16178320428852], [76.5653120234277, 33.20902935059225], [76.4093768738562, 33.1864413745109], [76.29244026820544, 33.10383337488083], [76.25455343219295, 33.03239635309288], [76.11079304254037, 33.0048738100095], [76.09923155830242, 32.96880514299421], [75.96253942739729, 32.88529849313478], [75.82471179409137, 32.93030916800672], [75.80647258400563, 32.8818871985986], [75.92895428628172, 32.75713954981382], [75.91291679885633, 32.69101821585062], [75.93988491770816, 32.64353490683951], [75.82022662704644, 32.486910841781615], [75.76174393879946, 32.47631243766071], [75.7005782620181, 32.400601036708096], [75.5605771690811, 32.361058887203725], [75.51647076149138, 32.276250907952125], [75.48758384346718, 32.340410881206815], [75.3158993411581, 32.334464443666256], [75.18969571586676, 32.41994820013866], [75.13243577565257, 32.402705723735345], [75.10602064682858, 32.47403606984162], [75.03059916772406, 32.492883394721595], [74.95044318345212, 32.44052437358997], [74.82936083448966, 32.48598370545012]]]}}, {"id": "15", "type": "Feature", "properties": {"subdivision_id": "JHARKHAND", "name": "Jharkhand", "n_districts": 24, "area_km2": 76818.96245229612}, "geometry": {"type": "Polygon", "coordinates": [[[85.96394888263126, 22.479542744184478], [86.02725123322035, 22.385303581679768], [85.99864359259269, 22.341759285245995], [86.0490015708852, 22.309860786804016], [85.97554435238773, 22.24714106967772], [86.03242199969148, 22.18908536459538], [85.91119964351324, 21.970800159168046], [85.76663558933832, 21.9937762934741], [85.79380443062638, 22.081107282692155], [85.83658893441991, 22.08092102201843], [85.80794081310697, 22.11470615494783], [85.68745500088525, 22.052705376567214], [85.65061216674866, 22.094119515826595], [85.59712142541342, 22.07827354694988], [85.36941267258499, 22.158137933420996], [85.36757504214884, 22.125073936709946], [85.30632798277082, 22.110669930681492], [85.23722718120277, 22.004015344107525], [85.21704680226547, 22.04684003163789], [85.10182486961943, 22.102941930327596], [85.05031017049095, 22.1141372870336], [84.99388088850658, 22.08020161359495], [85.07692883363285, 22.275354439256343], [85.12085365383598, 22.293674867894076], [85.08048549878195, 22.351661754817673], [85.06894486821027, 22.48126887745421], [84.90034112174419, 22.420850460094233], [84.81440355933519, 22.449592248509536], [84.7593269569011, 22.444710683472422], [84.75049978235107, 22.417493313995042], [84.51260855678473, 22.418759973920896], [84.40131037889856, 22.34643774261438], [84.29609191707668, 22.339836147197328], [84.1594295200712, 22.40323778254834], [84.14188148401472, 22.47312933282624], [84.00952399896994, 22.522861380550367], [84.0120856283956, 22.571484311713792], [84.08739439085039, 22.63842659709824], [84.2275564050807, 22.67084936840764], [84.23233922471361, 22.73701087419448], [84.2922470900397, 22.765218734905538], [84.33641045867128, 22.86129251632384], [84.37681106469522, 22.866265564185625], [84.39598138011006, 22.94041474855856], [84.37749154501897, 22.976668821995542], [84.22408911808316, 22.977949293042013], [84.19697969949814, 23.025099007532877], [84.1550647109609, 22.96530133401036], [84.13646019400413, 23.082793829239726], [84.04082053252826, 23.139529256763296], [84.07744271690237, 23.33082901761366], [84.05060648171917, 23.374772460300484], [84.01374830347844, 23.3535553882049], [83.97307353856479, 23.381891622681895], [83.97679220634035, 23.455993346705498], [84.02995087491958, 23.544741751571838], [84.01434185094234, 23.632682799238992], [83.94522575678594, 23.622765717080153], [83.94259880925854, 23.563449033233837], [83.78228141740654, 23.599728049447418], [83.72216694634358, 23.68260496610841], [83.73686313000081, 23.75470753823226], [83.70287642532942, 23.820531961538837], [83.56877539260927, 23.862652259689945], [83.58372201881049, 23.884066279102157], [83.55043340185699, 23.897880662552993], [83.51435329303465, 24.027677777660667], [83.4552567346256, 24.04185206271134], [83.433059395188, 24.08306019040264], [83.33127145695664, 24.100525260539815], [83.40966304107256, 24.26505133185484], [83.38374385859818, 24.313523378523293], [83.45919488276661, 24.3637315974947], [83.40799322563397, 24.407562043261212], [83.40091865602312, 24.499957976701545], [83.87581560188208, 24.53200612407113], [83.94076786047212, 24.55088947313887], [84.00000000047147, 24.63712479444697], [84.05449994106863, 24.611461195384667], [84.11743341160327, 24.480777035234503], [84.15374547188607, 24.539624821689685], [84.18690615495937, 24.50980863840275], [84.19596325970605, 24.55466295491614], [84.26476552359638, 24.530185452971867], [84.30506074327097, 24.562563357791813], [84.33392430887017, 24.502234774658053], [84.30077128803771, 24.45037904040681], [84.34338507787805, 24.39548555854082], [84.43000775199225, 24.358923603708888], [84.42488176476658, 24.33115673278616], [84.50823113745767, 24.33238786890027], [84.50092983932986, 24.286947134743812], [84.52893995195356, 24.376079348983424], [84.57990616531482, 24.41215623227327], [84.66562137711034, 24.393636988450574], [84.68629436100322, 24.45618014887041], [84.80269903077865, 24.52932954973535], [84.8399628426956, 24.511360118938192], [84.84169782215763, 24.45247653084162], [84.8874636143569, 24.462779047866544], [84.90524773819809, 24.37222417018963], [84.97576234383995, 24.37608799852507], [84.99760338074783, 24.412338667403546], [85.08334230762503, 24.440006444289196], [85.07261924992669, 24.38695852241204], [85.09655285918807, 24.37941323545969], [85.17648366575237, 24.429683581648366], [85.1578045709893, 24.463032547016645], [85.28904718003699, 24.497410924806605], [85.2896066675045, 24.526863464518037], [85.49346523424387, 24.55102577958621], [85.52525792176348, 24.524872359268404], [85.58352872735296, 24.60327990140705], [85.67158873515368, 24.58227992771697], [85.6564984794236, 24.687259629017877], [85.70360211695231, 24.713693283002485], [85.7437418527738, 24.822778650830372], [85.88467216735738, 24.80052423840812], [85.95709379527773, 24.73246860439389], [86.05732676794517, 24.779889183804226], [86.04580477927051, 24.741700744730608], [86.09327156335115, 24.74673938294967], [86.13107910564327, 24.705635632982748], [86.13986336576993, 24.604120931135363], [86.32927116767, 24.584791708235347], [86.2855215008349, 24.46281481380844], [86.458395904236, 24.369627551746454], [86.51196764214234, 24.518554912355505], [86.60914284582853, 24.605866265996735], [86.67454324186434, 24.56151900178722], [86.78320404381441, 24.620617035376384], [86.80631291628383, 24.56552307517738], [86.91711194591136, 24.539664649255005], [86.90404355826685, 24.587474108202386], [86.93607526842224, 24.64371082232855], [87.05631950821933, 24.607732094302044], [87.10262854282544, 24.80226977643005], [87.0832799559753, 24.81889323444552], [87.15691275416361, 24.8591699051683], [87.15026637608617, 25.01855694046577], [87.18272874438041, 25.064574197484085], [87.2566288325281, 25.106389428858172], [87.2971249367286, 25.08983588455079], [87.32955220105309, 25.22354944728288], [87.478092017721, 25.195194773406207], [87.49608690075024, 25.3056366342776], [87.54568703863862, 25.282093067092763], [87.58604743570976, 25.348818360817692], [87.61278938397646, 25.31184401062895], [87.6899861780579, 25.310604005244567], [87.7135661321463, 25.256937860216812], [87.78901572773542, 25.246738330923918], [87.78209976797753, 25.091957457494708], [87.88240899453675, 25.02879126843344], [87.97857559071316, 24.897360005394216], [87.89426414433893, 24.85385483525604], [87.85980731258601, 24.765295103372836], [87.84280743539094, 24.788757560302063], [87.82332823456497, 24.766964004190893], [87.90599952592716, 24.722627785996675], [87.89176793533059, 24.675169447011417], [87.91851686733071, 24.659648061021286], [87.90670641985173, 24.613711832440412], [87.87785190025032, 24.611847988597926], [87.91504456284838, 24.595023739416924], [87.85329686725211, 24.552238009476685], [87.77458795108625, 24.58291033244271], [87.81146145381588, 24.54639500245227], [87.80022884101338, 24.492297583853958], [87.827955705945, 24.49564759832144], [87.789820861404, 24.41585832208024], [87.81504017446193, 24.40794979029377], [87.76128983131791, 24.30502226962565], [87.64079352660109, 24.244007125395775], [87.64279012361077, 24.213097183378608], [87.69755393353266, 24.187722130678157], [87.69455666894586, 24.15143075018433], [87.57447741373703, 24.157219765835755], [87.6126419135493, 24.130542041734493], [87.58120017932191, 24.086909526806785], [87.49872980385045, 24.116815474978214], [87.51562122623662, 24.041534524667924], [87.43895298761245, 24.010036690368285], [87.46306691533283, 23.983163390492507], [87.33308112081666, 23.997701980140224], [87.3375954569001, 24.03268332851419], [87.2433098327339, 24.042857124126105], [87.29973361010973, 23.90039262450899], [87.27562625153197, 23.874787127863524], [87.25346547099976, 23.90880633198606], [87.24793990834577, 23.82805861311832], [87.22377881088582, 23.83268195331453], [87.24146340245065, 23.854931117193992], [87.1362604301474, 23.868779155322937], [87.17171762243063, 23.821474407063466], [87.12945670889653, 23.79694648911983], [86.9005564811354, 23.881691357904], [86.88778682878318, 23.81629794708688], [86.87677407094877, 23.845960325024343], [86.82633973819544, 23.813116018436727], [86.79845402335376, 23.833149335495854], [86.82532407593389, 23.762939057199592], [86.79755977788926, 23.689323003608877], [86.69947617968005, 23.696432081931665], [86.53439180725321, 23.630919792508124], [86.44568456951565, 23.63151795010985], [86.3638042674027, 23.54504926154963], [86.37775984387258, 23.48473629248263], [86.30582909610858, 23.422185289609473], [86.2843290204434, 23.44320699860907], [86.24906369531243, 23.42168606945649], [86.24464582187778, 23.471724909244553], [86.1515068483185, 23.475059628410968], [86.1507842009081, 23.56963313229542], [86.05295704169998, 23.585661580574747], [86.0168642345622, 23.55346904014525], [86.05329449482241, 23.49555174568829], [85.95003334685855, 23.456543346502695], [85.88031557232894, 23.478082362517394], [85.86572996095265, 23.452831350125656], [85.90179833228297, 23.372596082602346], [85.8724084162946, 23.366849926956323], [85.88409289038457, 23.325778148601206], [85.83249600150234, 23.265249847120185], [85.83766443228572, 23.197345805972212], [85.92101756956778, 23.131889471508924], [86.0428558974685, 23.146014030446867], [86.21822673743121, 22.994545671539203], [86.30394154915021, 23.015978821679127], [86.3986294059731, 22.97702671487475], [86.54574471673129, 22.99005935807983], [86.52384945348092, 22.94720835073302], [86.4383566183018, 22.926279787381514], [86.46854519613069, 22.899560827487935], [86.42165917211865, 22.77959979997614], [86.51200871698059, 22.704751302018085], [86.54464155663797, 22.72387114684169], [86.6231786892704, 22.6766990127301], [86.65693578536643, 22.579255109706754], [86.7650844209381, 22.575933614783892], [86.80311508328343, 22.487635916722965], [86.7533983048413, 22.482301436547786], [86.75659782420117, 22.454362275681273], [86.84894907223305, 22.39986338317273], [86.83421400776808, 22.328494522491944], [86.89008375489534, 22.300658227152816], [86.89062992480288, 22.25614430061678], [86.81688784050944, 22.267924315560546], [86.80462475591523, 22.24499077298696], [86.79531842537473, 22.26678636064522], [86.80512850966134, 22.21769897742928], [86.78093805650445, 22.23557930124329], [86.75287413303028, 22.21204354409458], [86.65630562299276, 22.23720123038838], [86.50528572623872, 22.344739297992533], [86.43873370997366, 22.30536448103152], [86.35819163760634, 22.349146288198963], [86.28534751337479, 22.449067197996854], [86.11302512446024, 22.488319521611793], [86.04425789030229, 22.566853831676994], [85.96394888263126, 22.479542744184478]], [[85.46230624775242, 23.78895271908107], [85.45489874248676, 23.785725775001456], [85.4927345555353, 23.802202803730722], [85.46230624775242, 23.78895271908107]], [[85.05375399050085, 23.71351003821617], [85.05375394297243, 23.713510128241666], [85.05549593512038, 23.71018587733632], [85.05375399050085, 23.71351003821617]], [[85.03262891828261, 23.689122593235865], [85.01773223588239, 23.686977817746346], [85.03612694915839, 23.6896260075953], [85.03262891828261, 23.689122593235865]], [[84.50090693165136, 24.265101459707058], [84.50490974644315, 24.281890023739326], [84.49901088371278, 24.2829358012003], [84.50090693165136, 24.265101459707058]]]}}, {"id": "16", "type": "Feature", "properties": {"subdivision_id": "KERALA_MAHE", "name": "Kerala & Mahe", "n_districts": 15, "area_km2": 39421.66479636224}, "geometry": {"type": "Polygon", "coordinates": [[[76.83216530541205, 10.303299410531487], [76.98400072336916, 10.217076753929963], [77.17642586642182, 10.355170985181482], [77.235818482907, 10.349343008573927], [77.26056619757856, 10.229708103073378], [77.29461727230746, 10.216432587785945], [77.27413016017094, 10.128208699435977], [77.20199787480587, 10.101447841740958], [77.27617923935227, 9.972830105640556], [77.21923157987011, 9.903278613913272], [77.24914657211063, 9.797532066520818], [77.16729254204809, 9.61475525858199], [77.27084144385253, 9.573987997477513], [77.32021235708889, 9.602176800181107], [77.34083491179823, 9.572382785248173], [77.35690387565113, 9.604286990436043], [77.3667848360351, 9.53553203464113], [77.41268704621419, 9.505892350255122], [77.28349624558909, 9.299800482565168], [77.26884137383392, 9.151839671399731], [77.19923984642605, 9.045050121108286], [77.14926491327469, 9.020235823252612], [77.25937680754473, 8.873368731893459], [77.23272825177649, 8.784202296119103], [77.17333318205135, 8.74580230780373], [77.284119975371, 8.545841638659612], [77.26655464393016, 8.50967847822271], [77.20534913662055, 8.501487451851542], [77.22863517343032, 8.445848151232632], [77.1539130652114, 8.38638397702055], [77.17902232481761, 8.320358967936183], [77.14118139752729, 8.33069695001017], [77.10005572678736, 8.291355916213941], [76.98276136558232, 8.380341253561658], [76.6717568281224, 8.790378248969331], [76.5495185899039, 8.898146498801466], [76.34286564250434, 9.402734418973768], [76.24328029164774, 9.969274402185379], [76.04302197850558, 10.49442144454387], [76.05846997465714, 10.479572058311739], [76.04022070648395, 10.521885020049615], [76.06867982972993, 10.509459532690776], [76.06574680512938, 10.5352510127306], [76.04144771955704, 10.565603584327812], [76.03290907189172, 10.506709286579609], [75.90165845535586, 10.8025170368713], [75.82305151569457, 11.1680407410582], [75.70006618099329, 11.423415113270927], [75.62073292149199, 11.477323065919792], [75.53101091646664, 11.703603353414376], [75.32076274055892, 11.89908711659677], [75.30944502722973, 11.941268612357119], [75.35056096692509, 11.929562281312517], [75.31863481258911, 11.973346263642187], [75.2882871407444, 11.989597533994555], [75.29612078352935, 11.952496615694532], [75.23609808366838, 12.02344710357934], [75.20429772142272, 12.00336028449248], [74.86303796839177, 12.758281099956292], [74.99200716893688, 12.79473853021569], [74.98454889391536, 12.73417042599191], [75.04976961084358, 12.719075820805779], [75.04798576023602, 12.664478963391275], [75.08343707468433, 12.670848753884115], [75.08640918931188, 12.702204974901639], [75.15128421876307, 12.68086115242239], [75.14364991298174, 12.637832061159594], [75.20240515607401, 12.629718466551978], [75.2240913225996, 12.567302029729692], [75.27807758195338, 12.6163723683415], [75.329488557216, 12.589981174712413], [75.27386062165365, 12.544612650363042], [75.34277366236843, 12.46091231899835], [75.41666663772126, 12.50165966965263], [75.42478014360164, 12.465043603830024], [75.36864996607449, 12.456556898478754], [75.3677037990174, 12.411955767209585], [75.42382037706275, 12.371738175599221], [75.42168404859618, 12.291431674552868], [75.48557800542822, 12.291312810703563], [75.5369811973587, 12.201324872390572], [75.6388567428267, 12.147811397577104], [75.6664258051339, 12.09665688648094], [75.70574744583334, 12.105865616039964], [75.72133944884212, 12.06766180995651], [75.8043010169226, 12.076891908029742], [75.8710311563966, 11.951499637063451], [76.00390509460155, 11.929745216820216], [76.11396785137774, 11.97694108608639], [76.12288112623786, 11.849395932632678], [76.19061983013441, 11.870240249956934], [76.22536740946757, 11.806606829910004], [76.27905384696888, 11.810201989307696], [76.34241060154442, 11.737437237756843], [76.41533761837327, 11.760278028580712], [76.40410919100219, 11.708021280703475], [76.44221918033024, 11.640559709105258], [76.30554294311825, 11.571112816843948], [76.2784496928815, 11.599634046193477], [76.23310065122152, 11.571091808771516], [76.2477402384309, 11.46634447755749], [76.2858106181077, 11.481306169623121], [76.41873288785365, 11.440639225130932], [76.45698147713097, 11.388558812250354], [76.54717908686392, 11.358921487191783], [76.54929309879313, 11.299700214511173], [76.45529622766573, 11.237628051521805], [76.46176900590875, 11.187402133169885], [76.49677059572704, 11.210047944629961], [76.63269291549571, 11.19322412306888], [76.70679218110052, 11.23903671807233], [76.73553355164194, 11.216664380609755], [76.70117667116756, 11.152217295968434], [76.74893223946208, 11.129113731477423], [76.74747917523275, 11.055328985128263], [76.8030451007164, 11.050325464798314], [76.71683641818967, 11.039110998377515], [76.65950686295959, 10.931808368818219], [76.82862895964591, 10.869838745802124], [76.90908614753339, 10.779034586782362], [76.86715622461912, 10.683414181017296], [76.88445319628121, 10.637614140798753], [76.81658770160631, 10.63437736931887], [76.84151774612194, 10.593144376712551], [76.83216530541205, 10.303299410531487]], [[75.5587824176327, 11.725096352868643], [75.55925041182822, 11.721127882547304], [75.5592504088749, 11.7211279176363], [75.5587824176327, 11.725096352868643]], [[75.55387456684873, 11.717978188820505], [75.55529693300497, 11.717509243050001], [75.55349041688729, 11.718104832395234], [75.55387456684873, 11.717978188820505]], [[75.54908038169687, 11.715243166103745], [75.54664222657183, 11.715909195683283], [75.54908035131889, 11.715243171472048], [75.54908038169687, 11.715243166103745]], [[75.54548882144958, 11.75427487411031], [75.5464310189131, 11.751166689205503], [75.5464310169707, 11.751166712618506], [75.54548882144958, 11.75427487411031]], [[75.54363331998286, 11.75930124843925], [75.5357439954695, 11.758312999875514], [75.54363335742794, 11.759301251411019], [75.54363331998286, 11.75930124843925]], [[75.53552109555321, 11.717492808166128], [75.53688578689426, 11.71658026438927], [75.53307524547903, 11.717470523875024], [75.53552109555321, 11.717492808166128]], [[75.53337371966298, 11.755705844849203], [75.53337372057766, 11.755705844877799], [75.53337372030302, 11.755705881858855], [75.53337371966298, 11.755705844849203]], [[75.53309376581463, 11.752667797310211], [75.53309376312862, 11.75266779542193], [75.53378563662521, 11.751698277321433], [75.53309376581463, 11.752667797310211]], [[75.52783037342665, 11.72213522584806], [75.52888426141354, 11.727003774122114], [75.52783037325922, 11.722135252864138], [75.52783037342665, 11.72213522584806]]]}}, {"id": "17", "type": "Feature", "properties": {"subdivision_id": "KONKAN_GOA", "name": "Konkan & Goa", "n_districts": 8, "area_km2": 33319.20843154385}, "geometry": {"type": "MultiPolygon", "coordinates": [[[[73.54446502691329, 19.18294971986534], [73.51813289934223, 19.04904990473026], [73.55722694879344, 19.0159678694299], [73.5117857598024, 18.96768208456025], [73.46224230262854, 18.965887691062626], [73.42762797401646, 18.862612256706562], [73.38875315141173, 18.852040637373165], [73.33169956190562, 18.701624579168485], [73.37524437878955, 18.70798813931908], [73.38890094777497, 18.654282014785807], [73.32255538145135, 18.56310815667756], [73.3942086219577, 18.50306259002717], [73.36436142518288, 18.46850814398582], [73.41018186323772, 18.498230029429234], [73.40178917583258, 18.39990058533657], [73.4443721574029, 18.360037769122965], [73.42173352562709, 18.306756436334684], [73.47604908833726, 18.30043527900975], [73.48011540099587, 18.271328950413473], [73.50934406731794, 18.286363415390596], [73.53676927215997, 18.244565070089596], [73.52139334108661, 18.187408305765118], [73.56132473524173, 18.211150516789935], [73.66699388155921, 18.1560970440296], [73.59706022026464, 18.109050058195855], [73.65899011016465, 18.031229510363517], [73.63585948992166, 17.968314903248228], [73.53477906027307, 17.893726175808336], [73.59640141103498, 17.847735049937274], [73.56633551919015, 17.721894439904027], [73.68885002399443, 17.687445312344927], [73.69220279436506, 17.62722833617808], [73.7247562895512, 17.61962375441193], [73.7166454882349, 17.57375074946673], [73.74680285142215, 17.556118173877017], [73.69504347200808, 17.486409902833042], [73.70506500065136, 17.423197143703863], [73.64438952858656, 17.391170755462618], [73.6821351278111, 17.36339145095009], [73.71861711551746, 17.2023143400572], [73.69161523901379, 17.143382753162385], [73.83460226634693, 17.053872358186222], [73.83391086609218, 16.99063304606202], [73.76584847927082, 16.96260475904706], [73.79034551657934, 16.90786564226261], [73.73955496973463, 16.912645688623655], [73.76927325353412, 16.854096765209576], [73.71221497971139, 16.829901421652753], [73.7528807425025, 16.812943592111413], [73.76212272204222, 16.77010740893618], [73.84107611589292, 16.738812528571213], [73.81330621835903, 16.706565904684926], [73.86059929503087, 16.680589526699386], [73.86337294235331, 16.608388995282905], [73.81813472926358, 16.544949807734007], [73.88854011777332, 16.457505396122116], [73.83785258056268, 16.403004522587043], [73.86634075920833, 16.37371391594237], [73.84126053851092, 16.316778758234445], [73.90470339458285, 16.328305800384094], [73.88163802859327, 16.279402376115534], [73.92011655675881, 16.245891749784555], [73.89300774377168, 16.230934121004744], [73.94417528368577, 16.243005131722835], [73.92751486656182, 16.200070552999485], [73.95985838740194, 16.200276491344965], [73.90992361981108, 16.1352673538097], [73.84585068492484, 16.152313095940382], [73.83577510039282, 16.09389022333361], [73.99759563325743, 16.08836919894819], [74.00188070057956, 16.03768126858378], [74.05669802438466, 16.051043988315286], [74.08744063739262, 16.015673177474945], [74.0459921252563, 15.956712452431207], [74.07360459795505, 15.948170340797974], [74.09284768214461, 15.87165670064809], [74.03234852139903, 15.83390939338559], [74.02921364041413, 15.764328555191618], [74.07970408994548, 15.768468375361453], [74.04882858848478, 15.80668686706822], [74.09476180755314, 15.839518727725954], [74.15939376116893, 15.82135732625535], [74.17357109509855, 15.774257288638625], [74.21054094930604, 15.780866385929071], [74.08911531153223, 15.673001515367927], [74.24863624631519, 15.656411075750688], [74.24771713626716, 15.568087848014622], [74.28085007938066, 15.528294551780851], [74.24977673195478, 15.491824717846333], [74.33560189303074, 15.295391063267237], [74.25109193000962, 15.26007550726199], [74.31585171863483, 15.18658552157017], [74.2833445533854, 15.145658507165585], [74.29624375247622, 15.04245547225276], [74.26392419180655, 14.969267117216992], [74.20536209467471, 14.924045744767103], [74.16546842149775, 14.95360241211338], [74.16874642618932, 14.911535121658064], [74.08801970844426, 14.895984126098003], [74.04234372083802, 14.915120974843074], [74.04569108336133, 14.98708615327912], [73.98400009091685, 15.054778960379897], [73.9139144899056, 15.083739171668707], [73.95831183740596, 15.144364167873121], [73.95909575041667, 15.185020940079426], [73.9470675507867, 15.145128520136764], [73.87932811044864, 15.363354373415898], [73.78410192615509, 15.40799686753478], [73.92235392554556, 15.40364224531433], [73.9360516669665, 15.436138907412769], [73.89782322079806, 15.41758803916488], [73.78564825736659, 15.461632740037556], [73.83375533852607, 15.505103744851972], [73.76719880254248, 15.494592730728872], [73.73038382092774, 15.598445564266425], [73.76650551641154, 15.632734771303703], [73.7242422064026, 15.62475002868769], [73.69969305733873, 15.721496688125793], [73.65896437002563, 15.748979835080625], [73.68893761407685, 15.754581330934835], [73.59153893015402, 15.908475242835333], [73.48759193180243, 15.97494794301372], [73.45790491917845, 16.064741528696302], [73.47242196368802, 16.15858888107785], [73.46145937090566, 16.110315227761614], [73.38630011557274, 16.33549377744776], [73.4205066444545, 16.36476273773274], [73.37189343278162, 16.371450274065474], [73.4695265273917, 16.415067577928145], [73.36976099810796, 16.393796814266253], [73.31923675585314, 16.51283071437035], [73.34634477889887, 16.572308933913238], [73.32424252361828, 16.603401832428563], [73.35496490486896, 16.591000020429934], [73.36775596020557, 16.624665817733895], [73.37905879780197, 16.594332146672745], [73.403128581852, 16.58636391639472], [73.39236645619576, 16.62667830617814], [73.32417105599318, 16.635738138981917], [73.34541516857769, 16.690568827960057], [73.31176315644245, 16.71625360640033], [73.29349181169891, 16.834276763082205], [73.31535149080779, 16.88797789604581], [73.28236383363152, 16.893071064522402], [73.29467572835037, 16.974927043408858], [73.32870662402678, 16.95029574001386], [73.33370553470456, 16.967886025881448], [73.2727405255017, 16.984959132018034], [73.2578821871303, 17.04644302337973], [73.31239406307361, 17.07678042975155], [73.18985930353065, 17.299426850785107], [73.2460490684025, 17.317149309465552], [73.16859700344345, 17.403738978212996], [73.20446033520592, 17.439417607953093], [73.14129002984312, 17.556553567499364], [73.16010231163584, 17.590825645524763], [73.1170403417792, 17.689535964414404], [73.1380809789125, 17.718639569597524], [73.09328638338576, 17.834467791217428], [73.13023736076873, 17.831341552551837], [73.0921315401613, 17.838732313562392], [73.03362746088861, 17.936456516270045], [73.00683847377056, 18.021823230650465], [73.04658770870498, 18.04386752980763], [72.99231597211754, 18.049592410205115], [72.9762210023735, 18.199153568012477], [72.93211593927869, 18.21410348637097], [72.96252215846398, 18.316165082231482], [72.9133993237961, 18.35933357368275], [72.89207103004247, 18.45926632927484], [72.90405906471243, 18.535693680863805], [72.9333008465755, 18.534405369830083], [72.86171490448511, 18.63937520734846], [72.86494820213562, 18.804341014881718], [72.80754521596207, 18.895808194278562], [72.8222769383689, 18.943148463293948], [72.78764922710496, 18.939476874391975], [72.82711539973772, 19.11197772404634], [72.78363486336978, 19.125174714166395], [72.80008443673846, 19.330324379835588], [72.75524715148518, 19.378439933593654], [72.69488442059267, 19.656857938445704], [72.71394468677018, 19.693409523223952], [72.6698152709224, 19.759348413111727], [72.72274559440103, 19.819067519857956], [72.65898258103749, 19.808674233398524], [72.64292983978679, 19.851153269645405], [72.67276757639038, 19.873326147848363], [72.65044803893394, 19.942412394532056], [72.68433596500562, 19.96036181767931], [72.72390905951713, 19.951542718173894], [72.75372978437079, 19.88242547599206], [72.77354935835373, 19.89902600371775], [72.76002450577681, 19.981494365113452], [72.71954064160926, 19.979002820700245], [72.704233654787, 20.081041499750945], [72.72927533700513, 20.136806669491197], [72.79032555802651, 20.125744353670914], [72.8390604767291, 20.20857252337889], [72.91755933670645, 20.223887092713557], [72.9597382833918, 20.21279024803047], [72.96245338348989, 20.131283125397506], [73.00688603713061, 20.135380675566083], [73.04229368068249, 20.068065142617765], [73.05021259917808, 20.099433273607254], [73.17591767036122, 20.05312008327439], [73.2258306385585, 20.141121473193962], [73.2719578234921, 20.104947148176077], [73.27857505972426, 20.046596706330828], [73.31119383192306, 20.05732420623811], [73.45250048609999, 19.981991644296563], [73.4167613672221, 19.859750732472953], [73.44670362437029, 19.773141363356924], [73.5009366019864, 19.758706021589823], [73.4912919097006, 19.714558031573826], [73.62021077854777, 19.587028617091665], [73.63717102587344, 19.530743786259578], [73.70924671950863, 19.496313972053166], [73.67578552846419, 19.462593302207708], [73.78164855875141, 19.38597466656154], [73.79802884645031, 19.33615301589902], [73.67390671573338, 19.30263842575575], [73.69044482657381, 19.244276988317196], [73.54446502691329, 19.18294971986534]]], [[[74.11349848070516, 14.752027822890408], [74.11155311549524, 14.759771694162632], [74.11917887822122, 14.75344075092639], [74.11349848070516, 14.752027822890408]]], [[[73.45649271583414, 16.03778996713206], [73.45959501444206, 16.047586202906743], [73.46177607416817, 16.035730840198408], [73.45649271583414, 16.03778996713206]]], [[[73.3870062451745, 16.615938216532935], [73.38406521461259, 16.621259644968838], [73.38844475807355, 16.620071457100256], [73.3870062451745, 16.615938216532935]]], [[[72.73430583815951, 19.46202958396167], [72.73064831786476, 19.455154530067606], [72.72957615986401, 19.464292757588378], [72.73430583815951, 19.46202958396167]]]]}}, {"id": "18", "type": "Feature", "properties": {"subdivision_id": "LAKSHADWEEP", "name": "Lakshadweep", "n_districts": 1, "area_km2": 669.8124997446848}, "geometry": {"type": "MultiPolygon", "coordinates": [[[[74.09219707397745, 11.2031876194058], [74.00068618059105, 11.25023444523327], [73.97270140887335, 11.34365414087911], [74.08997329067208, 11.297792731190873], [74.12313345241216, 11.23472061080427], [74.09219707397745, 11.2031876194058]]], [[[73.66301989274082, 10.801565612184234], [73.6997573013936, 10.81646832655704], [73.70387561960383, 10.8114818847765], [73.66301989274082, 10.801565612184234]]], [[[73.64120003084055, 10.054080854831557], [73.62021588251251, 10.103152906823945], [73.66024649448751, 10.155047668843423], [73.66592917719632, 10.13800950850236], [73.64120003084055, 10.054080854831557]]], [[[73.07182166733654, 8.329522482495054], [73.04988633562843, 8.261878896168279], [73.01048923528225, 8.270073068618585], [73.01032622582608, 8.302522945938463], [73.07182166733654, 8.329522482495054]]], [[[73.0111498826358, 11.486953728564597], [72.99875695007732, 11.48389948201532], [73.0006858317106, 11.497441014921545], [73.0111498826358, 11.486953728564597]]], [[[72.79190608090498, 11.257907698896112], [72.7780939488157, 11.21410704719053], [72.76237311726655, 11.180727589195465], [72.77954711718449, 11.240369627872116], [72.79190608090498, 11.257907698896112]]], [[[72.73313076910458, 11.124641149258048], [72.7189219481319, 11.126087167522952], [72.73515557004798, 11.135268669246663], [72.73313076910458, 11.124641149258048]]], [[[72.71630006025752, 11.70383087600002], [72.70911009063178, 11.679229455343465], [72.70052753399375, 11.683689343650647], [72.71630006025752, 11.70383087600002]]], [[[72.63255538137003, 10.578309656531205], [72.65098117748896, 10.561101691075505], [72.61745448751704, 10.538991463270927], [72.63255538137003, 10.578309656531205]]], [[[72.53182314653883, 10.779164073021457], [72.53591508219486, 10.783254752811859], [72.53778335117534, 10.782441605565344], [72.53182314653883, 10.779164073021457]]], [[[72.2571782795127, 10.010370897682503], [72.24451276231355, 10.055933400352924], [72.32958349376143, 10.139057972418483], [72.32264995908425, 10.056417217446441], [72.2571782795127, 10.010370897682503]]], [[[72.33613662551755, 10.955081561175312], [72.33455485075388, 10.957659443359328], [72.33488644233945, 10.957908815658307], [72.33613662551755, 10.955081561175312]]], [[[72.33382650290883, 10.954013434489225], [72.33472578208335, 10.951612073444744], [72.3324741304171, 10.95264573087061], [72.33382650290883, 10.954013434489225]]], [[[72.33403868624356, 10.951645427285817], [72.33189058763887, 10.948995163509384], [72.32832403997803, 10.950325292753323], [72.33403868624356, 10.951645427285817]]], [[[72.31707174409253, 10.948237376997332], [72.31656880270295, 10.941456187938178], [72.31542461736629, 10.941985028454356], [72.31707174409253, 10.948237376997332]]], [[[72.28759284993755, 10.945404240247237], [72.29356847144436, 10.9351083805604], [72.28583433058964, 10.934465653458787], [72.28759284993755, 10.945404240247237]]], [[[72.17692951416744, 10.816437909546922], [72.19509172350874, 10.870356083640955], [72.20655073619763, 10.877821308782261], [72.17692951416744, 10.816437909546922]]], [[[72.16895203676941, 11.491862850821937], [72.13708899092872, 11.552426715894345], [72.17436004260756, 11.606746320540697], [72.19706939656697, 11.499200963645306], [72.16895203676941, 11.491862850821937]]], [[[72.10013979410613, 11.222068410220324], [72.05457515887281, 11.121380319995646], [72.00094399789519, 11.193941135152427], [72.10013979410613, 11.222068410220324]]], [[[71.89566241779062, 12.285552868493188], [71.87953910486048, 12.390723479442741], [71.8966775639746, 12.40315149708248], [71.92662600985139, 12.37387459447292], [71.89566241779062, 12.285552868493188]]], [[[71.84546875337337, 11.82549076927718], [71.78201177989023, 11.835288960844354], [71.76102479579404, 11.872320707299854], [71.73147923825437, 11.954439168611259], [71.77335381843199, 12.00350783527797], [71.84546875337337, 11.82549076927718]]]]}}, {"id": "19", "type": "Feature", "properties": {"subdivision_id": "MADHYA_MAHARASHTRA", "name": "Madhya Maharashtra", "n_districts": 10, "area_km2": 111246.2363919461}, "geometry": {"type": "Polygon", "coordinates": [[[74.69325209329291, 16.716761550410215], [74.65541538352772, 16.639193291105883], [74.68843116939266, 16.608919421709384], [74.63763631283481, 16.60839907226393], [74.576094904059, 16.553498144101198], [74.5458718719193, 16.634803663548592], [74.49219911075933, 16.628217513866904], [74.47148521067463, 16.66233587520691], [74.46654412069758, 16.6063996289075], [74.3972789801665, 16.580269641634896], [74.38366374617137, 16.529549158318854], [74.32287055903082, 16.555080634144566], [74.30751685154758, 16.50374267242174], [74.26475814926756, 16.540276577313705], [74.27901717636588, 16.505011372476684], [74.24628140297362, 16.496518888200104], [74.26197513747934, 16.477683194737672], [74.2932336084385, 16.504271219200675], [74.28962791158231, 16.460684851066404], [74.33239362825023, 16.453841303923028], [74.33619957878972, 16.402215361713175], [74.36278079149234, 16.396059089990132], [74.35530396625845, 16.366495485173747], [74.31893123460179, 16.380972242707728], [74.32417447279664, 16.274752330689868], [74.37383022857392, 16.29530076125291], [74.4974352121535, 16.23291234959406], [74.49073772629562, 16.10354409589756], [74.42863061924547, 16.11256461527448], [74.36191464328296, 16.054923639261965], [74.46450466607428, 16.04255042044611], [74.38577895010683, 15.903236498235119], [74.40562021774674, 15.854707125419864], [74.36795903485267, 15.893684836897643], [74.33826509301382, 15.854142953438759], [74.38324066805271, 15.846243276373407], [74.3586845843481, 15.77581608670309], [74.24339985751624, 15.743337931890615], [74.2287025925308, 15.788940148528084], [74.17357109509855, 15.774257288638625], [74.15939376116893, 15.82135732625535], [74.09476180755314, 15.839518727725954], [74.04882858848478, 15.80668686706822], [74.07970408994548, 15.768468375361453], [74.0408110234998, 15.755340435979827], [74.03234852139903, 15.83390939338559], [74.09391780730225, 15.897493595423551], [74.0459921252563, 15.956712452431207], [74.0893718256619, 16.012377379008463], [74.05669802438466, 16.051043988315286], [74.00188070057956, 16.03768126858378], [73.99759563325743, 16.08836919894819], [73.83577510039282, 16.09389022333361], [73.84585068492484, 16.152313095940382], [73.90992361981108, 16.1352673538097], [73.95907211956067, 16.205731504055084], [73.92751486656182, 16.200070552999485], [73.92592551520916, 16.218874350466148], [73.94770945631649, 16.238187274637077], [73.94417528368577, 16.243005131722835], [73.89300774377168, 16.230934121004744], [73.92011655675881, 16.245891749784555], [73.88163802859327, 16.279402376115534], [73.90470339458285, 16.328305800384094], [73.84126053851092, 16.316778758234445], [73.86634075920833, 16.37371391594237], [73.83785258056268, 16.403004522587043], [73.88854011777332, 16.457505396122116], [73.81813472926358, 16.544949807734007], [73.86337294235331, 16.608388995282905], [73.86059929503087, 16.680589526699386], [73.81330621835903, 16.706565904684926], [73.84107611589292, 16.738812528571213], [73.76212272204222, 16.77010740893618], [73.7528807425025, 16.812943592111413], [73.71221497971139, 16.829901421652753], [73.76927325353412, 16.854096765209576], [73.73955496973463, 16.912645688623655], [73.79312407646043, 16.912099296451267], [73.76724816854582, 16.967137829534906], [73.83535087863788, 17.000400938654064], [73.8076486815225, 17.08561835723374], [73.69161523901379, 17.143382753162385], [73.71861711551746, 17.2023143400572], [73.6821351278111, 17.36339145095009], [73.64449020438724, 17.388471353036923], [73.70506500065136, 17.423197143703863], [73.69504347200808, 17.486409902833042], [73.74680285142215, 17.556118173877017], [73.7166454882349, 17.57375074946673], [73.7247562895512, 17.61962375441193], [73.69220279436506, 17.62722833617808], [73.68885002399443, 17.687445312344927], [73.56633551919015, 17.721894439904027], [73.59640141103498, 17.847735049937274], [73.53477906027307, 17.893726175808336], [73.63585948992166, 17.968314903248228], [73.65899011016465, 18.031229510363517], [73.59706022026464, 18.109050058195855], [73.66699388155921, 18.1560970440296], [73.56132473524173, 18.211150516789935], [73.52139334108661, 18.187408305765118], [73.53676927215997, 18.244565070089596], [73.50934406731794, 18.286363415390596], [73.48011540099587, 18.271328950413473], [73.47604908833726, 18.30043527900975], [73.42173352562709, 18.306756436334684], [73.4443721574029, 18.360037769122965], [73.40178917583258, 18.39990058533657], [73.41018186323772, 18.498230029429234], [73.36436142518288, 18.46850814398582], [73.3942086219577, 18.50306259002717], [73.32255538145135, 18.56310815667756], [73.38890094777497, 18.654282014785807], [73.37524437878955, 18.70798813931908], [73.33169956190562, 18.701624579168485], [73.38875315141173, 18.852040637373165], [73.42762797401646, 18.862612256706562], [73.46224230262854, 18.965887691062626], [73.5117857598024, 18.96768208456025], [73.55722694879344, 19.0159678694299], [73.51242811406755, 19.094028726164318], [73.53931532081977, 19.176649554473496], [73.69044482657381, 19.244276988317196], [73.68722827744557, 19.310930346704946], [73.79802884645031, 19.33615301589902], [73.78164855875141, 19.38597466656154], [73.67578552846419, 19.462593302207708], [73.70924671950863, 19.496313972053166], [73.63717102587344, 19.530743786259578], [73.62021077854777, 19.587028617091665], [73.4912919097006, 19.714558031573826], [73.5009366019864, 19.758706021589823], [73.44670362437029, 19.773141363356924], [73.4167613672221, 19.859750732472953], [73.45250048609999, 19.981991644296563], [73.26552781630355, 20.060795449895615], [73.2498971329163, 20.124743480801357], [73.28552019612276, 20.196250427808742], [73.42114122329728, 20.206097842092852], [73.41476292622116, 20.35190707737466], [73.38260402100025, 20.390033503682904], [73.49259257700893, 20.539887547750745], [73.39315789426195, 20.64894030051108], [73.46713553414942, 20.72127361798079], [73.49039620817234, 20.65303313686536], [73.53050283295738, 20.673405433355313], [73.65834686875218, 20.562260445429434], [73.74102749026011, 20.56672498364705], [73.83964145219164, 20.62275284989452], [73.81586559782258, 20.693053470978718], [73.94324881070828, 20.741389446837164], [73.90025327682268, 20.98215733038741], [73.79619851080966, 21.045005659521124], [73.81131902000014, 21.083801852940336], [73.7637637310417, 21.06736264113668], [73.73379415857164, 21.08400759911552], [73.74601281336494, 21.113214183277513], [73.65301353313968, 21.107617121666273], [73.58117419978629, 21.167199935521054], [73.60614746886311, 21.17532779484854], [73.62942168210265, 21.131914846436537], [73.81626907912695, 21.170943485781944], [73.82601114935896, 21.266433803769615], [73.94277975905428, 21.296377138120963], [73.94726130572634, 21.401157413688114], [74.04328834597715, 21.418105822274157], [74.06203801341341, 21.480566916285547], [74.10396924318022, 21.4466069269188], [74.3015764946726, 21.477794018628014], [74.33133347410913, 21.538569728387447], [74.30573089567098, 21.565677788704992], [74.20062072731628, 21.527683600815617], [74.17821698054642, 21.56003379774198], [74.06418276637604, 21.55809974670308], [73.85500973136475, 21.494671946570172], [73.78172335847952, 21.623944467068043], [73.88009327146348, 21.643821783543107], [73.89093140850012, 21.699012148020707], [73.80496473097418, 21.822136304536976], [74.13379800240965, 21.95172619361051], [74.19744543358534, 21.923831476947996], [74.28673894556104, 21.93426967178492], [74.30056997191775, 21.967362243288854], [74.43218721862128, 22.029028358855232], [74.44524373042988, 21.969170660471228], [74.52427805146323, 21.906779988681812], [74.50829290662632, 21.723053156885403], [74.5872640109196, 21.66223074001566], [74.79034238416983, 21.608297130880008], [74.89947563076589, 21.628098875838717], [75.05572219705677, 21.56275674420677], [75.12103847903944, 21.451189663109894], [75.21815277713686, 21.408712556979175], [75.29814754597022, 21.413469616006125], [75.30041315673753, 21.38707577833788], [75.95959677953593, 21.393855275811752], [76.05276937639456, 21.350401387494777], [76.09917935034642, 21.371609510104268], [76.17331690460989, 21.186130024290904], [76.11439274432009, 21.162503607077173], [76.1691754414823, 21.08374425881809], [76.38379379465896, 21.077511305214355], [76.3981536341408, 21.030317856684327], [76.38331311302696, 20.977511946580446], [76.32020336060401, 20.950497261370398], [76.1665056542607, 21.04002354005144], [76.08411485626523, 20.92752726905675], [76.11165470386636, 20.881702188001892], [76.04993273139091, 20.788237406177863], [75.98690723815452, 20.75884644048183], [76.01603264778802, 20.73141923010761], [76.01061789014663, 20.639265051607424], [75.93351798551748, 20.599697198613], [75.92967063090624, 20.549860603673093], [75.88952576283403, 20.563358699985034], [75.86916044535958, 20.623564770445466], [75.84075616644938, 20.61654427480752], [75.84593209520395, 20.567609997488873], [75.78920797566454, 20.565365910521738], [75.66943331842172, 20.670472849110105], [75.65999844424564, 20.626637871332747], [75.53674115148108, 20.60965138231941], [75.52619605585903, 20.560687704740076], [75.49566989601604, 20.527768502738148], [75.46090898504613, 20.552930605630586], [75.45861432821894, 20.51601619479843], [75.45098467441068, 20.54028826403582], [75.43420242341857, 20.513260004422786], [75.39732254812957, 20.52408336655208], [75.3625441681368, 20.596864953643713], [75.25999201888983, 20.578918514017932], [75.23116047876239, 20.493052849509578], [75.16344951710819, 20.4759669140621], [75.16147274652062, 20.436585484256565], [75.10843224487866, 20.411859188559212], [75.12545565236054, 20.349391573002052], [75.05945618807513, 20.334011391451302], [75.05650934852606, 20.307307880562753], [74.99539056115604, 20.33589602049476], [74.90838961847544, 20.243349885422568], [74.93050658080261, 20.152519705962945], [74.85611383367659, 20.177056140885057], [74.85860246848154, 20.227093788690116], [74.82883414611695, 20.24304522954917], [74.78386889601806, 20.230438295626527], [74.8041003325389, 20.231093563490887], [74.764109441721, 20.182791985017502], [74.72401389277098, 20.19033939961972], [74.72022668470717, 20.021141190775126], [74.64916140192294, 19.909825891926886], [74.66086700405754, 19.839049149236022], [74.60668541954195, 19.84963475868926], [74.59165682805882, 19.77969844654881], [74.63613002729981, 19.79432033757434], [74.69536357647557, 19.759414038832343], [74.71303559469928, 19.78227275356267], [74.7299454846065, 19.699180532037925], [74.80664855082324, 19.70300307869841], [74.78884671976142, 19.6495465550916], [74.82482372814209, 19.672335303829207], [75.19445132918699, 19.593222527767892], [75.25759137380395, 19.523325616334912], [75.2813376394183, 19.548983619793024], [75.27683182292526, 19.512858581207393], [75.33291121150573, 19.50295400455313], [75.33050878263747, 19.479212188388306], [75.35595453937367, 19.500620288115506], [75.32472231349904, 19.45397449570954], [75.35605200550287, 19.44116537032247], [75.34307500719575, 19.405715182021645], [75.44408743551986, 19.427415214883208], [75.53546796245055, 19.37491501310768], [75.51930348100522, 19.329667035529063], [75.54171310773516, 19.308450809322597], [75.40525815061298, 19.198942043815627], [75.44885297220281, 19.17001802462725], [75.43384570902973, 19.11644501835515], [75.48514747279859, 19.125760850166767], [75.48725903033866, 19.103620324910665], [75.37078085813638, 19.082220053027523], [75.41059015570633, 19.13392461456199], [75.35494997490555, 19.125161131853176], [75.3382364572266, 19.15318137740514], [75.3645639631515, 19.076197237463457], [75.28374287133178, 19.083160641636514], [75.28738671599956, 19.032068566690768], [75.34708659871148, 19.02285354142689], [75.3417452734624, 18.989610630062128], [75.27330873125993, 18.992387787000396], [75.26359587035715, 19.06965520814496], [75.22658793735937, 19.06569542065806], [75.22258544825073, 19.11018389867036], [75.19020895022253, 19.092695010748074], [75.20991400889153, 19.022772022756193], [75.18135008880475, 19.012682892913748], [75.07162951214805, 19.057515890921714], [75.10998211587756, 19.123721945352617], [75.05430308352248, 19.09875753267845], [74.94243507371458, 19.12979797813206], [74.91636805084326, 19.039910371105673], [74.95238598983163, 19.032870128985873], [74.95308314499395, 18.96842373718091], [74.81241936700677, 18.97282726607937], [74.85817472117225, 18.90440947031877], [74.88646046082539, 18.90947683132465], [74.89908929478999, 18.84739968370048], [75.00854802413181, 18.804408499991606], [75.15362260339865, 18.64861288734481], [75.17418477662635, 18.73586462784493], [75.25425761950464, 18.720800691656855], [75.32727782393015, 18.798153503164638], [75.38219979321232, 18.768411924132494], [75.39843717444334, 18.83082186295729], [75.45074531369703, 18.750123814251832], [75.50408466218629, 18.723174593460037], [75.52654105116501, 18.75332708207987], [75.5568639508988, 18.740999943666527], [75.58884115831344, 18.687699976386085], [75.5486646179418, 18.68233216325795], [75.55133703311249, 18.643989736729445], [75.48840571116021, 18.624110070770985], [75.41909734681697, 18.53309842618019], [75.3458643066638, 18.561674416771744], [75.30110092312421, 18.50321353741475], [75.28529987170461, 18.407975547471388], [75.40636581151922, 18.326728714563142], [75.43025068186527, 18.177865506711257], [75.4910867482951, 18.174022363933485], [75.53337720634248, 18.13440896728364], [75.5748425077657, 18.240094640160237], [75.63288268010419, 18.247864247170444], [75.65173305264781, 18.330494455340084], [75.72018390679946, 18.33770339659237], [75.72849592143295, 18.43403980178349], [75.88709155978172, 18.363581813535248], [75.94807463620481, 18.238455482571883], [75.94233590726256, 18.123351960604392], [76.01622515979824, 18.039535073715246], [75.97582362056998, 17.97061339347814], [75.85211358666892, 18.006431810532337], [75.8580580185888, 17.86386668211454], [75.96839404245696, 17.818758874566207], [75.9780281554286, 17.8423134614861], [76.0184675753348, 17.82905145678291], [76.00625089788554, 17.750133860191156], [76.09641886841851, 17.77866185160698], [76.17626598539604, 17.731083833778623], [76.14501235513006, 17.70866830691037], [76.18986593557146, 17.682383791385476], [76.29919433092334, 17.72905428053985], [76.4296447079135, 17.646044327690596], [76.41659192819992, 17.605863680528145], [76.33232959371956, 17.59647455393241], [76.36690945037549, 17.523890380043394], [76.34421875603849, 17.496082247377956], [76.37587714466825, 17.495273251527074], [76.33150696925705, 17.47057122149667], [76.33439154396287, 17.434069362422015], [76.374018988339, 17.43624690480723], [76.36283843672167, 17.376959452386107], [76.41163555520578, 17.349643987134588], [76.35310287843001, 17.312539231925378], [76.34440210934146, 17.35183033042733], [76.27647814802899, 17.332391371791303], [76.2448382493148, 17.37646397806797], [76.1725956912559, 17.350490916999465], [76.17605347439873, 17.29902515718603], [76.12130911695365, 17.368045331404904], [76.0787221173819, 17.331766314482532], [76.05442658622863, 17.3559646381808], [75.93065003342595, 17.325722259071473], [75.89303540851894, 17.355177580578566], [75.88656977921343, 17.418812586392555], [75.86122862676503, 17.387354147854516], [75.82384187624496, 17.424286554477167], [75.80140632919016, 17.371577957387814], [75.73586424393008, 17.42328843585279], [75.6898647407099, 17.41397466103369], [75.63406131946516, 17.478787422022236], [75.6142257934644, 17.393203615107403], [75.5768371408186, 17.38426499129124], [75.60438015197234, 17.304682980750005], [75.65850302985565, 17.262941542083272], [75.62655076951286, 17.17169119760673], [75.67722379972186, 17.095865125011976], [75.64236694200117, 17.03811685177581], [75.67097195955533, 17.03746867253441], [75.67336991851549, 16.962081285180886], [75.64368410673978, 16.95283523861905], [75.57418953796007, 17.00950244667299], [75.56873761037055, 16.965357877854764], [75.49061220476237, 16.944604009105255], [75.46592363177852, 16.986986987435372], [75.28580727820433, 16.956364625753356], [75.28014647387946, 16.875908612652278], [75.21296418981765, 16.84200094446396], [75.13794385471414, 16.875129483829216], [75.08701620971367, 16.95015549165928], [74.93438145481659, 16.942440950536817], [74.96338984455237, 16.906873787830378], [74.90786165034311, 16.857454984343903], [74.91978719579923, 16.771542401213242], [74.77438522185633, 16.75015154345343], [74.69325209329291, 16.716761550410215]], [[74.2897467333602, 15.83079594648294], [74.26637957029509, 15.793179342813714], [74.30910680100378, 15.798563100352087], [74.2897467333602, 15.83079594648294]]]}}, {"id": "20", "type": "Feature", "properties": {"subdivision_id": "MARATHWADA", "name": "Marathwada", "n_districts": 8, "area_km2": 62814.39042144587}, "geometry": {"type": "Polygon", "coordinates": [[[76.73918846181537, 17.85869255140426], [76.79004838875802, 17.82818001380552], [76.76457627842893, 17.78884845546289], [76.71740330130639, 17.78362149463512], [76.72934856566411, 17.73877527706427], [76.69219955420573, 17.68175424031053], [76.61587285094369, 17.769943959307167], [76.57455574293093, 17.703851428679435], [76.57461535204422, 17.761613158045417], [76.5274913013544, 17.760938479200384], [76.52482188504766, 17.716849192826256], [76.48744912046487, 17.71511313033673], [76.4903874136072, 17.662324658147877], [76.4437298462808, 17.643515583594805], [76.29919433092334, 17.72905428053985], [76.17647161842221, 17.68752982754695], [76.14501235513006, 17.70866830691037], [76.17626598539604, 17.731083833778623], [76.09641886841851, 17.77866185160698], [76.00625089788554, 17.750133860191156], [76.0184675753348, 17.82905145678291], [75.87629372870268, 17.846034910288775], [75.8453505431454, 17.89192650471181], [75.85211358666892, 18.006431810532337], [75.97582362056998, 17.97061339347814], [76.01622515979824, 18.039535073715246], [75.94233590726256, 18.123351960604392], [75.94807463620481, 18.238455482571883], [75.88709155978172, 18.363581813535248], [75.72849592143295, 18.43403980178349], [75.72018390679946, 18.33770339659237], [75.65173305264781, 18.330494455340084], [75.63288268010419, 18.247864247170444], [75.5748425077657, 18.240094640160237], [75.53337720634248, 18.13440896728364], [75.4910867482951, 18.174022363933485], [75.43025068186527, 18.177865506711257], [75.40636581151922, 18.326728714563142], [75.28529987170461, 18.407975547471388], [75.30110092312421, 18.50321353741475], [75.3458643066638, 18.561674416771744], [75.41909734681697, 18.53309842618019], [75.48840571116021, 18.624110070770985], [75.55133703311249, 18.643989736729445], [75.5486646179418, 18.68233216325795], [75.58884115831344, 18.687699976386085], [75.5568639508988, 18.740999943666527], [75.52654105116501, 18.75332708207987], [75.50408466218629, 18.723174593460037], [75.45074531369703, 18.750123814251832], [75.39843717444334, 18.83082186295729], [75.38219979321232, 18.768411924132494], [75.32727782393015, 18.798153503164638], [75.25425761950464, 18.720800691656855], [75.17418477662635, 18.73586462784493], [75.15362260339865, 18.64861288734481], [75.00854802413181, 18.804408499991606], [74.91719795346872, 18.830927486634845], [74.88646046082539, 18.90947683132465], [74.82849072672369, 18.938321742712194], [74.82680112764226, 18.988092103924934], [74.9565896807739, 18.972993541815455], [74.95238598983163, 19.032870128985873], [74.91636805084326, 19.039910371105673], [74.94243507371458, 19.12979797813206], [75.05430308352248, 19.09875753267845], [75.10998211587756, 19.123721945352617], [75.07162951214805, 19.057515890921714], [75.18135008880475, 19.012682892913748], [75.20991400889153, 19.022772022756193], [75.19020895022253, 19.092695010748074], [75.22258544825073, 19.11018389867036], [75.22658793735937, 19.06569542065806], [75.26359587035715, 19.06965520814496], [75.27330873125993, 18.992387787000396], [75.3417452734624, 18.989610630062128], [75.34708659871148, 19.02285354142689], [75.28738671599956, 19.032068566690768], [75.28374287133178, 19.083160641636514], [75.3645639631515, 19.076197237463457], [75.3382364572266, 19.15318137740514], [75.35494997490555, 19.125161131853176], [75.41059015570633, 19.13392461456199], [75.37078085813638, 19.082220053027523], [75.48725903033866, 19.103620324910665], [75.48514747279859, 19.125760850166767], [75.43384570902973, 19.11644501835515], [75.44885297220281, 19.17001802462725], [75.40525815061298, 19.198942043815627], [75.54171310773516, 19.308450809322597], [75.51930348100522, 19.329667035529063], [75.53546796245055, 19.37491501310768], [75.48886166200916, 19.3789732973933], [75.48355504583834, 19.4194543683829], [75.34307500719575, 19.405715182021645], [75.35605200550287, 19.44116537032247], [75.32472231349904, 19.45397449570954], [75.35595453937367, 19.500620288115506], [75.33050878263747, 19.479212188388306], [75.33291121150573, 19.50295400455313], [75.27683182292526, 19.512858581207393], [75.2813376394183, 19.548983619793024], [75.25759137380395, 19.523325616334912], [75.19445132918699, 19.593222527767892], [74.82482372814209, 19.672335303829207], [74.78884671976142, 19.6495465550916], [74.80664855082324, 19.70300307869841], [74.7299454846065, 19.699180532037925], [74.71303559469928, 19.78227275356267], [74.69536357647557, 19.759414038832343], [74.63613002729981, 19.79432033757434], [74.59165682805882, 19.77969844654881], [74.60668541954195, 19.84963475868926], [74.66086700405754, 19.839049149236022], [74.64916140192294, 19.909825891926886], [74.72022668470717, 20.021141190775126], [74.72401389277098, 20.19033939961972], [74.764109441721, 20.182791985017502], [74.8041003325389, 20.231093563490887], [74.78386889601806, 20.230438295626527], [74.82883414611695, 20.24304522954917], [74.85860246848154, 20.227093788690116], [74.85611383367659, 20.177056140885057], [74.93050658080261, 20.152519705962945], [74.90838961847544, 20.243349885422568], [74.99539056115604, 20.33589602049476], [75.05650934852606, 20.307307880562753], [75.05945618807513, 20.334011391451302], [75.12545565236054, 20.349391573002052], [75.10843224487866, 20.411859188559212], [75.16147274652062, 20.436585484256565], [75.16344951710819, 20.4759669140621], [75.23116047876239, 20.493052849509578], [75.25999201888983, 20.578918514017932], [75.3625441681368, 20.596864953643713], [75.39732254812957, 20.52408336655208], [75.43420242341857, 20.513260004422786], [75.45098467441068, 20.54028826403582], [75.45861432821894, 20.51601619479843], [75.46090898504613, 20.552930605630586], [75.49566989601604, 20.527768502738148], [75.52619605585903, 20.560687704740076], [75.53674115148108, 20.60965138231941], [75.65999844424564, 20.626637871332747], [75.66943331842172, 20.670472849110105], [75.78920797566454, 20.565365910521738], [75.84593209520395, 20.567609997488873], [75.84075616644938, 20.61654427480752], [75.86916044535958, 20.623564770445466], [75.88952576283403, 20.563358699985034], [75.92967063090624, 20.549860603673093], [75.95714972307105, 20.624974394157174], [76.02624861302763, 20.64378439455594], [76.0403011095252, 20.555047823302825], [75.94433769702607, 20.503917235771343], [75.9681408262826, 20.373617623507773], [75.94217029697406, 20.371231065342187], [75.92813914011234, 20.30691475025871], [76.03114264912581, 20.28843014744684], [76.08314532810145, 20.364708198723278], [76.14188404071233, 20.299904895490926], [76.19488861937167, 20.300308589220926], [76.1341778439702, 20.22171865210935], [76.15124400042411, 20.204538969995212], [76.0974075961451, 20.097263188573223], [76.05729843972887, 20.09842881471758], [76.06812876257786, 20.069585484554832], [75.96725382895121, 20.000089732165243], [76.0486245941922, 19.94724729077835], [76.10023533104075, 19.855911918727713], [76.29818983154956, 19.869586024432518], [76.36815982576233, 19.925668431047004], [76.49326519500826, 19.91693792305088], [76.54042262507778, 19.844767762624443], [76.61053667221572, 19.838100644821417], [76.64339246351645, 19.866709111059265], [76.6786083430993, 19.846131383820005], [76.73938300453824, 19.87196279294315], [76.77332842055927, 19.93268606887602], [76.82345374256758, 19.926666618105745], [76.83712811849705, 19.96076443064652], [76.89615459137472, 19.945977923601475], [76.99320500240998, 20.01776892023644], [77.06107630477979, 19.99604989675235], [77.10202327875119, 19.932686389856812], [77.2039632296564, 19.991336748462686], [77.24089452729451, 19.8922583395251], [77.31613102347818, 19.909606207772352], [77.29859343989203, 19.879526210041952], [77.36531895908745, 19.85806240723203], [77.34454200118408, 19.829122504559795], [77.39001522856991, 19.820937908503613], [77.40992861061102, 19.772531689447714], [77.38547068798971, 19.72631401417871], [77.41332593253843, 19.743538181532738], [77.44605393732047, 19.687657859601103], [77.60746295141908, 19.646937269723967], [77.64476634739164, 19.607785407674594], [77.63414077906631, 19.55570878485906], [77.74966190223256, 19.521791152984193], [77.69891053632038, 19.438649292261395], [77.80485895507279, 19.464296179986817], [77.834694185043, 19.43931537821601], [77.84287445646935, 19.50983390929019], [77.88546308107712, 19.500333536197303], [77.9075991054545, 19.533237978546204], [77.97573902948523, 19.506085545930805], [77.99143689241518, 19.455198370375452], [78.02589004360391, 19.49740132437775], [78.0678646758603, 19.46699920974476], [78.12107456941547, 19.501359404365985], [78.1199055581193, 19.553618501683758], [78.18902672068265, 19.567355024176642], [78.17899350228515, 19.65504071475359], [78.08985623481114, 19.64521432332497], [78.0471020939548, 19.698890293422185], [77.9884604651804, 19.6807855894228], [77.93355600256434, 19.739318987594693], [77.8605284634458, 19.74365588139278], [77.84906908232709, 19.800773571277446], [77.89810707606172, 19.877996886466562], [78.04812204870619, 19.931147843905453], [78.10303252026011, 19.896675767447714], [78.25279861322915, 19.929350466675576], [78.25472270717066, 19.87298713287475], [78.31477697689085, 19.91310700295906], [78.2986832382526, 19.849991286863183], [78.34363145542224, 19.83967655282304], [78.37242128860682, 19.781670742447815], [78.34994092486696, 19.71424105583437], [78.27427275796116, 19.66380082669728], [78.31561184408976, 19.60495473434362], [78.28369310849556, 19.55901771839859], [78.31355647321573, 19.457404437282317], [78.18660766776543, 19.412703178786526], [78.20164395315449, 19.332789428411534], [78.1745119981226, 19.237496743008567], [78.05538144856294, 19.24279020735184], [77.95296227527895, 19.34209155595617], [77.864751464442, 19.30291769762918], [77.90969265422201, 19.268085241844958], [77.87130563816613, 19.25611667625962], [77.85043609030207, 19.197889405707908], [77.85205280972447, 19.091131690508533], [77.80646495334854, 19.102956311194717], [77.80099754405063, 19.052367727490203], [77.76544167180839, 19.063055783588926], [77.76113133776124, 19.029601889067376], [77.77114392306103, 18.982543806722454], [77.8576924890469, 18.95353683009154], [77.84443472551364, 18.91259643014234], [77.88559619799106, 18.909862392744998], [77.94671750028218, 18.82380574122754], [77.84140945192082, 18.80888327875662], [77.79033069067111, 18.68566456395726], [77.76148820151157, 18.708563277257404], [77.736654811824, 18.6774996105738], [77.7403407694977, 18.55647907426271], [77.66125019445002, 18.528835475587073], [77.65247249722263, 18.554202778882264], [77.60082725862684, 18.54908584101932], [77.60464605081727, 18.475858332225307], [77.54967358591075, 18.464988562064594], [77.5887681189281, 18.44711929446668], [77.52937624584746, 18.428989364942257], [77.55869524324592, 18.419533116031364], [77.52295334469068, 18.350989005686795], [77.57379984306816, 18.31002277824291], [77.51295584563962, 18.308514192554817], [77.46875610548003, 18.261757737296797], [77.43964937940954, 18.308193187969646], [77.36563741262209, 18.30992357700251], [77.4133106407215, 18.39010553691433], [77.37285755945035, 18.40223123031964], [77.37272485965886, 18.44911342098919], [77.34510038054928, 18.4317437038621], [77.32036977596913, 18.455190561523583], [77.24302706958926, 18.410041046322664], [77.20895456823796, 18.279489274335326], [77.17320581451581, 18.282360198535464], [77.1526423106915, 18.218113001939923], [77.09806590004354, 18.19662981858591], [77.11145830596045, 18.154287175860095], [76.98279064276394, 18.190832623308456], [76.93550871922004, 18.15934190678556], [76.92468182119087, 18.11758727903177], [76.97051986811776, 18.098648108385806], [76.95685963245135, 18.041282572762075], [76.91986172304459, 18.03480822956986], [76.91861604980328, 17.916813150751175], [76.80468323898577, 17.869999247396937], [76.74467887281364, 17.90060599015625], [76.73918846181537, 17.85869255140426]], [[77.27489914481846, 18.47485836241774], [77.29394957264289, 18.4582498858398], [77.30094995618698, 18.476736019200622], [77.27489914481846, 18.47485836241774]]]}}, {"id": "21", "type": "Feature", "properties": {"subdivision_id": "NAGA_MANI_MIZO_TRIP", "name": "Naga., Mani., Mizo. & Tripura", "n_districts": 32, "area_km2": 67765.56766675232}, "geometry": {"type": "Polygon", "coordinates": [[[92.86525735867734, 22.06334550592803], [92.70577359715908, 22.15183917223089], [92.6821011737335, 22.01639719875865], [92.61013073106446, 21.978982652077782], [92.56499162354424, 22.12823515800286], [92.60852508744239, 22.126538563841866], [92.61442179053957, 22.169100184336074], [92.52062682781883, 22.701218595636924], [92.48053904309383, 22.75068120518164], [92.44864352846889, 22.892659875493504], [92.37543249290906, 22.93372919818471], [92.39671572983212, 23.055017001544698], [92.35741083289174, 23.234173295190136], [92.40547927549612, 23.24249268984674], [92.38535950932165, 23.36007579456771], [92.33252965402198, 23.429514360970128], [92.28235944714497, 23.71502084588341], [92.24919326532631, 23.717905475021606], [92.22443495272839, 23.652879833873442], [92.20843887659771, 23.704862100302716], [92.15457398187871, 23.734036845777084], [92.0519111358039, 23.646285819796002], [91.95643287283053, 23.72804015106871], [91.94042978359228, 23.66428323959133], [91.97870604808112, 23.482194122091546], [91.9424516022075, 23.435688742951857], [91.8428703618919, 23.397321483408415], [91.77775905745155, 23.27636690014881], [91.83532659026136, 23.095778186250453], [91.72691140098448, 22.994347306355877], [91.61686756217897, 22.94442115482667], [91.54589725540907, 22.9977495986103], [91.50754592684157, 23.18640858981252], [91.4583853518274, 23.22006752237754], [91.45340379161246, 23.261938895999556], [91.41156416449016, 23.28182595073634], [91.38445516589246, 23.19517593080319], [91.41840921675272, 23.067041996518423], [91.37069452637205, 23.074862945642103], [91.32790955169052, 23.16444814554398], [91.31792056656272, 23.308570746758363], [91.29452629528362, 23.320281308145344], [91.31700256098858, 23.36001541729814], [91.16321891291517, 23.601399608442897], [91.1615108863296, 23.663497459569626], [91.2030970352248, 23.645494435995428], [91.20757656800319, 23.682194579394505], [91.15776807624921, 23.68937859864799], [91.15484127254868, 23.729345511837828], [91.2275562422463, 23.745322895795553], [91.25398422488779, 23.837674186905083], [91.23826261725068, 23.92483887484141], [91.27664125402262, 23.928358661361727], [91.30731495280098, 23.98950278674247], [91.38540191395715, 23.975942973267593], [91.38765741672944, 24.108971516645095], [91.56388137010933, 24.075287590716574], [91.62980322569216, 24.09663357004874], [91.67136937237886, 24.233106665940262], [91.73132312704887, 24.148346170847777], [91.7678234223282, 24.148940352846612], [91.74976557267462, 24.244834195833384], [91.84800629113107, 24.225202158634044], [91.91314043523472, 24.140397371663262], [91.94400942125877, 24.257695674888804], [91.92793393155962, 24.339076572361147], [91.96231843258013, 24.35795038746359], [91.99856692651952, 24.327965678972927], [91.97458845022764, 24.38276310112344], [92.00587828319092, 24.39303255054235], [92.12416679587062, 24.382178336790172], [92.13925206723624, 24.421702700212876], [92.17179910764504, 24.42156308616179], [92.15880730739292, 24.524657202128207], [92.23341682928489, 24.501713959051855], [92.27311938968609, 24.38665104904964], [92.21281749410974, 24.247635403756835], [92.42207930964128, 24.25107722370331], [92.41862624986109, 24.192343757748926], [92.4655052279274, 24.132668700171237], [92.5291598240881, 24.17259428393545], [92.55018970543307, 24.243638253307264], [92.61107028620458, 24.25097173440701], [92.62381553328468, 24.330255237399108], [92.69015612219317, 24.352262667395113], [92.76474816737255, 24.518163757678607], [92.82832143604475, 24.374966567292198], [92.91081274583307, 24.409938587962937], [93.03826750814116, 24.407904501918182], [93.06037846145195, 24.57157741595479], [93.1061881284247, 24.580208984764365], [93.07469288131786, 24.59294657647566], [93.10402738906181, 24.671997987883397], [93.07524475425922, 24.7071157512009], [93.10923769580869, 24.806408495674724], [93.15232588720346, 24.786365005610023], [93.19670320121858, 24.807758234647288], [93.26182431697126, 24.9477701874884], [93.24835524261889, 25.015239319988492], [93.33528824995236, 25.092137422229243], [93.38834265398756, 25.24216317502909], [93.47362539687643, 25.30537217049926], [93.46164952174281, 25.430875156468236], [93.39581224303778, 25.46043041791905], [93.33345487769371, 25.545485443870962], [93.49995583098703, 25.652744457466518], [93.57332713574704, 25.756934292319713], [93.70552609965196, 25.84456152283583], [93.68784285596607, 25.905447539815928], [93.77316466055038, 25.961904000621143], [93.79567082490793, 25.810085206043777], [93.97922593223664, 25.91512047170202], [93.95489358978524, 26.002896618466977], [94.00499980954588, 26.16887991700708], [94.10835151164983, 26.321941353651784], [94.17577858427907, 26.339650849022206], [94.18699347157077, 26.456035588457166], [94.28277648248165, 26.55898929459622], [94.31679984809008, 26.458200874539987], [94.39977858840716, 26.5275061363058], [94.40831173556202, 26.60959617528024], [94.46292321193529, 26.630641639661945], [94.46841318371104, 26.6650166034987], [94.54552241440939, 26.706003523491958], [94.57509395052098, 26.686044999118792], [94.60458061707756, 26.73429984730428], [94.68694900757536, 26.72743012828969], [94.80256719724363, 26.800757176617605], [94.8866989759554, 26.927161694179777], [94.92863945435876, 26.946748027298078], [95.02167695689066, 26.919800560832037], [95.19587023302022, 27.03715978666184], [95.23388990335819, 26.884726495861194], [95.18454592944101, 26.85877429791004], [95.24475845616888, 26.781015551586194], [95.21592765542586, 26.728993862216925], [95.23729640188901, 26.67984336824419], [95.15437266388007, 26.61313010860522], [95.06578085998935, 26.45040412765213], [95.13500760064383, 26.38119170346972], [95.1194234929983, 26.102768305659993], [95.18442791787983, 26.07316831858676], [95.10512730776158, 25.961033414142214], [95.02053128872184, 25.903034721013846], [95.05095068075903, 25.755448250374556], [94.93598825762524, 25.6620157933826], [94.88732311646052, 25.58613923986636], [94.90329513751348, 25.5600763192818], [94.85136951113266, 25.556400896713836], [94.81079746034432, 25.488505079253706], [94.6808473897111, 25.453174664801598], [94.60020059595824, 25.29221525336611], [94.59025564887962, 25.19894316731055], [94.74357017042199, 25.129587551277442], [94.7399975917078, 25.018171706154607], [94.70090383731365, 24.971269256745018], [94.71678207965792, 24.935377855947756], [94.63553804283765, 24.835443770292102], [94.6084194780171, 24.715185270626176], [94.54862675140203, 24.709774145476295], [94.5290369558899, 24.62563459931903], [94.40098531445734, 24.48130043511854], [94.40139207319791, 24.414631247804547], [94.36285549356656, 24.39327271939634], [94.38083648669307, 24.372938187883832], [94.32384202490952, 24.33262167822768], [94.15867286370472, 23.84676390955472], [94.11988459645033, 23.836822434203537], [94.09341374099144, 23.88774913201373], [93.95133261830586, 23.944782565919958], [93.81369928600604, 23.924774394418566], [93.754787434285, 24.0045904996963], [93.61867193983097, 24.009692190534007], [93.60145871814399, 23.965073843414473], [93.56158507462528, 23.985167744751053], [93.50679228907387, 23.944624658339457], [93.42304977119177, 24.06762853261736], [93.34534818509304, 24.109074325055822], [93.33275366300263, 23.98308772160327], [93.39694085362774, 23.92626791006336], [93.40333437024857, 23.75755469088123], [93.4426325979657, 23.67831844671192], [93.39496996322897, 23.429348256638434], [93.41195853777896, 23.38400586395681], [93.36355707266316, 23.350604850709363], [93.39120269298148, 23.134719124885596], [93.29530281524671, 23.00219234726185], [93.13966969856172, 23.057377773555014], [93.12699164453952, 22.997599645302238], [93.16602107193076, 22.915892662987716], [93.13646210247482, 22.910009572717943], [93.09696580632821, 22.8073809131297], [93.09306959949527, 22.708093910408955], [93.14307912718976, 22.583075490821088], [93.10916388734336, 22.528865791566076], [93.18811917503076, 22.424173271022546], [93.20575625781105, 22.258023853367963], [93.14368923499292, 22.238251126585833], [93.15162108592631, 22.175337246822274], [93.04402273085309, 22.195048855404156], [93.06286282080902, 22.099485609594947], [93.01333416939055, 22.103033645361844], [93.00392437482583, 21.977539758617485], [92.95317653722192, 22.027697961495306], [92.90827939441908, 21.944190125242905], [92.86525735867734, 22.06334550592803]]]}}, {"id": "22", "type": "Feature", "properties": {"subdivision_id": "NORTH_INT_KARNATAKA", "name": "North Interior Karnataka", "n_districts": 12, "area_km2": 86524.78489738228}, "geometry": {"type": "MultiPolygon", "coordinates": [[[[75.7728477791472, 14.792744457577099], [75.7401203569789, 14.684829154563397], [75.79946024196217, 14.680288852536735], [75.81232840436618, 14.651238786722518], [75.79841348636845, 14.51030434851719], [75.6361320633304, 14.464001216783153], [75.63276776740862, 14.313641501588444], [75.53632429885681, 14.277005709071428], [75.4996085216071, 14.343391048129869], [75.4773560070868, 14.317024907183995], [75.349049608, 14.387537737869366], [75.3813549083992, 14.431615416700598], [75.34401092613793, 14.434416149838443], [75.32053484781616, 14.511325701294103], [75.27010163060433, 14.512710646915291], [75.29692420553938, 14.538454913024708], [75.26539125980973, 14.579163752453157], [75.23787502036976, 14.556778561024235], [75.1849110579321, 14.585402365167202], [75.20641152500198, 14.635457898553646], [75.1464840508498, 14.617661823626715], [75.03832661296781, 14.65684267017473], [75.01807915938896, 14.715364200308553], [75.07129448104227, 14.779814387000778], [75.05804634852045, 14.811670056647525], [75.09461524408576, 14.80884447986455], [75.07020444698593, 14.83600715001573], [75.07070627673755, 14.918107817651126], [75.10601750966873, 14.93224783458184], [75.06958060696536, 15.015752124938075], [75.08133417630711, 15.072600246318641], [74.8903079697631, 15.047992380660025], [74.8919384102935, 15.098111041824438], [74.82876201314996, 15.133309892395497], [74.90597014666417, 15.275099499773738], [74.82629965099521, 15.34339990743795], [74.82119277588423, 15.383838482627677], [74.76706885184265, 15.416222785835064], [74.69917234202481, 15.40992097779624], [74.61433929558176, 15.358731770065996], [74.54431999633806, 15.417256320419593], [74.42649328037997, 15.397057719037008], [74.411563487519, 15.475560826273272], [74.27637176515304, 15.522833604934855], [74.23833988117387, 15.667822186907445], [74.09061554898074, 15.668122802268744], [74.22052890732623, 15.787779902988452], [74.24339985751624, 15.743337931890615], [74.3586845843481, 15.77581608670309], [74.38324066805271, 15.846243276373407], [74.33826509301382, 15.854142953438759], [74.36795903485267, 15.893684836897643], [74.40562021774674, 15.854707125419864], [74.38577895010683, 15.903236498235119], [74.46450466607428, 16.04255042044611], [74.36191464328296, 16.054923639261965], [74.42863061924547, 16.11256461527448], [74.49073772629562, 16.10354409589756], [74.4974352121535, 16.23291234959406], [74.37383022857392, 16.29530076125291], [74.32417447279664, 16.274752330689868], [74.31893123460179, 16.380972242707728], [74.35530396625845, 16.366495485173747], [74.36278079149234, 16.396059089990132], [74.33619957878972, 16.402215361713175], [74.33239362825023, 16.453841303923028], [74.28962791158231, 16.460684851066404], [74.2932336084385, 16.504271219200675], [74.26197513747934, 16.477683194737672], [74.24628140297362, 16.496518888200104], [74.27901717636588, 16.505011372476684], [74.26475814926756, 16.540276577313705], [74.30751685154758, 16.50374267242174], [74.32287055903082, 16.555080634144566], [74.38366374617137, 16.529549158318854], [74.3972789801665, 16.580269641634896], [74.46654412069758, 16.6063996289075], [74.47148521067463, 16.66233587520691], [74.49219911075933, 16.628217513866904], [74.5458718719193, 16.634803663548592], [74.5685990901054, 16.553628855806277], [74.63117417079862, 16.57739650908601], [74.63763631283481, 16.60839907226393], [74.68544095710848, 16.606105033765093], [74.65541538352772, 16.639193291105883], [74.69325209329291, 16.716761550410215], [74.91978719579923, 16.771542401213242], [74.90786165034311, 16.857454984343903], [74.96338984455237, 16.906873787830378], [74.93438145481659, 16.942440950536817], [75.08701620971367, 16.95015549165928], [75.13794385471414, 16.875129483829216], [75.21296418981765, 16.84200094446396], [75.28014647387946, 16.875908612652278], [75.28580727820433, 16.956364625753356], [75.46592363177852, 16.986986987435372], [75.49061220476237, 16.944604009105255], [75.56873761037055, 16.965357877854764], [75.57418953796007, 17.00950244667299], [75.64368410673978, 16.95283523861905], [75.67336991851549, 16.962081285180886], [75.67097195955533, 17.03746867253441], [75.64236694200117, 17.03811685177581], [75.67722379972186, 17.095865125011976], [75.62655076951286, 17.17169119760673], [75.65850302985565, 17.262941542083272], [75.60438015197234, 17.304682980750005], [75.5768371408186, 17.38426499129124], [75.6142257934644, 17.393203615107403], [75.63406131946516, 17.478787422022236], [75.6898647407099, 17.41397466103369], [75.73586424393008, 17.42328843585279], [75.80140632919016, 17.371577957387814], [75.82384187624496, 17.424286554477167], [75.86122862676503, 17.387354147854516], [75.88656977921343, 17.418812586392555], [75.89303540851894, 17.355177580578566], [75.93065003342595, 17.325722259071473], [76.05442658622863, 17.3559646381808], [76.0787221173819, 17.331766314482532], [76.12130911695365, 17.368045331404904], [76.17605347439873, 17.29902515718603], [76.1725956912559, 17.350490916999465], [76.2448382493148, 17.37646397806797], [76.27647814802899, 17.332391371791303], [76.34440210934146, 17.35183033042733], [76.35310287843001, 17.312539231925378], [76.3826304556517, 17.3137742427083], [76.40903402049136, 17.37121472666623], [76.36283843672167, 17.376959452386107], [76.374018988339, 17.43624690480723], [76.33439154396287, 17.434069362422015], [76.33150696925705, 17.47057122149667], [76.37587714466825, 17.495273251527074], [76.34421875603849, 17.496082247377956], [76.36690945037549, 17.523890380043394], [76.33232959371956, 17.59647455393241], [76.41659192819992, 17.605863680528145], [76.4296447079135, 17.646044327690596], [76.4903874136072, 17.662324658147877], [76.48744912046487, 17.71511313033673], [76.52482188504766, 17.716849192826256], [76.52487076146672, 17.760457288198523], [76.57461535204422, 17.761613158045417], [76.57455574293093, 17.703851428679435], [76.61587285094369, 17.769943959307167], [76.69219955420573, 17.68175424031053], [76.72934856566411, 17.73877527706427], [76.71740330130639, 17.78362149463512], [76.76457627842893, 17.78884845546289], [76.79004838875802, 17.82818001380552], [76.73918846181537, 17.85869255140426], [76.74238128137335, 17.899597209861952], [76.80468323898577, 17.869999247396937], [76.91861604980328, 17.916813150751175], [76.91986172304459, 18.03480822956986], [76.95685963245135, 18.041282572762075], [76.97051986811776, 18.098648108385806], [76.92468182119087, 18.11758727903177], [76.95629197558023, 18.186312263780028], [77.11145830596045, 18.154287175860095], [77.09806590004354, 18.19662981858591], [77.1526423106915, 18.218113001939923], [77.17320581451581, 18.282360198535464], [77.20895456823796, 18.279489274335326], [77.24302706958926, 18.410041046322664], [77.32036977596913, 18.455190561523583], [77.34510038054928, 18.4317437038621], [77.37272485965886, 18.44911342098919], [77.37285755945035, 18.40223123031964], [77.4133106407215, 18.39010553691433], [77.36192523557796, 18.31227407143062], [77.43964937940954, 18.308193187969646], [77.46875610548003, 18.261757737296797], [77.51295584563962, 18.308514192554817], [77.60667622011363, 18.27991313866493], [77.56789970364103, 18.202526007885414], [77.60118902136072, 18.086455819132176], [77.54937461990869, 18.05591610276305], [77.65728164666726, 17.97173536758739], [77.6275686853427, 17.960117557473037], [77.62044021325535, 17.9053039171159], [77.5889462970026, 17.910625299115466], [77.6005230090691, 17.872903862213484], [77.51453350733883, 17.803902751300736], [77.56584161481648, 17.749698584649046], [77.45391881785615, 17.693838119692987], [77.44352548460203, 17.58414471018855], [77.50538424240065, 17.54367781364894], [77.53124113543497, 17.576017395572617], [77.59377978093387, 17.565627676775076], [77.59570379388138, 17.535593935808674], [77.69220373639175, 17.50160617541858], [77.68822046422092, 17.475953755558102], [77.65688527187841, 17.506272062596], [77.61468319003774, 17.447272270657347], [77.51399334837248, 17.43022032082928], [77.53193294790913, 17.375170306665343], [77.45534335083832, 17.373459030988275], [77.43776610080651, 17.291317372019375], [77.45830829274962, 17.278987471136645], [77.38401883923567, 17.222860335431573], [77.4025173225224, 17.211894880113988], [77.36363507312419, 17.16476466339164], [77.46656444758217, 17.10740594591783], [77.50346835226163, 17.01083591257588], [77.45741692750049, 16.912618079006084], [77.47530505421047, 16.782917452428368], [77.44161082936752, 16.786948678597696], [77.42750723230655, 16.71833689796233], [77.4710201237365, 16.71580372000588], [77.46926454392697, 16.68219295827019], [77.42068725570026, 16.66668279568103], [77.47364979768527, 16.650871616416985], [77.46847105182746, 16.588247453384103], [77.3955618069806, 16.56916495019746], [77.41954709073943, 16.52188931907754], [77.370421084194, 16.48814978422605], [77.23899106623934, 16.471971134742926], [77.34708305336967, 16.38386674485248], [77.49901562799788, 16.380140809254712], [77.59640271181732, 16.342048307212426], [77.59513481692197, 16.291444898471983], [77.49217409131394, 16.25433402993079], [77.5154489457855, 16.22790904263436], [77.48829989666272, 16.163176153633177], [77.51440942804425, 15.925835427279996], [77.25317352383352, 15.962304868198757], [77.06977204866713, 15.903699988253393], [77.02603620468646, 15.83619220202804], [77.06777820703991, 15.827641802749765], [77.04713233694912, 15.73903823320102], [77.12514806856427, 15.641982234196458], [77.03324016538105, 15.638504951851159], [77.03068505502321, 15.504809601637255], [76.97431948265181, 15.49567036812075], [77.03154401443713, 15.440077027250927], [77.06593832777905, 15.326942357201114], [77.11417339271786, 15.332422217407343], [77.16888391782211, 15.264377307886749], [77.12553735577899, 15.226517770527698], [77.16291413600007, 15.199192535325203], [77.1625181737928, 15.15436895484499], [77.13683517601301, 15.148068422716673], [77.15886920935928, 15.125968425853301], [77.08356988138421, 15.005492377593127], [77.04565246247627, 15.010898657553968], [77.05150878456872, 15.034604011826023], [76.88083336766871, 15.033833525934144], [76.80076760484084, 15.095711467004183], [76.76080956709913, 14.988002748080714], [76.73628348738428, 14.986985674204263], [76.73401719166476, 15.032984797395706], [76.67313842029093, 15.018920509268643], [76.71867731689098, 14.963844010613913], [76.70595174854424, 14.93026248444833], [76.66156959464674, 14.941693590628192], [76.66557442143697, 14.915833472817923], [76.74135700292906, 14.817156475101651], [76.67164427859203, 14.792889145381585], [76.60342236340739, 14.624209389213858], [76.54489101132947, 14.570378427990965], [76.42505764150307, 14.581342011790957], [76.4325531064896, 14.618952456305218], [76.3237250399841, 14.692347143223904], [76.25369966285098, 14.697633926208779], [76.23145271225275, 14.648826025767859], [76.18696743808376, 14.700671941935212], [76.19470072148012, 14.766019709804242], [76.14602460693825, 14.803158904226077], [76.15931279294253, 14.830012298101714], [76.19639031971083, 14.81978961185809], [76.19067592346933, 14.846869275122742], [76.07461061280775, 14.868269589502162], [76.08175204187405, 14.909997805695706], [76.04889613040244, 14.928599193586061], [75.87077462221859, 14.854313056915254], [75.820496210237, 14.90005376558267], [75.8072679084258, 14.842560659849935], [75.83605439883297, 14.798127736163515], [75.80071342859485, 14.769241103071309], [75.7728477791472, 14.792744457577099]]], [[[77.29394957264289, 18.4582498858398], [77.27489914481846, 18.47485836241774], [77.30094995618698, 18.476736019200622], [77.29394957264289, 18.4582498858398]]], [[[74.29778706468964, 15.788585102864012], [74.26502201127671, 15.794450074082464], [74.26034763414599, 15.82689429028749], [74.2897467333602, 15.83079594648294], [74.29778706468964, 15.788585102864012]]]]}}, {"id": "23", "type": "Feature", "properties": {"subdivision_id": "ODISHA", "name": "Odisha", "n_districts": 30, "area_km2": 150464.50488024065}, "geometry": {"type": "MultiPolygon", "coordinates": [[[[82.48983537614288, 18.546195457465274], [82.3695950428836, 18.417738798701453], [82.38803109091407, 18.365394382809534], [82.3428010086582, 18.325108091266834], [82.40138430603183, 18.314514924060774], [82.31453406219835, 18.203845633723652], [82.37277553129505, 18.14325223672021], [82.34184918047528, 18.15071563560492], [82.33830273457558, 18.048938649187104], [82.27547422801563, 18.05670690756796], [82.26964619511074, 17.99095909396166], [82.16886641341833, 18.05190704169181], [82.0331627788944, 18.065971631545438], [81.71175272025573, 17.869170251689795], [81.67162226037507, 17.88487461403544], [81.6197279281604, 17.82335413108876], [81.393506106409, 17.814285493492893], [81.40230431597334, 17.892686808185044], [81.44575192616216, 17.883582936150287], [81.48575584973227, 17.977513112376226], [81.53623697330212, 18.26610496467022], [81.66693643730964, 18.31819729325387], [81.66635813752926, 18.34633029419875], [81.75319790358711, 18.352500844180707], [81.77033613182769, 18.418352527042856], [81.86614576387093, 18.52003051076408], [81.91678320622098, 18.571184369209778], [81.9551033503375, 18.56613599929502], [81.96270682244734, 18.59367080621379], [81.89350276487883, 18.657072112305872], [81.955591306925, 18.635688643452607], [81.96528788261024, 18.69018432650306], [82.09291504252083, 18.73928591991044], [82.12781033928235, 18.708035795025413], [82.0895000245552, 18.76266312220031], [82.1692300909329, 18.79776866527584], [82.18076785614812, 18.901925327832714], [82.24758022172841, 18.91714680841551], [82.2020482527551, 19.066570209086876], [82.2200488505053, 19.09685245275972], [82.16770026110368, 19.132653515377967], [82.1866922261541, 19.164996505522367], [82.1595942467901, 19.27136121381313], [82.19100588026203, 19.325535348000436], [82.14864892441786, 19.36761866411344], [82.19084563918253, 19.42325774569377], [82.12708603822097, 19.429462088332556], [82.09980936085695, 19.51520247212025], [82.03014038642611, 19.507093986151837], [82.06748105207554, 19.787913599936285], [81.9877858875749, 19.800472930822718], [81.96797649076488, 19.85929916244839], [81.85720611911779, 19.912399432663076], [81.87408068574713, 20.040169132053425], [81.94887105681802, 20.106337992639677], [82.03197350484785, 20.01439822422564], [82.065458803192, 20.05418724330391], [82.1860586442133, 19.982669657322642], [82.23821695171165, 20.002695163487257], [82.34709545411667, 19.835015418338855], [82.45001092709605, 19.908010948365376], [82.60112165527751, 19.86981531174431], [82.59271396410568, 19.77649497478991], [82.65336870304195, 19.830779687223764], [82.71033072979719, 19.836499890199583], [82.7150576658341, 19.995389627839344], [82.60595782278767, 19.990697827885672], [82.39842490914056, 20.06427706990067], [82.38647065213766, 20.149143484914823], [82.43673593283526, 20.2872709729847], [82.40127642710019, 20.339696403841764], [82.436639281022, 20.429806924838086], [82.33145848796421, 20.55759385476092], [82.37566399027055, 20.627696651952252], [82.34253094604746, 20.761884804723262], [82.35400150069069, 20.887002525557243], [82.46644473457593, 20.827215959395314], [82.49303835594154, 20.906782954366488], [82.62967202637292, 21.039748967373658], [82.64327972492961, 21.15244394638274], [82.7961775820086, 21.142444046717486], [82.96337088452728, 21.178766413849633], [83.12711770623937, 21.10463664724631], [83.20001357327064, 21.143018360388513], [83.22558681211176, 21.26350686385378], [83.27491881447813, 21.272005287508563], [83.27724240916923, 21.378281546445194], [83.40984202818149, 21.351845333317737], [83.34181409287423, 21.498645380341095], [83.38788352412057, 21.615686491142657], [83.44838729700948, 21.652200677175276], [83.45992125708655, 21.608203238062412], [83.49168078211429, 21.628564744698387], [83.42691572380392, 21.677875121017472], [83.49126984682388, 21.74437999968628], [83.47431896429147, 21.785471992322414], [83.49806548908941, 21.8172435152139], [83.5436869223924, 21.796707196133614], [83.53837644136132, 21.834605857862055], [83.59158444260228, 21.84633396205893], [83.6075902565217, 21.91347431081895], [83.54230457804404, 21.965985161182378], [83.5396015346898, 22.036419383216053], [83.60743668919177, 22.067890626489543], [83.56440370368425, 22.102268389027167], [83.65285897619113, 22.226750160788256], [83.75987984291216, 22.245089886558684], [83.86806101416325, 22.345943026731636], [84.01122046913001, 22.369901094346844], [84.04855312797032, 22.466223425231618], [83.98713003253333, 22.523983887784134], [84.14188148401472, 22.47312933282624], [84.1594295200712, 22.40323778254834], [84.29609191707668, 22.339836147197328], [84.43289043862065, 22.351421003334483], [84.53339052474443, 22.422595771415725], [84.75049978235107, 22.417493313995042], [84.7593269569011, 22.444710683472422], [84.81440355933519, 22.449592248509536], [84.90034112174419, 22.420850460094233], [85.06894486821027, 22.48126887745421], [85.08048549878195, 22.351661754817673], [85.12085365383598, 22.293674867894076], [85.07692883363285, 22.275354439256343], [84.99388088850658, 22.08020161359495], [85.05031017049095, 22.1141372870336], [85.10182486961943, 22.102941930327596], [85.21704680226547, 22.04684003163789], [85.23722718120277, 22.004015344107525], [85.30632798277082, 22.110669930681492], [85.36757504214884, 22.125073936709946], [85.36941267258499, 22.158137933420996], [85.59712142541342, 22.07827354694988], [85.65061216674866, 22.094119515826595], [85.68745500088525, 22.052705376567214], [85.80794081310697, 22.11470615494783], [85.83658893441991, 22.08092102201843], [85.79380443062638, 22.081107282692155], [85.76663558933832, 21.9937762934741], [85.91119964351324, 21.970800159168046], [86.03242199969148, 22.18908536459538], [85.97554435238773, 22.24714106967772], [86.0490015708852, 22.309860786804016], [85.99864359259269, 22.341759285245995], [86.02698710691595, 22.378596027267097], [86.0145015722989, 22.4277916339379], [85.95931601466823, 22.45936326738988], [86.04425789030229, 22.566853831676994], [86.11302512446024, 22.488319521611793], [86.28534751337479, 22.449067197996854], [86.35819163760634, 22.349146288198963], [86.43873370997366, 22.30536448103152], [86.50528572623872, 22.344739297992533], [86.53766566922783, 22.302053264634107], [86.72606055873499, 22.22087945324832], [86.72052881576741, 22.147647019347975], [86.79534192918301, 22.158106349241756], [86.83696673286373, 22.0993746599536], [86.97189613994068, 22.08206224743469], [87.03082630911254, 22.033150200815218], [87.00272093439885, 21.91210110018593], [87.03496717427375, 21.86998379100154], [87.09929318911603, 21.865031953976484], [87.09821418243017, 21.912507246473805], [87.16103045863268, 21.933491584078148], [87.17545725321564, 21.977120543138795], [87.23938515525744, 21.958925742695204], [87.27603415163206, 21.808193703964715], [87.44795876668633, 21.765759892942846], [87.49020214407525, 21.60264745194947], [87.41007958639747, 21.544871688597585], [87.3844762660396, 21.57289348064433], [87.33848062375637, 21.57632754240255], [87.39656435356831, 21.532169011850673], [87.22306263032445, 21.535239341664557], [87.07015852636992, 21.46206278828672], [86.95148287027622, 21.357754112677405], [86.86564064279327, 21.22178774535282], [86.85423611201682, 21.095827208791547], [86.98008659367373, 20.82243525639481], [86.97051477299547, 20.790887172897428], [86.87996082401787, 20.808169054673048], [86.79443693504687, 20.74523702592178], [86.98514998217006, 20.772205269311424], [87.00657567150118, 20.71308490263663], [86.90321121272983, 20.709622126010636], [86.96581986241927, 20.688452853915614], [87.0561402048799, 20.710737379831215], [86.75453678274285, 20.517100372933907], [86.71204635340887, 20.395377796355007], [86.77651907060864, 20.3894027941343], [86.78385430365996, 20.325938127598018], [86.53825378238928, 20.179954740613713], [86.38207569541493, 20.00119017450756], [86.37518673227952, 19.951663025522926], [86.24584835925893, 19.908338232605807], [86.22811516337437, 19.93284076393616], [86.21157512057732, 19.887963496258337], [85.69637489266748, 19.751335274203743], [85.35092170349023, 19.583861070852663], [84.91503103373438, 19.265696421217584], [84.76858190526677, 19.08002272819376], [84.70463539473187, 19.117670746374955], [84.71229117015997, 19.15778925583014], [84.67210415074639, 19.165471647298755], [84.66827942147556, 19.130661920706817], [84.59899847674023, 19.132589293630915], [84.67171373623142, 19.07521838946061], [84.61987816695999, 19.063738334340655], [84.59731464626337, 19.022357955308173], [84.57332142258684, 19.073893182098384], [84.47893513414367, 18.990167783677546], [84.42244394751998, 19.022686541243864], [84.43672900000429, 18.922729472040505], [84.37271415341645, 18.905287855850187], [84.39501834189156, 18.886763970308404], [84.35885389332414, 18.89224600541742], [84.36983035480247, 18.860189280760313], [84.34344305047813, 18.875775375385118], [84.35153806660799, 18.821130265788085], [84.31995526234768, 18.78842135622647], [84.22423193252644, 18.79639910717505], [84.08940277475529, 18.753733524361717], [84.0346913201428, 18.811115369202316], [83.89457546831352, 18.814177643421605], [83.79596389630844, 19.01607069344164], [83.74724996000562, 18.986706157196053], [83.78776625857375, 18.916188784953842], [83.75353425881642, 18.926566569896533], [83.71342289657052, 18.993462891429324], [83.73091370064859, 19.020076840503187], [83.63092909729795, 19.16142442493827], [83.58649559589168, 19.05774882258025], [83.55415751725253, 19.08170539106303], [83.53914737656592, 19.013416899136352], [83.5031745975203, 19.01903803659877], [83.5131439843407, 19.072618193177505], [83.46716050348822, 19.077459736657715], [83.48573766938328, 19.029091507199634], [83.45630033319482, 19.00755196053027], [83.46328671146628, 18.953632872903512], [83.41665210114455, 19.00407340788038], [83.31312604973203, 18.997461165187246], [83.32777632865748, 18.933751875869348], [83.36891815229626, 18.9613193535954], [83.38808855985098, 18.931288959368374], [83.35803538753487, 18.923912315877317], [83.41860493452441, 18.8649484177497], [83.27407317587108, 18.765224600849933], [83.22737610673954, 18.7739615945884], [83.21307011701799, 18.724091662700005], [83.09213590746464, 18.66399548447299], [83.08386873983898, 18.611784307027506], [83.05776440171832, 18.622148436126622], [83.04061564714056, 18.556268278339246], [83.09746277912643, 18.546379047764333], [83.02361844666075, 18.45299313308027], [83.06802801973055, 18.437275975473938], [83.0616296164867, 18.384050185387082], [82.91103554155109, 18.364522175378625], [82.89286703200008, 18.42123284225346], [82.80742037280476, 18.447719364881266], [82.77537660203353, 18.33958102277728], [82.6671852635672, 18.29506440211054], [82.63527810120593, 18.237277954525666], [82.58911679548123, 18.27849509896589], [82.6196103402956, 18.354734181505762], [82.54060676229119, 18.401535516015144], [82.56204604835426, 18.445666015440565], [82.53843567933296, 18.44230342933963], [82.5313758455764, 18.511777965700617], [82.48983537614288, 18.546195457465274]], [[84.54401911215551, 20.326781974587625], [84.54582126437518, 20.27485043756982], [84.54552189267964, 20.252557866042878], [84.54747238895808, 20.244470632988026], [84.58715668092987, 20.17388908842533], [84.57575091284733, 20.16982911886625], [84.55904740067675, 20.161096969345646], [84.55948024228202, 20.15582277879521], [84.56447284548429, 20.146054144934965], [84.56442818741797, 20.140778510099654], [84.58715671621097, 20.173889094697916], [84.54747242325108, 20.24447063838132], [84.55343093773772, 20.28753112882371], [84.5464861253435, 20.321783113393487], [84.54401911215551, 20.326781974587625]], [[84.53287752924744, 20.324377032052418], [84.53287756258642, 20.324377037479074], [84.52643351479584, 20.328882212838895], [84.53287752924744, 20.324377032052418]], [[84.5041498100059, 20.39896474497605], [84.51980226185844, 20.372473497818458], [84.5038455701605, 20.364823211742774], [84.48545619875274, 20.350940775072036], [84.4875404089704, 20.34232758767003], [84.48940296865551, 20.33870929230428], [84.50618873889265, 20.334832253933207], [84.4854562301478, 20.35094078056786], [84.51980229423448, 20.372473503277796], [84.5041498100059, 20.39896474497605]], [[84.5105527337737, 20.15300370939767], [84.5085559990979, 20.148835668084065], [84.50813968523815, 20.142874552815183], [84.50615952826091, 20.140481055455577], [84.50813971755785, 20.142874558275757], [84.5105527660959, 20.15300371485779], [84.51791181907251, 20.15502976506278], [84.5105527337737, 20.15300370939767]], [[84.51007255724814, 20.339631905129302], [84.51163841573646, 20.328157084341015], [84.51646943402599, 20.320801364899687], [84.51301347441154, 20.340069704100404], [84.51007255724814, 20.339631905129302]], [[84.37475820362965, 20.64468854253677], [84.38567077995899, 20.60222727420263], [84.38025650733248, 20.59511710645038], [84.38359275775626, 20.560055930421708], [84.38405682379974, 20.556362044716263], [84.39051134811724, 20.54476386567083], [84.39141766502713, 20.536732745968493], [84.39319277469984, 20.53134427259224], [84.39794379190198, 20.527340432515953], [84.40900917652118, 20.523424090678873], [84.42291277278775, 20.520439512502637], [84.43531031217971, 20.50857174458258], [84.42740386097577, 20.488197360196093], [84.4291983328511, 20.48345208484305], [84.4654825735622, 20.44170818372836], [84.45804816677692, 20.429602396840014], [84.46089336080932, 20.421329752476105], [84.46064733402038, 20.402385854972334], [84.46289905404937, 20.396798907381953], [84.46908358707039, 20.392106232863366], [84.48743902326926, 20.386680277564537], [84.46289908447966, 20.396798912911894], [84.4654826040029, 20.44170818925806], [84.43531034162827, 20.50857174922868], [84.42291280223851, 20.52043951715119], [84.39319280220072, 20.531344277304065], [84.3856708074743, 20.602227278916125], [84.37475823115338, 20.64468854725242], [84.3601105297177, 20.668947935485953], [84.36075917499394, 20.67380591126349], [84.35897878483513, 20.676158179405714], [84.36011050316614, 20.668947930739055], [84.37475820362965, 20.64468854253677]], [[84.46557923633081, 19.95242468859431], [84.45808302563175, 19.904400537244598], [84.46251792991977, 19.877322743944916], [84.45782963970917, 19.870682281645113], [84.46282148473902, 19.85896388129424], [84.44597185923641, 19.843433275688383], [84.44543559424665, 19.840610657705952], [84.45101748293575, 19.835069877651787], [84.44584294853458, 19.830393056487956], [84.45101751420795, 19.83506988315191], [84.44597189051035, 19.84343328118964], [84.46282151601731, 19.858963886792033], [84.45782967099001, 19.87068228714403], [84.46251796120228, 19.877322749442925], [84.4580830569205, 19.90440054274367], [84.46998170196132, 19.939152648727912], [84.46557923633081, 19.95242468859431]], [[84.45344905089455, 19.950298210495855], [84.45344908219383, 19.950298215996206], [84.4338368063998, 19.958269348988118], [84.45344905089455, 19.950298210495855]], [[84.44076403344476, 20.150565923347518], [84.42923096763731, 20.185472405133073], [84.43568133292969, 20.155863006641297], [84.44076400307169, 20.150565917814387], [84.43257858776109, 20.14430010899971], [84.44076403344476, 20.150565923347518]], [[84.43343560317541, 19.837260982896815], [84.42426434690177, 19.83495495530146], [84.43343560502728, 19.837260981276213], [84.43343560317541, 19.837260982896815]], [[84.4279275131681, 20.145010786267807], [84.41515928471574, 20.11991602839647], [84.41500826938595, 20.10421698660865], [84.41129594879096, 20.09913769548074], [84.41049207140968, 20.090601706652695], [84.40318888643118, 20.08730682073833], [84.40103090561213, 20.076658966956927], [84.40192145079823, 20.072535676009696], [84.41114059189034, 20.06538201924295], [84.41195151389506, 20.05798719920499], [84.41551530688707, 20.053782524358805], [84.40502271151468, 20.048161403591294], [84.41551533626486, 20.053782529925314], [84.40318891581585, 20.08730682630747], [84.41049210079538, 20.090601712220447], [84.41191830488424, 20.093684058152665], [84.41500829877484, 20.10421699217554], [84.4151593141081, 20.119916033963435], [84.42908431312948, 20.130907271043508], [84.4279275131681, 20.145010786267807]], [[84.42182672211355, 19.95463099653493], [84.41565122881002, 19.958444023978114], [84.41565120662248, 19.9584440139856], [84.42182672211355, 19.95463099653493]], [[84.40609025939393, 19.959885683727492], [84.4060902887506, 19.959885689295316], [84.40131944385004, 19.96045890210321], [84.40609025939393, 19.959885683727492]], [[84.39882314699092, 20.04756281800014], [84.36262810716846, 20.030269158915537], [84.37141552790546, 20.03325554040352], [84.39882314699092, 20.04756281800014]], [[84.35575346720356, 19.98908521276969], [84.37724720819067, 19.96588301509105], [84.38197598882677, 19.96224982302964], [84.3931821374315, 19.95509457138867], [84.39825041735519, 19.955728943732776], [84.37724723654583, 19.965883019774576], [84.37262830249485, 19.97286915234751], [84.35945333125694, 19.987703464187675], [84.35575346720356, 19.98908521276969]], [[84.35623051115311, 20.036373849504834], [84.34116212671962, 20.014741322719406], [84.3410549217706, 20.0120501029899], [84.35623051115311, 20.036373849504834]], [[84.35615635080728, 19.863005766864408], [84.34921787281459, 19.86063428290676], [84.3561563536475, 19.86300576283845], [84.35615635080728, 19.863005766864408]], [[84.30358838889974, 20.692759785253024], [84.34269658547925, 20.674607165423442], [84.35593641894387, 20.672842115024537], [84.34269661203129, 20.674607170173477], [84.3397408912874, 20.68288231336113], [84.33417555138737, 20.68911672469704], [84.32695337409156, 20.692546222681983], [84.31909370473865, 20.69442954577344], [84.30358838889974, 20.692759785253024]], [[84.33652654189997, 19.9774208236971], [84.33092743299517, 20.00623430771447], [84.33198454937265, 20.000601226173963], [84.33078523186349, 19.999470550930027], [84.32457437484219, 19.987809528355626], [84.33173875344414, 19.979442844858106], [84.33652654189997, 19.9774208236971]], [[84.30789224421086, 19.905591354585294], [84.27811641798294, 19.878209393422157], [84.23479801667071, 19.867660990308522], [84.30789224421086, 19.905591354585294]], [[84.22234186088227, 19.674243849072255], [84.24705214658275, 19.641876807846636], [84.23790950462224, 19.636271221841284], [84.23701462688697, 19.63436419843692], [84.23716356951601, 19.627902945954403], [84.23631977233192, 19.62714343193445], [84.22234186088227, 19.674243849072255]], [[84.23586864177912, 19.608957505659365], [84.22920007135059, 19.615994866055505], [84.23586861641164, 19.608957500868048], [84.23466035354559, 19.59701354300636], [84.24107311483645, 19.575250312039255], [84.2388337499693, 19.571757374575252], [84.24107314019773, 19.575250316829486], [84.23586864177912, 19.608957505659365]], [[84.22150440275264, 20.587168313978193], [84.19449289883335, 20.59197644823661], [84.19449287953027, 20.59197644402741], [84.22150440275264, 20.587168313978193]], [[84.20342170764685, 19.730403977367004], [84.18974302519737, 19.70290961849663], [84.2008801848915, 19.683466817194255], [84.21891799205115, 19.67245669109249], [84.18974304864174, 19.70290962335102], [84.20342170764685, 19.730403977367004]], [[84.21398348242452, 19.86435102880443], [84.19528449588421, 19.859829406213287], [84.21398349238676, 19.86435103038864], [84.21398348242452, 19.86435102880443]], [[84.18525665994397, 19.859702522605666], [84.20211455001836, 19.83466670935876], [84.1859390517641, 19.821256418775278], [84.20211457348645, 19.834666714211878], [84.18525665994397, 19.859702522605666]], [[84.20052183811215, 19.591026996619103], [84.18257147039115, 19.58656785637366], [84.20052184151338, 19.591026996228837], [84.20052183811215, 19.591026996619103]], [[84.17837611352591, 20.604572373378687], [84.18888457451769, 20.59075350509256], [84.1888845956681, 20.59075350970459], [84.17837611352591, 20.604572373378687]], [[84.17410875832151, 19.81962816865013], [84.16857780331276, 19.80368119080459], [84.17437362671839, 19.792257134284558], [84.16680286730174, 19.78589631885619], [84.17437364920768, 19.792257139169063], [84.16857782580375, 19.803681195690032], [84.17451873727691, 19.811315114023966], [84.17410875832151, 19.81962816865013]], [[84.16457166694116, 19.580796006023956], [84.17008230941413, 19.587706908957486], [84.16714003009639, 19.586031684293015], [84.16457164351905, 19.58079600116637], [84.16205129072105, 19.579582193322384], [84.16457166694116, 19.580796006023956]], [[84.13352953495473, 19.776213370885078], [84.16200217163504, 19.734163122869095], [84.1566837180157, 19.725032128259254], [84.15844239708353, 19.722903207484784], [84.1620021941141, 19.734163127755192], [84.13352953495473, 19.776213370885078]], [[84.11815122052612, 20.587933226599166], [84.13452630019628, 20.58978160971027], [84.11815124116745, 20.587933230630718], [84.1040382341856, 20.599177658049314], [84.09686258506602, 20.597810248955646], [84.11815122052612, 20.587933226599166]], [[84.11950788237333, 19.63012295032234], [84.11950786091084, 19.630122946321872], [84.11398039844777, 19.62688446126267], [84.11950788237333, 19.63012295032234]], [[84.0947255946876, 19.617427636472623], [84.0947255732279, 19.617427632468644], [84.09063977369485, 19.61656587505083], [84.0947255946876, 19.617427636472623]], [[84.08475600225552, 20.59179296216275], [84.05604506700803, 20.595518337395557], [84.0560450621531, 20.595518335271862], [84.08475600225552, 20.59179296216275]], [[84.0790721287541, 19.624638690970002], [84.07588099269861, 19.623377421711215], [84.0790721313242, 19.624638687919663], [84.0790721287541, 19.624638690970002]], [[84.06117787431809, 19.63015379976788], [84.04787178707652, 19.625144532009003], [84.0611778820625, 19.630153799004397], [84.06117787431809, 19.63015379976788]], [[84.02886037095465, 19.632416400776528], [84.02279469334621, 19.624926838882423], [84.02886038607188, 19.632416399404036], [84.02886037095465, 19.632416400776528]], [[84.01230365543462, 19.620725164858797], [84.01922484476411, 19.624922274646917], [84.01123908664846, 19.617578423802968], [84.01230365543462, 19.620725164858797]], [[83.97251641303055, 20.586259428050578], [84.00056598082449, 20.570331661865144], [84.00699196203472, 20.569607661679473], [84.01621502122363, 20.570924318667792], [84.00056599850375, 20.570331665071954], [83.985560791074, 20.58140433077001], [83.97882365995964, 20.584803729616233], [83.97251641303055, 20.586259428050578]], [[83.99951341280854, 19.625876649791962], [83.98466843869963, 19.621371944920398], [83.99951342547811, 19.625876652103244], [83.99951341280854, 19.625876649791962]], [[83.91712677222333, 20.616332660174436], [83.9380432074195, 20.603271234784867], [83.93481236816599, 20.599768111629036], [83.93269059845063, 20.594119833549872], [83.93430350735147, 20.589201368577406], [83.93820524766434, 20.585694660152537], [83.94319176723015, 20.582527206860835], [83.9497892475904, 20.580973179470444], [83.93804322314904, 20.60327123805058], [83.91987460277743, 20.61672074878698], [83.91712677222333, 20.616332660174436]], [[83.91261090913555, 19.67408248309786], [83.9205670258133, 19.679171750130834], [83.91624092024219, 19.67774846232523], [83.91261089254657, 19.67408247985807], [83.90461720242156, 19.672330245475816], [83.91261090913555, 19.67408248309786]], [[83.87274493437691, 20.579031709753885], [83.89456353411909, 20.580121179995565], [83.88058979522948, 20.580024384477934], [83.87274493437691, 20.579031709753885]], [[83.8302063638249, 20.547191956273018], [83.82376734127608, 20.547448741130854], [83.84005528210463, 20.543259570125553], [83.8302063638249, 20.547191956273018]], [[83.81925562649515, 20.45180078810075], [83.81457936457045, 20.452104151681844], [83.82671783552303, 20.449954114633528], [83.81925562649515, 20.45180078810075]], [[83.78767765662312, 20.4431297240856], [83.79447885486584, 20.435230389163948], [83.79331611426372, 20.438939327173067], [83.78767765662312, 20.4431297240856]], [[83.80877035226689, 19.716813560769086], [83.79265913259206, 19.7115793296322], [83.80877035718163, 19.716813560906733], [83.80877035226689, 19.716813560769086]], [[83.79631517942454, 20.509694746863854], [83.80641011260064, 20.511001958807412], [83.80641011408211, 20.511001960545862], [83.79631517942454, 20.509694746863854]], [[83.7808409105934, 20.21336343744747], [83.7712374009615, 20.208311570398596], [83.77707832020037, 20.21021004691418], [83.7808409105934, 20.21336343744747]], [[83.7701732731611, 20.414413193920414], [83.77888587947841, 20.41198550361178], [83.77017328691436, 20.41441319725237], [83.76062197955437, 20.42514000769538], [83.7550415843311, 20.42794792374475], [83.7505662932853, 20.428428261660006], [83.7701732731611, 20.414413193920414]], [[83.7676379476143, 20.16483066695107], [83.76763796134169, 20.164830670282477], [83.76300388469897, 20.165409729060265], [83.7676379476143, 20.16483066695107]], [[83.77277224563969, 19.71418760079034], [83.76118909906461, 19.674648307995444], [83.76380458313469, 19.679478649394998], [83.77277224563969, 19.71418760079034]], [[83.74638917561457, 20.42218611607143], [83.72932645256832, 20.433099058452136], [83.72224619462126, 20.434655369263133], [83.72932643978923, 20.433099055092015], [83.74638917561457, 20.42218611607143]], [[83.72393247946687, 20.131050617603748], [83.7239324922168, 20.131050620963368], [83.71954337307423, 20.1325188024677], [83.72393247946687, 20.131050617603748]], [[83.71099752232934, 20.102434837834316], [83.68768916102695, 20.105275083906253], [83.6926425392299, 20.102414632938114], [83.69649554966712, 20.101470903707167], [83.71099752232934, 20.102434837834316]], [[83.67533740435758, 20.42873366718006], [83.6954782771844, 20.41609523211076], [83.68022599123344, 20.42907323490268], [83.67533740435758, 20.42873366718006]], [[83.68952524749498, 19.68746120053363], [83.66963552696278, 19.67243207967511], [83.67140238011145, 19.67651976920374], [83.67521016409698, 19.680189386009843], [83.68952524749498, 19.68746120053363]], [[83.61363414322405, 20.104237483768472], [83.60186563473884, 20.103894609252222], [83.59243532171126, 20.111912713907667], [83.5893694624441, 20.113561255085056], [83.5841276869807, 20.114666617094578], [83.60186562396484, 20.103894606754086], [83.61363413244972, 20.104237481271245], [83.6179962861471, 20.09872952963415], [83.63565568217595, 20.089886501558013], [83.61363414322405, 20.104237483768472]], [[83.59809558097773, 19.828258801314604], [83.59809556925539, 19.828258798840487], [83.58899887267405, 19.822694087044145], [83.59809558097773, 19.828258801314604]], [[83.58343208276752, 20.09823771104216], [83.5834320804985, 20.098237709103014], [83.58678167128282, 20.098458372764043], [83.58343208276752, 20.09823771104216]], [[83.55512218303517, 20.051470066958746], [83.55512218052434, 20.051470063334605], [83.56252450889552, 20.05046356771036], [83.55512218303517, 20.051470066958746]], [[83.52803360029321, 20.016818717157197], [83.52803359853604, 20.016818716100627], [83.53950509459354, 20.018916532164084], [83.52803360029321, 20.016818717157197]], [[83.53696095822826, 19.857804561618845], [83.53130016101416, 19.855564958350232], [83.53696096090667, 19.857804560926432], [83.53696095822826, 19.857804561618845]], [[83.3637214779762, 19.049108520761262], [83.36066633235106, 19.05061181548907], [83.35708600805631, 19.05100333192082], [83.3637214779762, 19.049108520761262]], [[83.36237326343324, 19.04166558693803], [83.3535974075894, 19.034426343083283], [83.35359740758938, 19.034426343083222], [83.36237326343324, 19.04166558693803]], [[83.34869365716503, 19.01956201869174], [83.3505666757385, 19.029077010291314], [83.35176127939339, 19.031185521640673], [83.34869365716503, 19.01956201869174]], [[83.34454253990373, 19.05464996996277], [83.34361558591488, 19.059150699087755], [83.34658346962354, 19.051297987867827], [83.34454253990373, 19.05464996996277]], [[83.33216392763728, 19.100570392270072], [83.33216392763723, 19.100570392270143], [83.32973289804241, 19.10081285515498], [83.33216392763728, 19.100570392270072]], [[83.30255720683964, 19.114457727774795], [83.3025572068396, 19.114457727774777], [83.30330977967276, 19.114612424136723], [83.30255720683964, 19.114457727774795]], [[83.29934698615725, 19.121417090292287], [83.29934698615723, 19.12141709029231], [83.29766360888351, 19.120179470268464], [83.29934698615725, 19.121417090292287]], [[83.28824935187589, 19.114132961331016], [83.2872904410007, 19.1144297387683], [83.28912507706356, 19.114598940282473], [83.28824935187589, 19.114132961331016]], [[83.28611616970723, 19.117761922829036], [83.28611616970721, 19.11776192282906], [83.28617809016761, 19.11758621354252], [83.28611616970723, 19.117761922829036]], [[83.28460397649016, 19.124000152250527], [83.28397635471516, 19.123652978474187], [83.28531262953459, 19.124392141754093], [83.28460397649016, 19.124000152250527]], [[83.28157556562286, 19.122324922719162], [83.27733276745646, 19.114191159821097], [83.27556116449162, 19.1082295461423], [83.28157556562286, 19.122324922719162]], [[83.2693542070932, 19.056511985649788], [83.2692269788912, 19.086911191415425], [83.27155138974217, 19.094734510101272], [83.26263198364202, 19.06997567904425], [83.26357536478541, 19.06508777383054], [83.2693542070932, 19.056511985649788]], [[83.26004983218338, 19.035320886677205], [83.26004983218337, 19.03532088667714], [83.26340518967369, 19.04228587968785], [83.26004983218338, 19.035320886677205]], [[83.24971833850803, 19.162739781548137], [83.24918410243036, 19.16294234344146], [83.25990188879756, 19.164169333013454], [83.24971833850803, 19.162739781548137]], [[83.25840637359586, 19.15832425256561], [83.25840637359585, 19.15832425256565], [83.25762044069843, 19.15714228484622], [83.25840637359586, 19.15832425256561]], [[83.24493211140712, 19.12877160211434], [83.22363967477315, 19.135389429972975], [83.22385795818063, 19.12840487824564], [83.22559791204395, 19.12441799293163], [83.22884164963351, 19.12269432883139], [83.23445172877895, 19.12293929744718], [83.24410384884766, 19.1264937321515], [83.24493211140712, 19.12877160211434]], [[83.23972202472247, 18.992625742148725], [83.24153813510313, 18.972644540681483], [83.2396343136852, 18.969747956956212], [83.24153813510327, 18.972644540681472], [83.23972202472247, 18.992625742148725]], [[83.23931320887031, 19.013866768641325], [83.24075473469098, 19.000116150275073], [83.23880518597775, 19.023298478670217], [83.23931320887031, 19.013866768641325]], [[83.22108676930672, 19.16186492638271], [83.20650585240976, 19.166435998555464], [83.2056187102458, 19.166549114445615], [83.22079416434559, 19.16171779812794], [83.22108676930672, 19.16186492638271]], [[83.20402144037377, 18.977868389996377], [83.20402144037377, 18.97786838999633], [83.20646186205477, 18.975797733008395], [83.20402144037377, 18.977868389996377]], [[83.1993965585574, 19.16420158932482], [83.19939655855728, 19.164201589324783], [83.20474110478963, 19.14966081822112], [83.1993965585574, 19.16420158932482]], [[83.2005758153072, 19.132674841502862], [83.20205311160123, 19.137877754895044], [83.2020531116012, 19.137877754895058], [83.2005758153072, 19.132674841502862]], [[83.19237234920558, 19.141209113763978], [83.19237234920558, 19.141209113763892], [83.20176930104925, 19.13806111040053], [83.19237234920558, 19.141209113763978]], [[83.20162274397613, 19.148889944762068], [83.19594584616513, 19.149214055612415], [83.19177469013852, 19.148569285227218], [83.19594584616527, 19.14921405561239], [83.20086329349249, 19.148740579031255], [83.20162274397613, 19.148889944762068]], [[83.20107683231697, 19.00006083744411], [83.20107683231697, 19.000060837444096], [83.20132873815645, 18.99898238464965], [83.20107683231697, 19.00006083744411]], [[83.19531285447427, 19.112810961576628], [83.19625235064746, 19.113482314579493], [83.19625235064751, 19.113482314579585], [83.19531285447427, 19.112810961576628]], [[83.19492191687586, 19.074882625456226], [83.19400335715987, 19.063757230153993], [83.1957165570489, 19.070791227557837], [83.19494400205646, 19.074848466655034], [83.19492191687586, 19.074882625456226]], [[83.19051254288777, 19.087772020524106], [83.19077833440635, 19.090549696441556], [83.19077833440633, 19.09054969644158], [83.19051254288777, 19.087772020524106]], [[83.19002325101651, 19.09165848942572], [83.18919159578073, 19.092879723402103], [83.18919159578071, 19.0928797234021], [83.19002325101651, 19.09165848942572]], [[83.18385937533563, 19.092076051453414], [83.1838593753356, 19.092076051453375], [83.18712344091726, 19.092568011223953], [83.18385937533563, 19.092076051453414]], [[83.18312681940978, 19.135774533740054], [83.17488435955472, 19.125053838423533], [83.18049389669696, 19.129341727838824], [83.18242270865593, 19.13324943014737], [83.18312681940978, 19.135774533740054]], [[83.1812471512365, 19.11224394593495], [83.18287535976965, 19.11292997001975], [83.18124715123646, 19.11224394593496], [83.1812471512365, 19.11224394593495]], [[83.18086899132162, 19.145129988987968], [83.17067084426753, 19.13797314946488], [83.18086899132173, 19.145129988987943], [83.18086899132162, 19.145129988987968]], [[83.17718192485808, 19.09157652948403], [83.1771819248581, 19.09157652948402], [83.1796845971095, 19.09467394631166], [83.17718192485808, 19.09157652948403]], [[83.1634947569668, 19.125572876639183], [83.16349475696688, 19.125572876639183], [83.16479085043984, 19.128320040887676], [83.1634947569668, 19.125572876639183]], [[83.14785880694401, 19.134538510410618], [83.14704094722572, 19.1348480115203], [83.15316952982201, 19.12616025723524], [83.14785880694401, 19.134538510410618]], [[83.13595694349772, 19.121474392310745], [83.13659798854779, 19.13233733097215], [83.13618198178207, 19.130475451637697], [83.1359569434977, 19.121474392310716], [83.13430415208568, 19.112784934125898], [83.13299698231644, 19.098210892523138], [83.13225504847176, 19.096630902932873], [83.13299698231651, 19.09821089252324], [83.13595694349772, 19.121474392310745]], [[83.12693973620645, 19.09117592082754], [83.12828736896937, 19.092030910974593], [83.1269397362064, 19.09117592082754], [83.12693973620645, 19.09117592082754]], [[83.11329637911231, 19.102666758352626], [83.11329637911223, 19.102666758352598], [83.11612486245697, 19.098072920536506], [83.11329637911231, 19.102666758352626]], [[83.10039439292142, 19.108722829402936], [83.09249121916955, 19.0928171439688], [83.09154051095632, 19.09169407441399], [83.09249121916969, 19.092817143968773], [83.10039439292154, 19.10872282940295], [83.10210698942772, 19.11008509878895], [83.10039439292142, 19.108722829402936]], [[83.07618268085895, 19.08094298848323], [83.07618268085888, 19.080942988483237], [83.0739828263855, 19.071884283077672], [83.07618268085895, 19.08094298848323]], [[83.07030492830353, 19.064719270173608], [83.07174255335893, 19.052284387697657], [83.0732487355159, 19.058322068009375], [83.07030492830353, 19.064719270173608]], [[83.06892532170836, 19.04665781141431], [83.0637508128945, 19.044193877216983], [83.07044553570849, 19.04863006893084], [83.06892532170836, 19.04665781141431]], [[83.02972113449776, 19.077456104342065], [83.03032778753948, 19.07784732610038], [83.03032778753948, 19.07784732610039], [83.02972113449776, 19.077456104342065]], [[83.0257846329251, 19.090520881096346], [83.02578463292508, 19.090520881096268], [83.02645666140543, 19.08946136782436], [83.0257846329251, 19.090520881096346]], [[83.02144822981772, 19.069580339740856], [83.02144822981768, 19.06958033974098], [83.02146680298912, 19.06862822938738], [83.02144822981772, 19.069580339740856]], [[83.01030990930678, 19.098274381116426], [83.0103099093068, 19.098274381116415], [83.01029565189334, 19.099755501165397], [83.01030990930678, 19.098274381116426]], [[82.98656967953563, 19.134018837105994], [82.98656967953555, 19.13401883710608], [82.98490583498477, 19.133448795772953], [82.98656967953563, 19.134018837105994]], [[82.97952798800874, 19.173651010145523], [82.97952798800871, 19.173651010145544], [82.97810833537949, 19.172670077191547], [82.97952798800874, 19.173651010145523]], [[82.977073863826, 19.171955291605347], [82.97707386382594, 19.1719552916053], [82.9745293424811, 19.1677200854998], [82.977073863826, 19.171955291605347]], [[82.93472007088332, 19.161331204863234], [82.9346017360419, 19.161322132521324], [82.93460173604188, 19.16132213252132], [82.93472007088332, 19.161331204863234]], [[82.93177604565528, 19.160276011601514], [82.93177604565534, 19.160276011601468], [82.93453171087475, 19.161296207956973], [82.93177604565528, 19.160276011601514]], [[82.91887486873358, 19.16255106040735], [82.91631296882227, 19.16030548985031], [82.92108751733458, 19.163104870384338], [82.91887486873358, 19.16255106040735]], [[82.9120763454869, 19.159922556033926], [82.90468042934253, 19.158697107727377], [82.90468042934253, 19.158697107727335], [82.9120763454869, 19.159922556033926]], [[82.90493337639096, 19.161913166447288], [82.90494727528346, 19.16208988190887], [82.90494727528345, 19.162089881908877], [82.90493337639096, 19.161913166447288]], [[82.89965264159963, 19.16752017744483], [82.89965264159964, 19.167520177444818], [82.89962993080395, 19.16801673365682], [82.89965264159963, 19.16752017744483]], [[82.88701157342587, 19.181910129508367], [82.88844160738195, 19.181098808330187], [82.88701157342582, 19.181910129508427], [82.88701157342587, 19.181910129508367]], [[82.87884011776231, 19.18399767588113], [82.88146628241198, 19.184599983519995], [82.87884011776231, 19.183997675881173], [82.87884011776231, 19.18399767588113]], [[82.87884511842455, 19.18405344065232], [82.87884511842455, 19.184053440652313], [82.87886001350213, 19.184022530723478], [82.87884511842455, 19.18405344065232]], [[82.86350832621733, 19.206095473852635], [82.87177235328049, 19.20014071125865], [82.86350832621737, 19.20609547385265], [82.86350832621733, 19.206095473852635]], [[82.85636266789359, 19.19517774769559], [82.86140458679233, 19.20530881416233], [82.85663751520518, 19.203526244033235], [82.85636266789359, 19.19517774769559]], [[82.84064389751931, 19.192448955418246], [82.8426416846821, 19.200033486900388], [82.84264168468205, 19.200033486900416], [82.84064389751931, 19.192448955418246]], [[82.8362273623007, 19.18931904112292], [82.8374057107228, 19.18562289278422], [82.83690529911843, 19.19016121293303], [82.8362273623007, 19.18931904112292]], [[82.83513993137984, 19.179053747091757], [82.83579339547227, 19.180389890948533], [82.83513993137983, 19.17905374709176], [82.83513993137984, 19.179053747091757]], [[82.83039239117352, 19.160909771024194], [82.82722055531887, 19.173360758406876], [82.82705578324465, 19.16699362933435], [82.83039239117348, 19.160909771024127], [82.82993629377759, 19.148106270517598], [82.83039239117352, 19.160909771024194]], [[82.81823505955222, 19.170375915996193], [82.81823505955218, 19.17037591599623], [82.81404562504821, 19.16710830902664], [82.81823505955222, 19.170375915996193]], [[82.80175314311884, 19.149474007328536], [82.80473144968647, 19.152848586433585], [82.80175314311883, 19.14947400732855], [82.80175314311884, 19.149474007328536]], [[82.79256860840374, 19.158555353525305], [82.79256860840371, 19.1585553535254], [82.79260131006686, 19.158312494076938], [82.79256860840374, 19.158555353525305]], [[82.77407570820229, 19.166249518566655], [82.79356163601132, 19.166605158283723], [82.78963116495329, 19.17064128784347], [82.78674612538458, 19.17133841229956], [82.77407570820229, 19.166249518566655]], [[82.74630845590325, 19.178980802496632], [82.74630845590322, 19.178980802496614], [82.7453640672119, 19.17774662403367], [82.74630845590325, 19.178980802496632]], [[82.74176066529338, 19.15987104686559], [82.74170018853259, 19.171076226221764], [82.7417606652933, 19.15987104686559], [82.74004388265857, 19.15900239595276], [82.74176066529338, 19.15987104686559]], [[82.72455934020887, 19.16119044032657], [82.72648593618528, 19.164377167113948], [82.72648593618526, 19.164377167113972], [82.72455934020887, 19.16119044032657]], [[82.7234098231929, 19.16994395111188], [82.72340982319287, 19.169943951111975], [82.72344773423141, 19.169716928279136], [82.7234098231929, 19.16994395111188]], [[82.72386720705813, 19.17342526182259], [82.72386720705805, 19.173425261822615], [82.72528845264745, 19.17208546057133], [82.72386720705813, 19.17342526182259]], [[82.70811279661521, 19.17821396087339], [82.70811279661518, 19.178213960873393], [82.70861615082384, 19.178123053727084], [82.70811279661521, 19.17821396087339]], [[82.68336462113916, 19.187664025540357], [82.68422937540655, 19.187441897634457], [82.68336462113916, 19.187664025540375], [82.68336462113916, 19.187664025540357]], [[82.67956638534456, 19.195906327233786], [82.66947884024637, 19.184516652545256], [82.6795663853446, 19.195906327233757], [82.67956638534456, 19.195906327233786]], [[82.64205649132808, 19.176486219512377], [82.66235947527618, 19.186205899933782], [82.65494458550971, 19.18762451783944], [82.64205649132808, 19.176486219512377]], [[82.6427296244168, 19.15156766752682], [82.63801052457883, 19.148478751246092], [82.64317277511229, 19.157959816216696], [82.6427296244168, 19.15156766752682]], [[82.63927088381975, 19.17220022470064], [82.63927088381979, 19.172200224700703], [82.63933140359012, 19.175269596198262], [82.63927088381975, 19.17220022470064]], [[82.62550174090609, 19.15022075270259], [82.62550174090615, 19.150220752702523], [82.62867471491563, 19.15060828833859], [82.62550174090609, 19.15022075270259]], [[82.61387843428012, 19.183486750776407], [82.6138784342801, 19.183486750776417], [82.61292650259426, 19.18316877107908], [82.61387843428012, 19.183486750776407]], [[82.60029111849222, 19.19061346877847], [82.60029111849221, 19.19061346877848], [82.59652425885645, 19.191542445403332], [82.60029111849222, 19.19061346877847]], [[82.59204731189622, 19.198675188477335], [82.5917791046055, 19.200313658107298], [82.59177910460546, 19.200313658107316], [82.59204731189622, 19.198675188477335]], [[82.58967608712962, 19.2015442935287], [82.58493625216437, 19.196392195890553], [82.58967608712972, 19.201544293528638], [82.58967608712962, 19.2015442935287]], [[82.58192290381788, 19.195526313872563], [82.58227738412609, 19.195628173362177], [82.58192290381788, 19.195526313872566], [82.58192290381788, 19.195526313872563]], [[82.57868144812487, 19.19787870384123], [82.57868144812483, 19.19787870384124], [82.57944536161138, 19.197324316370654], [82.57868144812487, 19.19787870384123]], [[82.57366373840779, 19.203384317955226], [82.57366373840767, 19.2033843179552], [82.57225964698863, 19.20074538333614], [82.57366373840779, 19.203384317955226]], [[82.55146934446343, 19.20551282431018], [82.55146934446338, 19.205512824310176], [82.55398522242798, 19.204321088156146], [82.55146934446343, 19.20551282431018]], [[82.55050895063566, 19.19570258079739], [82.55050895063567, 19.195702580797388], [82.55314616364365, 19.197126661647765], [82.55050895063566, 19.19570258079739]], [[82.54876679120028, 19.205742982065214], [82.54876679120026, 19.205742982065214], [82.55191774310399, 19.199543552449803], [82.54876679120028, 19.205742982065214]], [[82.5405005584476, 19.19807849894437], [82.54103277132126, 19.197841264958008], [82.54050055844758, 19.198078498944394], [82.5405005584476, 19.19807849894437]], [[82.53255331466539, 19.20410095011861], [82.5323025849511, 19.20418822515149], [82.53230258495108, 19.204188225151483], [82.53255331466539, 19.20410095011861]], [[82.5283671461354, 19.20028257009841], [82.52836714613527, 19.20028257009843], [82.52726455421464, 19.19848838456513], [82.5283671461354, 19.20028257009841]], [[82.51699662534014, 19.202520174669893], [82.50136160160889, 19.18781884465415], [82.49292917246873, 19.181822476251725], [82.50136160160889, 19.187818844654146], [82.51699662534014, 19.202520174669893]], [[82.47062024335774, 19.17776962042593], [82.4706202433577, 19.17776962042592], [82.47124800939062, 19.177659418853025], [82.47062024335774, 19.17776962042593]], [[82.46007252793669, 19.182353011920885], [82.4588336057487, 19.179552993952527], [82.46221358850617, 19.183144041741052], [82.46007252793669, 19.182353011920885]], [[82.44721351203884, 19.17687209427652], [82.44721351203877, 19.17687209427657], [82.44247926229991, 19.17290256767078], [82.44721351203884, 19.17687209427652]], [[82.44152690949659, 18.600385279976706], [82.44152690949645, 18.600385279976567], [82.44728285138841, 18.59937246677743], [82.44152690949659, 18.600385279976706]], [[82.44675884998328, 18.594170017588944], [82.44422885513505, 18.56905144058595], [82.4406828097436, 18.564522342200235], [82.44422885513518, 18.56905144058601], [82.44675884998328, 18.594170017588944]], [[82.42955381564792, 18.603518976937437], [82.4295538156479, 18.60351897693742], [82.43561549780404, 18.60257921582584], [82.42955381564792, 18.603518976937437]], [[82.43512050743642, 18.56020992156228], [82.43512050743652, 18.56020992156226], [82.43461657175386, 18.5642554105108], [82.43512050743642, 18.56020992156228]], [[82.41649806423597, 18.50372270879611], [82.41649806423607, 18.50372270879609], [82.40653219342676, 18.519354742929167], [82.41649806423597, 18.50372270879611]], [[82.41908810910515, 18.604883553898183], [82.42356266444317, 18.60574554281315], [82.41709268753017, 18.602633314219176], [82.41908810910515, 18.604883553898183]], [[82.40885909552415, 18.546837168419895], [82.41409857666599, 18.55752707426626], [82.416915301957, 18.564362523340353], [82.4103779065088, 18.553917688577656], [82.40885909552415, 18.546837168419895]], [[82.40048171404152, 18.608490326324727], [82.40048171404153, 18.608490326324656], [82.41034564467267, 18.595024664626372], [82.40048171404152, 18.608490326324727]], [[82.40523599464632, 19.187947727494663], [82.4043827301412, 19.19226634274351], [82.404887349394, 19.196142525082333], [82.40523599464632, 19.187947727494663]], [[82.39695102558022, 19.209100925623176], [82.39695102558028, 19.209100925623147], [82.39791074136853, 19.20874894951624], [82.39695102558022, 19.209100925623176]], [[82.38403018118859, 18.61426234572001], [82.3840301811885, 18.614262345720135], [82.37182732948077, 18.620881967009666], [82.36551679146436, 18.623277110898186], [82.3644532184623, 18.623115666007394], [82.38403018118859, 18.61426234572001]], [[82.38022143965031, 19.203401012388788], [82.38022143965037, 19.20340101238878], [82.38207099178793, 19.20402874251454], [82.38022143965031, 19.203401012388788]], [[82.36718093086145, 19.203977026636583], [82.36718093086142, 19.203977026636604], [82.36585013605404, 19.202929704486465], [82.36718093086145, 19.203977026636583]], [[82.33807126955608, 18.600406925617474], [82.34505761733266, 18.60772490369067], [82.33346205221221, 18.599924467210787], [82.33807126955608, 18.600406925617474]], [[82.34100772758748, 19.205402719178778], [82.34100772758745, 19.205402719178778], [82.34121042079971, 19.20538157143743], [82.34100772758748, 19.205402719178778]], [[82.32960060160313, 19.2178409339518], [82.3296006016032, 19.217840933951777], [82.33084570180647, 19.217598862727723], [82.32960060160313, 19.2178409339518]], [[82.32943602924628, 18.598542129404283], [82.31908471904148, 18.58207952465233], [82.31497646125258, 18.57819845977271], [82.31908471904146, 18.58207952465224], [82.32943602924628, 18.598542129404283]], [[82.32779264071118, 19.218192411828706], [82.32779264071115, 19.218192411828714], [82.32591682340892, 19.216171906420865], [82.32779264071118, 19.218192411828706]], [[82.32362155519178, 19.211829206621417], [82.32362155519174, 19.21182920662134], [82.3237000468747, 19.205215775495073], [82.32278974728227, 19.202888508248133], [82.322654724044, 19.19897519526339], [82.32370004687482, 19.205215775495162], [82.32362155519178, 19.211829206621417]], [[82.28675992117054, 18.584880212042865], [82.30074893511227, 18.578971221187032], [82.2924956735435, 18.58245773485129], [82.28675992117054, 18.584880212042865]], [[82.30066861630088, 19.198227947433175], [82.29814853955291, 19.19220595066133], [82.30265882827945, 19.198706966538005], [82.30066861630088, 19.198227947433175]], [[82.29455876065566, 19.19143505525392], [82.29455876065568, 19.191435055253923], [82.29414343923933, 19.19198919616676], [82.29455876065566, 19.19143505525392]], [[82.25437597838797, 18.602258094050715], [82.27474710265444, 18.586969613494123], [82.25501747838992, 18.607929959019966], [82.25437597838797, 18.602258094050715]], [[82.25561919765602, 18.61325009996574], [82.24943408715953, 18.610451158302567], [82.255619197656, 18.613250099965576], [82.25561919765602, 18.61325009996574]], [[82.24698793955751, 18.609344205655393], [82.24445686309367, 18.610537966745934], [82.24698793955744, 18.609344205655358], [82.24698793955751, 18.609344205655393]], [[82.24316831465126, 18.611145699864988], [82.24268491040908, 18.615206915937744], [82.24316831465124, 18.61114569986499], [82.24316831465126, 18.611145699864988]], [[82.23290448460736, 18.624789779251536], [82.23824141787807, 18.62158918596341], [82.2419865960211, 18.621073653067686], [82.23290448460739, 18.624789779251614], [82.23056555465104, 18.634643524793262], [82.23472202782557, 18.6414629277931], [82.23399772884619, 18.650007917011692], [82.22712409467707, 18.66483889869661], [82.23399772884608, 18.650007917011685], [82.23056555465098, 18.634643524793326], [82.23290448460736, 18.624789779251536]], [[82.24030636013316, 19.22459079861988], [82.24030636013327, 19.224590798619886], [82.24167257422766, 19.22621610698758], [82.24030636013316, 19.22459079861988]], [[82.22861070562433, 19.218981261864602], [82.22861070562436, 19.2189812618646], [82.22947598393199, 19.22084134887282], [82.22861070562433, 19.218981261864602]], [[82.22526056089157, 18.66885977539181], [82.22224910739556, 18.66725325866082], [82.22526056089157, 18.6688597753918], [82.22526056089157, 18.66885977539181]], [[82.22154729530496, 19.230291440027145], [82.22154729530496, 19.230291440027138], [82.2215709442444, 19.230653917470658], [82.22154729530496, 19.230291440027145]], [[82.21975567371383, 19.238859245035385], [82.21975567371379, 19.23885924503537], [82.22066433856297, 19.237774128419552], [82.21975567371383, 19.238859245035385]], [[82.21453870242428, 18.655079135737658], [82.20118155208654, 18.650775557934733], [82.21178107882753, 18.651351389053318], [82.21453870242428, 18.655079135737658]], [[82.2081577602437, 19.23333830874036], [82.20815776024361, 19.23333830874029], [82.20750685271776, 19.230539771738826], [82.2081577602437, 19.23333830874036]], [[82.16660355181425, 18.649812435029006], [82.17605651343234, 18.633070389299235], [82.17557422464, 18.638950259384103], [82.16660355181425, 18.649812435029006]], [[82.17955942319348, 19.22283266185052], [82.17955942319355, 19.222832661850532], [82.18181870265526, 19.223361811461636], [82.17955942319348, 19.22283266185052]], [[82.16324714303244, 18.66538691733382], [82.16324714303231, 18.665386917333777], [82.1663114944743, 18.653208959273677], [82.16324714303244, 18.66538691733382]], [[82.13544192964136, 18.675874113438354], [82.14334722331591, 18.670437251488067], [82.13993139796975, 18.673606790208282], [82.13544192964136, 18.675874113438354]], [[82.14270004835527, 18.702290117729927], [82.14270004835532, 18.702290117729945], [82.12727500273883, 18.707376663717817], [82.14270004835527, 18.702290117729927]]], [[[87.08729780292765, 20.75714652637369], [87.09424274825399, 20.76496341974577], [87.09503989009009, 20.757454350679513], [87.08729780292765, 20.75714652637369]]], [[[87.07941351699274, 20.744380067041224], [87.072485551866, 20.731344863734673], [87.07450853106666, 20.74685678998111], [87.07941351699274, 20.744380067041224]]], [[[87.07673877664116, 20.77548972692546], [87.06970202052112, 20.788041146206588], [87.07629424214235, 20.794289342009876], [87.07673877664116, 20.77548972692546]]], [[[87.05260495976, 20.733406630948863], [87.06084990468543, 20.738676935213938], [87.0601609305486, 20.734843840116127], [87.05260495976, 20.733406630948863]]], [[[86.99567692639258, 20.807234688020596], [86.99594241142395, 20.792242896554917], [86.99047905851982, 20.80247435652912], [86.99567692639258, 20.807234688020596]]], [[[86.99537886297836, 20.847559876931484], [86.9881501338963, 20.861237924353027], [86.99411076675806, 20.864814122464335], [86.99537886297836, 20.847559876931484]]], [[[86.99160017374724, 20.783459609270892], [86.99051868945912, 20.776517863483825], [86.98590830651219, 20.783050750011988], [86.99160017374724, 20.783459609270892]]], [[[86.87993234537825, 20.78171012783525], [86.9395810557717, 20.7842453407431], [86.95497793995895, 20.77720176375799], [86.87993234537825, 20.78171012783525]]], [[[86.79335379647506, 20.39498275828032], [86.80009721006574, 20.44351719151815], [86.8001565265929, 20.49108531345152], [86.81160736429241, 20.445402406818122], [86.79335379647506, 20.39498275828032]]], [[[86.80411232826772, 20.370291683465364], [86.8092684357843, 20.396780210496836], [86.80740834112073, 20.369460215708532], [86.80411232826772, 20.370291683465364]]], [[[86.78781767921237, 20.36128498610293], [86.79802023724346, 20.371234277743437], [86.78946446949406, 20.35826902532287], [86.78781767921237, 20.36128498610293]]], [[[86.43372455569377, 20.024574278453226], [86.43039886439067, 20.037850067860486], [86.43342365176373, 20.038386561921456], [86.43372455569377, 20.024574278453226]]], [[[86.38936784107949, 19.96351229513194], [86.42368249764273, 20.009957259705285], [86.42747914980883, 20.009457665749558], [86.38936784107949, 19.96351229513194]]]]}}, {"id": "24", "type": "Feature", "properties": {"subdivision_id": "PUNJAB", "name": "Punjab", "n_districts": 20, "area_km2": 49196.828004732284}, "geometry": {"type": "Polygon", "coordinates": [[[75.72053850772502, 29.809311576492345], [75.70798574975356, 29.752239019716537], [75.63586242229128, 29.77039479215368], [75.57918403643001, 29.73986031037512], [75.45466074592035, 29.80537227854602], [75.34541833712882, 29.69149003782424], [75.36048259199377, 29.656861132018133], [75.3277344831293, 29.668347196897525], [75.29042905701742, 29.607785206633434], [75.30586465436953, 29.565685219586847], [75.23315690009804, 29.543881678849925], [75.23102026074793, 29.60432959770307], [75.1676700742503, 29.660662245102166], [75.241050202471, 29.74996045113863], [75.1925259759014, 29.836760703567734], [75.16408901419504, 29.7790813269874], [75.1002121704504, 29.80486680321693], [75.09502722687829, 29.913452287437973], [75.07563052588834, 29.87737292228343], [74.99993896048075, 29.854919150628213], [74.92585402506178, 29.947877135923672], [74.89531037960897, 29.93789168100801], [74.89161492350144, 29.967168439869763], [74.81125481490432, 29.991585770941818], [74.70070764059373, 29.968521507411143], [74.64935845625355, 29.903258034700066], [74.53434818627407, 29.951190468468464], [73.90020871872889, 29.97140461316972], [73.89096293170763, 30.012645300840884], [73.97607107052262, 30.12247890825558], [73.97768339286776, 30.18566541894002], [73.96756127615912, 30.2631767336338], [73.88537465195778, 30.365350139131714], [73.97208585426291, 30.433543345890282], [73.9306076924434, 30.438994697860494], [73.9352026134322, 30.48936955500439], [73.95938853830168, 30.45944155309364], [74.01267484888804, 30.531976535362464], [74.07802083598253, 30.52705488544871], [74.10160280596226, 30.614331620980074], [74.28701606045813, 30.7352731425034], [74.26413000585327, 30.77317985200919], [74.3085349554251, 30.783909593559077], [74.32748482990381, 30.848796151325004], [74.38460541543554, 30.862667328934588], [74.37229435235552, 30.894945702475344], [74.42683112942663, 30.91221548096188], [74.42514794891919, 30.942927928353757], [74.54840839601582, 30.992979832263757], [74.56558438392949, 31.05421180826398], [74.668087125285, 31.05509091446939], [74.7066243568498, 31.09595534911647], [74.68956174870954, 31.131230709472938], [74.63366488565013, 31.13780191966726], [74.60453830433666, 31.134191330193175], [74.60488277610276, 31.08818889854724], [74.56396381094189, 31.086505823801534], [74.51668008767507, 31.13958422459784], [74.53035549045178, 31.316268397036286], [74.60251363037267, 31.42272339756171], [74.65198735371263, 31.41725460720237], [74.65495426729278, 31.46270224764915], [74.57909973219594, 31.502251582308173], [74.61898134418638, 31.570527948811748], [74.48603619663545, 31.72243465210366], [74.56520661153729, 31.755033656515696], [74.56930507996734, 31.82958273584365], [74.61283086849896, 31.886988983140455], [74.8231920407709, 31.956559035382142], [74.87652637767627, 32.04652671267846], [74.92861440035522, 32.06653311598324], [75.01341925884927, 32.0349982666425], [75.13082214166259, 32.08363309348035], [75.1790020341875, 32.06865439768718], [75.21001024426678, 32.11733265685629], [75.26547838345967, 32.10019509824872], [75.32771362824951, 32.21410808030903], [75.37820068527529, 32.2351392462991], [75.38212378978938, 32.26925370856277], [75.32737124385145, 32.297328989619835], [75.34053033328013, 32.343551544248726], [75.48758384346718, 32.340410881206815], [75.51647076149138, 32.276250907952125], [75.5446095688402, 32.34913424952489], [75.72720191327691, 32.41810690322212], [75.88863754906033, 32.57603039690246], [75.86691427030831, 32.50765838234735], [75.94798491139328, 32.41630589916345], [75.85956290799467, 32.37892198753449], [75.75179530237486, 32.27344336676321], [75.6377789804985, 32.234553803003536], [75.6353465038507, 32.1849792434581], [75.67694816554366, 32.16436385383562], [75.59364381322223, 32.08143957028739], [75.70475702441037, 32.06102312023025], [75.9094233201987, 31.94872876029852], [75.98614352310027, 31.81316395291607], [75.93644909177065, 31.815885154222194], [76.16752663989219, 31.411807211283], [76.14893020197346, 31.359538353353603], [76.1866631850899, 31.304390097549728], [76.31004485637213, 31.316670787865995], [76.35068975689799, 31.350441409315742], [76.32995460851971, 31.3999009040563], [76.37736510906839, 31.43883515905764], [76.46230142371222, 31.303191102920533], [76.44512693266641, 31.280058399741826], [76.48075123359304, 31.307384378577197], [76.53208650886903, 31.259367660800855], [76.55121431432126, 31.280995386130353], [76.54893026477919, 31.25237567845639], [76.58456708799034, 31.277143683417687], [76.61564101441697, 31.247833442210183], [76.5945556582293, 31.213259628442202], [76.63995317265308, 31.223949598850588], [76.60428507942315, 31.179727773339074], [76.6031126707068, 31.124516718954684], [76.63952192768137, 31.106984999911006], [76.62364350334335, 31.00090728961523], [76.72617146710324, 30.95990320919343], [76.86015800882824, 30.78869039256882], [76.8147127885641, 30.758973012775016], [76.764221305614, 30.793138870056307], [76.70384626583872, 30.742986202245234], [76.75157026413825, 30.685371197149642], [76.83295176430087, 30.68194633549186], [76.84788090249897, 30.651888887228424], [76.87538670077444, 30.675330776783415], [76.87166463854258, 30.636649901816806], [76.92648891800346, 30.595625857960727], [76.90159671892762, 30.436943751048346], [76.94412125443718, 30.39282337813842], [76.89982875059076, 30.354160523382383], [76.84515217074345, 30.429772938700083], [76.73777314163384, 30.4164335596026], [76.71267018409645, 30.38962752680102], [76.75101934021403, 30.3556102113761], [76.72761104235369, 30.328877902396645], [76.55982767544492, 30.261046536805196], [76.54463494388402, 30.223253032546], [76.5962038115461, 30.252601788787413], [76.65384377898609, 30.185206041848243], [76.54549011497947, 30.078794999773894], [76.46388593591844, 30.096846375386704], [76.42216879252247, 30.198562871868138], [76.39291256203674, 30.17954282150297], [76.40182678127483, 30.123778997969733], [76.33766844859994, 30.145588596767777], [76.36069288647121, 30.123963086442114], [76.33461739225052, 30.104542827014303], [76.2155892827788, 30.155430100879894], [76.20226897949009, 30.131500919320526], [76.26666332789567, 30.10099621120727], [76.20237939945923, 30.01286261170307], [76.21520254405146, 29.940487384114785], [76.1775391028763, 29.925077972692762], [76.19585208616537, 29.8849393427745], [76.25325352312117, 29.8652910648117], [76.12738361778625, 29.79279837329019], [76.0886409737177, 29.802235258912823], [76.05232073271046, 29.745247230107537], [75.94471675136194, 29.729162537470444], [75.87445994966369, 29.749078664830755], [75.83978622774843, 29.80917614955294], [75.72053850772502, 29.809311576492345]], [[76.69059458479911, 30.923624095584174], [76.68556284295819, 30.918457650342955], [76.69303804798936, 30.926132735316514], [76.69059458479911, 30.923624095584174]], [[76.56760013547358, 30.868295536098028], [76.55981565485452, 30.865268830118982], [76.56782620636255, 30.868383426967977], [76.56760013547358, 30.868295536098028]], [[76.53335336652444, 30.76507867119332], [76.53335328820475, 30.765078746278046], [76.5405123095383, 30.758185537451656], [76.53335336652444, 30.76507867119332]], [[76.08288043580498, 30.520584000360472], [76.08288043327612, 30.52058399016538], [76.1022837074739, 30.51995454024027], [76.08288043580498, 30.520584000360472]], [[76.08782100277597, 30.527240363341704], [76.08288043833383, 30.520584010555545], [76.08288043650874, 30.520584003197733], [76.08782100277597, 30.527240363341704]], [[75.5662034511148, 30.147985451642498], [75.5789712780687, 30.143410603420698], [75.57875944301561, 30.14348651783764], [75.5662034511148, 30.147985451642498]], [[74.95385422974182, 30.888259268499926], [74.95212648790678, 30.884329742894273], [74.95517133086275, 30.89125463995359], [74.95385422974182, 30.888259268499926]]]}}, {"id": "25", "type": "Feature", "properties": {"subdivision_id": "RAYALASEEMA", "name": "Rayalaseema", "n_districts": 4, "area_km2": 66537.36755158094}, "geometry": {"type": "Polygon", "coordinates": [[[80.01395091127088, 13.496543846466171], [79.9450508926025, 13.41731087452706], [79.96622923860863, 13.387133731315291], [79.93819896915309, 13.34896132134834], [79.7338513157687, 13.28491408635254], [79.79762909682198, 13.23635884654973], [79.75710669921381, 13.207746624997146], [79.73547476786041, 13.234597293927726], [79.7013817298139, 13.220099234267567], [79.68101951205725, 13.294477708265438], [79.59269676235533, 13.257783522415323], [79.54805862211711, 13.323295039157916], [79.44098983431574, 13.335537298530213], [79.38667823034595, 13.314924657907474], [79.43722730757636, 13.293368022838958], [79.4231248573242, 13.224245409869246], [79.45781585827558, 13.22894087342575], [79.43612969595888, 13.199608466877548], [79.36004400266944, 13.17504052604161], [79.36693034492373, 13.141847295424219], [79.32026522183266, 13.108928062655323], [79.27960779633901, 13.153071457469355], [79.23044411617845, 13.147319581965963], [79.16497560686916, 13.019080774837304], [79.08118017664927, 13.02574438345248], [78.99144764815588, 13.08783367326829], [78.9261572728274, 13.078959238576132], [78.90525269584431, 13.046277771527713], [78.92923220602836, 13.043793384908119], [78.93651726618253, 13.029917930600552], [78.89373250120263, 13.030955703413726], [78.88771160971713, 13.097250083193195], [78.71386947635374, 13.066906137771557], [78.70525062855907, 13.015180362395114], [78.66250047231631, 13.028613716172512], [78.6250477775536, 12.989540125428139], [78.6582757792194, 12.929807013786899], [78.55722572571972, 12.754667512255315], [78.55946890348469, 12.696426902145161], [78.49592560277068, 12.74541696563091], [78.52150425803207, 12.709512512879941], [78.46933013800906, 12.672908026033957], [78.46653957328215, 12.622720937190312], [78.3799089627544, 12.622343222354871], [78.27562732895424, 12.702045916974866], [78.20090900280105, 12.69136189195526], [78.23995665804736, 12.730295277342915], [78.25197438269436, 12.857411662584507], [78.31410571907399, 12.857328527492497], [78.35638346814444, 12.938195959520808], [78.38942014187779, 12.905432705170536], [78.4470139082216, 12.911017002773058], [78.46553617964227, 12.863606880112775], [78.46736741721104, 12.903159915905619], [78.4121429414867, 12.943006309047892], [78.43367637852883, 12.978856183087611], [78.46903096232279, 12.973570822063303], [78.46255622701115, 13.041777514493559], [78.51563346007757, 13.063097827747345], [78.5389798843575, 13.10769663285256], [78.51970887611422, 13.12985824753245], [78.58007119263942, 13.166832793768915], [78.55185169474298, 13.197509078610866], [78.58829522372562, 13.272301167398552], [78.56640179105021, 13.309588036324907], [78.53153449407729, 13.265730501249955], [78.48230585929535, 13.317892431918695], [78.37732504795017, 13.329787092661098], [78.4077291285548, 13.342120655765347], [78.36539172874423, 13.364744175894934], [78.4007040945814, 13.587593179471785], [78.23727743125241, 13.596366809093118], [78.19280550306765, 13.565477241299636], [78.20340599831906, 13.625209730629653], [78.1650923229973, 13.65764339573837], [78.08992243608623, 13.644139095951116], [78.06743215634351, 13.675698365346793], [78.11454636960453, 13.693198273535348], [78.09395500924391, 13.742193415185376], [78.127278875254, 13.78561673153292], [78.11494543683588, 13.862142509028274], [78.04984970920215, 13.895154234434614], [78.04658126521241, 13.861318887292136], [77.99378302151558, 13.870026151095177], [77.95318195535656, 13.828300975886597], [77.98706915260385, 13.955894003189059], [77.92000883445229, 13.905418190239441], [77.89528394440897, 13.939266417184882], [77.82640491410469, 13.942840682455595], [77.83597135231096, 13.868679627095135], [77.72092956411271, 13.798444128216401], [77.71690750940293, 13.740714592129509], [77.65702154591489, 13.783663199715042], [77.6183377052983, 13.763213746548317], [77.6364721997861, 13.73777498294104], [77.5638589328811, 13.724170977512562], [77.52730512972857, 13.751463655032586], [77.52926027915403, 13.695553359916198], [77.49495238295454, 13.714387035411812], [77.45730050512184, 13.683351114775157], [77.46484590036636, 13.804491045472828], [77.41591594162301, 13.806602518803212], [77.43177066225472, 13.842476484113732], [77.25719434674181, 13.846502881190249], [77.24047082148385, 13.901868301644885], [77.18532492588022, 13.866723601018416], [77.18345347239715, 13.924225946606558], [77.16895946791763, 13.86384008039549], [77.13027690885937, 13.85618965460397], [77.16878871043615, 13.827634275597589], [77.1732223690927, 13.761632806909924], [77.06637145162009, 13.745653087347709], [77.0325596168377, 13.778150086268399], [77.01762466043338, 13.739434905111581], [76.97479538024935, 13.816813508053238], [77.04184539633474, 13.93217489035297], [76.93664542707032, 14.029034176037902], [76.9806290284329, 14.071603767071402], [76.93236362377945, 14.13339324893489], [76.88893510143124, 14.137144490216844], [76.89667266465833, 14.165096121795743], [76.94700256753826, 14.195456069956187], [77.02544205186685, 14.178993173239917], [77.02948845682636, 14.05968739474995], [77.12718775692585, 14.048776451978656], [77.153577084784, 13.99831227648505], [77.32016207759241, 14.031769143676602], [77.36060853835117, 13.98938002879863], [77.35527660750563, 13.903678735802918], [77.39894854453578, 13.887126826358196], [77.43277069582454, 13.909324778016487], [77.41475462689132, 13.943305333095601], [77.43770329599666, 13.975990202314872], [77.38258677498972, 13.976227088815392], [77.39025715463563, 14.014449914473742], [77.3329035279556, 14.029908740338849], [77.40222978125813, 14.110442107808844], [77.35120527897735, 14.102935683618746], [77.35435716195352, 14.1312375220898], [77.39638856691725, 14.172188189930312], [77.50743943312212, 14.158092852335297], [77.51733545947643, 14.17914908368425], [77.5030803064188, 14.278741020511315], [77.45028438068576, 14.284437549803986], [77.44896690783214, 14.316602554461756], [77.40134973451795, 14.335905843258729], [77.38146198719255, 14.301942737919475], [77.422372440332, 14.21887654859389], [77.39787190402846, 14.197785177666173], [77.36570283251547, 14.276089875637123], [77.28582021073318, 14.282700454376798], [77.28730108276767, 14.337669861743304], [77.23801297328801, 14.317570343997053], [77.14128322813696, 14.340319971821536], [77.10100219219503, 14.215860241342261], [77.05523054110158, 14.245811080963453], [76.94875301782103, 14.24241683191992], [76.93004045077747, 14.278216771553577], [76.95535379629759, 14.3000879156371], [76.88404840020456, 14.352280314829459], [76.88804297547182, 14.396141266618969], [76.94665222855265, 14.405463354704942], [76.97847605979577, 14.484176175614014], [76.87497322851644, 14.474191205655728], [76.76519029820128, 14.60172911214111], [76.80228856732941, 14.739947944076276], [76.78446667066414, 14.78453761675472], [76.85304568777055, 14.809383014493985], [76.8696791541549, 14.942834463884664], [76.86862612024599, 14.969222729292566], [76.76762021512987, 14.974923217030176], [76.77798354578432, 15.076349752483063], [76.80076760484084, 15.095711467004183], [76.88083336766871, 15.033833525934144], [77.05150878456872, 15.034604011826023], [77.04565246247627, 15.010898657553968], [77.08356988138421, 15.005492377593127], [77.15886920935928, 15.125968425853301], [77.13683517601301, 15.148068422716673], [77.1625181737928, 15.15436895484499], [77.16291413600007, 15.199192535325203], [77.12553735577899, 15.226517770527698], [77.16888391782211, 15.264377307886749], [77.11417339271786, 15.332422217407343], [77.06593832777905, 15.326942357201114], [77.03154401443713, 15.440077027250927], [76.97431948265181, 15.49567036812075], [77.03068505502321, 15.504809601637255], [77.03324016538105, 15.638504951851159], [77.12514806856427, 15.641982234196458], [77.04713233694912, 15.73903823320102], [77.06777820703991, 15.827641802749765], [77.02603620468646, 15.83619220202804], [77.06977204866713, 15.903699988253393], [77.25317352383352, 15.962304868198757], [77.80488927929503, 15.870793510923406], [77.89355423843188, 15.901483051716518], [78.00803887108235, 15.865011764124953], [78.04248305138364, 15.907863440894298], [78.0699838327243, 15.850473212264822], [78.1160069799612, 15.833175517494336], [78.24454970111408, 15.935105856231814], [78.26320241559532, 16.037230265428963], [78.42775769010521, 16.088964103635035], [78.56621465035433, 16.062736692648667], [78.62416119398024, 16.10530404761649], [78.721047975455, 16.033324088012524], [78.78255107973551, 16.03037448073241], [78.8639400232848, 16.16528570817738], [78.93326507225152, 16.069791848974205], [78.91073838079264, 15.976422011772783], [78.8059977533893, 15.845317623245597], [78.7500009219101, 15.182395161354853], [78.92322073201251, 15.196416032183079], [78.94955215346559, 15.23713168700175], [78.97060922510607, 15.172305363057221], [79.06807540367538, 15.176303655385626], [79.07301273307888, 14.961754358047358], [79.17691186008088, 14.713846831671573], [79.17938688168788, 14.62177960034737], [79.3174532416581, 14.469258670283168], [79.42907828491329, 14.248748878008678], [79.44445912833486, 13.888928242378817], [79.58908423378966, 13.918590488772235], [79.61560619114523, 13.848689423984213], [79.6704830388482, 13.83447627112166], [79.68188365199542, 13.922845531663006], [79.7718909976428, 13.849482120215905], [79.81189212878473, 13.924149753022323], [79.84272376917109, 13.855516732239764], [79.88312178881567, 13.855008096006939], [79.85294956089496, 13.767103741243888], [79.87152751734153, 13.707526308228253], [79.95866670633487, 13.706817627815228], [79.96853962037967, 13.652366711048268], [80.04665182795033, 13.575433145331571], [80.04200309276749, 13.536560453358458], [80.00173595851136, 13.531888438094148], [80.04859967102215, 13.497518646984604], [80.01395091127088, 13.496543846466171]], [[79.84137087988807, 13.326371665587896], [79.84607271942144, 13.322952567816754], [79.84505500058654, 13.330697349430663], [79.84137087988807, 13.326371665587896]]]}}, {"id": "26", "type": "Feature", "properties": {"subdivision_id": "SAURASHTRA_KUTCH", "name": "Saurashtra, Kutch & Diu", "n_districts": 9, "area_km2": 97775.56837428581}, "geometry": {"type": "MultiPolygon", "coordinates": [[[[72.3454139938249, 21.602350999319906], [72.36514199413998, 21.597639999442215], [72.35874899370381, 21.579860999843547], [72.3454139938249, 21.602350999319906]]], [[[72.34764099439798, 21.92902899967385], [72.3568049936522, 21.931248999562], [72.36041999456862, 21.92458399980325], [72.34764099439798, 21.92902899967385]]], [[[70.18042182099634, 21.035696030199738], [69.77820014174013, 21.457914353481314], [69.7876377028394, 21.45153236504875], [69.79985999311978, 21.452081681409048], [69.80486487535651, 21.464029313694358], [69.77514075394215, 21.459859849389545], [69.21679877443451, 21.95819282705755], [68.95736884303048, 22.237653734881366], [68.93653296657583, 22.314310076014536], [68.98457907774846, 22.414304735499982], [69.0673618237584, 22.48014259526127], [69.04374884698422, 22.432638170698556], [69.06930731896445, 22.395696642058745], [69.19403266050547, 22.423749926156564], [69.1579151077393, 22.31291771136382], [69.23263739753887, 22.257917406783715], [69.31986045063918, 22.29125023104673], [69.33429907941415, 22.330419542289555], [69.48847388471809, 22.337919237149155], [69.52375220563532, 22.38569450567141], [69.49819373412774, 22.43569374304545], [69.5506992273031, 22.404863359852026], [69.56180762558478, 22.355695725709054], [69.59124945916057, 22.360971452348874], [69.57180976187595, 22.334306717851636], [69.57569312384648, 22.31903267034403], [69.69930457313052, 22.39597129981547], [69.69790839472728, 22.44292259321406], [69.67180442141999, 22.43930626049759], [69.67180442087904, 22.45070076126574], [69.72820472046202, 22.4737529772699], [69.79763983934262, 22.399858475995778], [69.83458899748574, 22.47543144379739], [69.86042212753217, 22.446805955159903], [69.91402625306135, 22.45625114584629], [69.91319464917773, 22.489583970940348], [69.93818854540324, 22.51375007756733], [69.95735739915092, 22.495416642637036], [69.94597052869507, 22.528474809352442], [69.97625159478126, 22.543195725885166], [70.16291999088462, 22.551530839489036], [70.24292182215915, 22.662641526589315], [70.25319861684515, 22.692922593271728], [70.23847006998454, 22.701810837926665], [70.25514411194975, 22.706533433161155], [70.25291632937406, 22.733472825795136], [70.30319403942119, 22.757638933013933], [70.3537387778134, 22.870702744805868], [70.42347144464888, 22.93263816969007], [70.47152900057094, 23.01236152748958], [70.49347113925326, 23.07514000090638], [70.43792151839807, 23.062643052240354], [70.40125464784887, 23.030702592268916], [70.3868045741538, 22.948194505520068], [70.34764289290695, 22.930418016287224], [70.19936354731718, 22.992975984847163], [70.22513770387258, 22.960138322487], [70.16179847051774, 22.942640306066675], [70.11985968794676, 22.964582445970454], [70.13402747391186, 22.984861375947634], [70.12902640538977, 22.992086413122035], [70.14347266476274, 23.009031298344986], [70.1412525103243, 23.01257532823194], [70.11207770608983, 22.971532824328257], [70.12652777947511, 22.946527483122356], [70.11097144382092, 22.952642443006525], [70.10125159492102, 22.94180870274192], [70.0954112932019, 22.95097542037298], [70.09097480092007, 22.952642443390456], [70.09986304489175, 22.938192369840987], [70.13903235638632, 22.941251757107864], [70.13207816341905, 22.924581528766108], [69.80155877862168, 22.850623155956086], [69.70514106017582, 22.727918627110906], [69.63375281563219, 22.795419695311615], [69.63458442019524, 22.77736473320655], [69.64125251080245, 22.76653099327523], [69.60136331788698, 22.757679960297835], [69.5551395347632, 22.792360308090053], [69.46958350436685, 22.773748400498594], [69.35569953204708, 22.828752520365075], [69.19069861682982, 22.84124946838584], [68.75930976162779, 23.08041954353552], [68.58513831349765, 23.22182274152525], [68.5990314413147, 23.240419391258524], [68.6012515950615, 23.218469623161212], [68.6306934279, 23.213193896754326], [68.60375403613571, 23.242929461752563], [68.67180823553772, 23.27013969704463], [68.6295947954792, 23.295141223220515], [68.68430518377765, 23.300416949880002], [68.69476965458892, 23.30986214020282], [68.65014075495623, 23.30430794089425], [68.64457511199956, 23.32264137544616], [68.62458228333233, 23.339029315152864], [68.63485907786712, 23.339311603038503], [68.63709067529479, 23.346250537361993], [68.63319586970948, 23.352083209462354], [68.60013770377711, 23.38458442997492], [68.60319709036276, 23.359308246088272], [68.58097266420371, 23.38986015672304], [68.57068824078922, 23.375131609999443], [68.56041907528594, 23.41930961962223], [68.50235938336297, 23.465421679870634], [68.51902961051597, 23.48903084081669], [68.50375556211712, 23.505971911794195], [68.49180793052719, 23.50097084349414], [68.49903296731996, 23.515142443814575], [68.48401831849587, 23.54818916604771], [68.4973621292124, 23.547361377170795], [68.48735999361382, 23.57791710179326], [68.49485968845818, 23.607641222815996], [68.48903083023242, 23.63541984862841], [68.76125525708233, 23.875421527557773], [68.60375403676524, 23.85014152820006], [68.52903174653987, 23.75542259560479], [68.53736304538923, 23.815141681041293], [68.51513861917583, 23.824861530099383], [68.66319464882717, 23.91736030894743], [68.62097357926004, 23.90625191020872], [68.59596823952732, 23.94180488891658], [68.5615329666396, 23.92347145356955], [68.55903052574065, 23.932085040730673], [68.53736304470513, 23.94736290311491], [68.75255316774128, 23.967370934369963], [68.76167782019355, 24.292084471013098], [68.82433741749126, 24.31675771998925], [68.86791827244053, 24.21192750449953], [68.94317492630721, 24.302120570953097], [69.0051907438363, 24.223190692766586], [69.09201412401478, 24.27233445859982], [69.192768259995, 24.237929034220336], [69.30863075757685, 24.28070584267763], [69.58786986404711, 24.29132625914717], [69.73009270114652, 24.171839016589107], [70.01647397078995, 24.169912895153214], [70.06560026181307, 24.198072472742176], [70.10926246221646, 24.294571679615256], [70.57357694699263, 24.421688958045888], [70.6000265541349, 24.408246064372594], [70.55990815370049, 24.352381661867454], [70.57605174173567, 24.252226834940007], [70.66956958767985, 24.220318727305386], [70.83392031118375, 24.228845987863693], [70.90659020031238, 24.26145464402814], [70.874009490937, 24.297280318938835], [70.94904801121423, 24.352516171207803], [71.03679768593439, 24.353276894554565], [71.12182770604024, 24.40745176341418], [71.10902040488314, 24.436773038447562], [70.9972762091223, 24.4483895801985], [70.98820833298892, 24.547589122435074], [71.01074819538886, 24.636737605605923], [71.0978205635068, 24.68657656985519], [71.31347051664032, 24.58796469885537], [71.25960430476917, 24.511981195635656], [71.34931732184918, 24.517659713421903], [71.33037921732941, 24.39526624699382], [71.3823695127041, 24.39329203855388], [71.39507817658867, 24.349153147264843], [71.32183665373898, 24.321848504995685], [71.31213438468131, 24.25481185142901], [71.28963075870843, 24.260582731517115], [71.33857572843972, 24.182485683215514], [71.37171435645325, 24.189865566820856], [71.3231299952669, 24.14825857895414], [71.27626671613031, 24.161794190493005], [71.27878369783822, 24.133765111918706], [71.34338706365719, 24.118803169132807], [71.28617990953514, 23.99842077871844], [71.3161236205084, 23.981645606207337], [71.29896835047658, 23.928840423484136], [71.1001445548615, 23.900807076649308], [71.04287816812426, 23.79816769258595], [71.0707116650326, 23.730434869970832], [71.0375531820544, 23.63670673224835], [71.08494306283198, 23.599100875571676], [71.13930359059576, 23.6288694392028], [71.17821308596233, 23.71062681388125], [71.14665548401037, 23.730123606483453], [71.20961922356534, 23.732433492502814], [71.22834213882827, 23.65724454332723], [71.37784692722542, 23.649793844167306], [71.39345854779286, 23.60387194696978], [71.42183203676784, 23.627654807181987], [71.42185475008765, 23.567303579073386], [71.47008675493703, 23.557380339341044], [71.44836055822405, 23.472136905244838], [71.51789023041226, 23.52832357477999], [71.50860947766085, 23.475499905209503], [71.59480216330664, 23.504316384766213], [71.7274023335574, 23.495134676078205], [71.77825103594765, 23.457656222267715], [71.76029619006096, 23.418040508453295], [71.78546463587949, 23.40113338033967], [71.95147539181515, 23.52549784011879], [71.99969032878134, 23.50365613033924], [71.9592242958402, 23.393375917600974], [71.874417196223, 23.38347949470969], [71.89546710695986, 23.332879745225032], [71.8746547133776, 23.22749891239201], [71.92799752237894, 23.26947290881558], [71.94754241298669, 23.24209989568453], [71.99895553209494, 23.249400380482072], [71.99033678979247, 23.215709690421665], [71.91001754190249, 23.18086096045147], [71.90075448380053, 23.110476071566698], [71.94962760906255, 23.03957981702284], [71.98128023664027, 23.068664435665806], [72.01575360875964, 23.056246006945628], [71.98339989795281, 22.85550367764607], [72.0237848789156, 22.790848707881903], [72.0351054597317, 22.84258653785408], [72.0568592537398, 22.747391510274735], [72.10637840941529, 22.72049105513484], [72.08977856617066, 22.675561664349964], [72.02678004303976, 22.679191491809394], [72.06513680239783, 22.59388075621291], [72.1163038854882, 22.598759212567852], [72.18689188094707, 22.541674618787848], [72.14280661052118, 22.51421265424289], [72.16120127781113, 22.479450132794838], [72.08439514444883, 22.437249588047944], [72.05025888744481, 22.44443394310315], [72.03109220972841, 22.50635307383136], [71.93424170578464, 22.537570798185325], [71.90678645215533, 22.483042115867732], [71.96115727548995, 22.469443593406353], [71.92298449131671, 22.449357306196816], [71.92710231793309, 22.37828898844165], [71.89056621960107, 22.418875887946022], [71.83178344926156, 22.355792194124668], [71.82708439160243, 22.392981750869236], [71.7340635280863, 22.36067406093502], [71.70282945431802, 22.396160826822126], [71.64287360480868, 22.399396673058195], [71.60733972656784, 22.338232891332407], [71.64937213000493, 22.24697420567008], [71.62085176807547, 22.2187169830904], [71.73399102240433, 22.182037648256582], [71.7581732280411, 22.133096475247346], [71.8406866913751, 22.131000689391893], [71.85056679263093, 22.095420559059903], [71.90620801654336, 22.12477152614138], [72.01912031120017, 22.103639810913695], [72.03190680118993, 22.123646152397725], [72.16906786542717, 21.997056386920786], [72.22735785886752, 21.988507678130404], [72.19180106497605, 21.942361832091716], [72.14653205311595, 21.983472824305004], [72.14708899895656, 21.954862595037948], [72.19014167216349, 21.937082290946254], [72.22014045167458, 21.94791984620703], [72.25319861806085, 21.89736366213082], [72.264581674823, 21.740419387094207], [72.24708747240965, 21.790971755324083], [72.20319556571009, 21.824861526429526], [72.19708442078165, 21.827360152719223], [72.18931006785327, 21.82819938616818], [72.1854152620322, 21.827360152555674], [72.18291663570297, 21.82375144927228], [72.24124717171969, 21.787363052118298], [72.30569648195222, 21.627363204928773], [72.23513984099273, 21.45652961674591], [72.0929126429887, 21.287363052582577], [72.08125495296629, 21.24847221376122], [72.11374854459646, 21.19652748082367], [71.80208777704799, 21.06292152393764], [71.80681037263845, 21.037916182802874], [71.5148639609034, 20.9481945032005], [71.43818854573827, 20.86874961846737], [71.37790870021162, 20.874029159422243], [71.06540869982359, 20.73375129701018], [70.92195312344123, 20.744351695359924], [70.87486457012514, 20.726804732714204], [70.86319541142086, 20.754861831216527], [70.85291480220945, 20.754030227542007], [70.87403296687518, 20.704862594423243], [70.83819770043792, 20.690141677147242], [70.439027778849, 20.85264015217187], [70.18042182099634, 21.035696030199738]]], [[[72.2945880835152, 22.022642136519753], [72.27098273642653, 21.967641831088816], [72.27903174794189, 21.954862595577705], [72.27514075679679, 21.929861068116125], [72.2601413670448, 21.972855855559192], [72.2945880835152, 22.022642136519753]]], [[[72.26763799412292, 21.73653099924447], [72.28263999425917, 21.73458200010105], [72.28763599450906, 21.707361999984606], [72.26763799412292, 21.73653099924447]]], [[[72.26319199409438, 21.740689999401944], [72.2631919944609, 21.74069597965632], [72.26319498131963, 21.7406900523393], [72.26319199409438, 21.740689999401944]]], [[[72.26180399394012, 21.743194999618755], [72.26180399375801, 21.743449927939288], [72.26193248142962, 21.7431949993613], [72.26180399394012, 21.743194999618755]]], [[[72.26152799367776, 21.74347099988128], [72.26158590748719, 21.743882624325344], [72.26179240794207, 21.743472915575705], [72.26152799367776, 21.74347099988128]]], [[[72.26097199420865, 21.744304999377288], [72.26041399443935, 21.746207720402982], [72.26150700915045, 21.744039163812978], [72.26097199420865, 21.744304999377288]]], [[[72.25833982674322, 21.75125059109377], [72.25624999443104, 21.75430599985811], [72.25598099370025, 21.756678389110817], [72.25823246307829, 21.752321451784518], [72.25833982674322, 21.75125059109377]]], [[[72.25591346219304, 21.75680906860278], [72.25541799457365, 21.757083999380225], [72.25541799415757, 21.75776783130207], [72.25591346219304, 21.75680906860278]]], [[[72.25514199385421, 21.758188999938216], [72.25514199443286, 21.758307574779913], [72.25520052282538, 21.75819005982445], [72.25514199385421, 21.758188999938216]]], [[[72.25485899431611, 21.758749999289392], [72.25485899367825, 21.758875776674287], [72.25492163940697, 21.758749999759644], [72.25485899431611, 21.758749999289392]]], [[[72.25477620424746, 21.759041999648097], [72.25430299418225, 21.759311000099732], [72.25430299375834, 21.759992088183918], [72.25477620424746, 21.759041999648097]]], [[[72.24958099384793, 21.773470999976514], [72.2495809940726, 21.773836977249157], [72.24974839975076, 21.77347099990541], [72.24958099384793, 21.773470999976514]]], [[[72.24947724868755, 21.774063780959857], [72.2493049940088, 21.77402699926573], [72.24930916285635, 21.7744132983733], [72.24947724868755, 21.774063780959857]]], [[[72.24909385683603, 21.774860999820188], [72.24903199437192, 21.77486099978692], [72.24903199440656, 21.774989635139914], [72.24909385683603, 21.774860999820188]]], [[[72.22513517121045, 22.005571916552736], [72.2304172458297, 21.996252060254054], [72.2290286954435, 21.99340879344895], [72.22513517121045, 22.005571916552736]]], [[[72.1029139943077, 21.27431099969166], [72.1001359943253, 21.265970999617224], [72.09902999390209, 21.265409999667394], [72.1029139943077, 21.27431099969166]]], [[[71.71042060210371, 20.999582290541213], [71.70819281851826, 20.996530532021698], [71.70597266480483, 20.99847221313907], [71.71042060210371, 20.999582290541213]]], [[[71.69986151932538, 20.9995822905278], [71.70375251087903, 20.995138167568633], [71.69542121216666, 20.99681282036189], [71.69986151932538, 20.9995822905278]]], [[[70.87347602099165, 20.709863662499618], [70.96013831270945, 20.736249922917], [70.99764441674178, 20.714029311572148], [70.87347602099165, 20.709863662499618]]], [[[70.4818029934872, 23.062085001683627], [70.45958599426348, 23.04432100107474], [70.44625099400726, 23.025138001849193], [70.46180599405965, 23.05375000143149], [70.4818029934872, 23.062085001683627]]], [[[70.47013899375096, 23.06097300158937], [70.46097699380253, 23.05541600103304], [70.46013599426392, 23.056262001509634], [70.47013899375096, 23.06097300158937]]], [[[70.46013599395276, 23.0559720018578], [70.45735999366485, 23.05013800187799], [70.44958599350483, 23.043193001146086], [70.4573599936321, 23.055141001532917], [70.45485699425265, 23.055141001651975], [70.45181199348846, 23.05264000173118], [70.45041699346585, 23.052360001635638], [70.44959199416661, 23.052640001355016], [70.45541299379197, 23.05680400151597], [70.46013599395276, 23.0559720018578]]], [[[70.45513999370496, 22.995701001347225], [70.44264299355956, 22.9801410017282], [70.43263999430965, 22.978751001324497], [70.45513999370496, 22.995701001347225]]], [[[70.45347599399963, 23.05319400181486], [70.45181199426185, 23.05097000190269], [70.45014199371334, 23.050138001218365], [70.45152999398229, 23.052360001603617], [70.45347599399963, 23.05319400181486]]], [[[70.45236199426162, 23.060421001530383], [70.44902699402223, 23.057921001133703], [70.44596899381774, 23.058195001409466], [70.45236199426162, 23.060421001530383]]], [[[70.44847099399334, 23.050420001379518], [70.43430399441418, 23.013749001280367], [70.41375099376855, 22.989850001276398], [70.41457999350398, 23.019310000978145], [70.44847099399334, 23.050420001379518]]], [[[70.42901599430101, 23.046530001087525], [70.42958199342715, 23.03458000158266], [70.41457999423375, 23.022638001882903], [70.42901599430101, 23.046530001087525]]], [[[70.24680518415826, 22.691804887138215], [70.24263953478876, 22.686811448238668], [70.24180793037488, 22.689584733553108], [70.24680518415826, 22.691804887138215]]], [[[70.24652799299234, 22.714583001147986], [70.24346999315695, 22.71236100177678], [70.24318699333192, 22.720139001607375], [70.24652799299234, 22.714583001147986]]], [[[70.24375199270706, 22.68431100174782], [70.23930299297187, 22.681804001434642], [70.23874699334964, 22.683473001378868], [70.24375199270706, 22.68431100174782]]], [[[70.23569499331012, 22.68458300154544], [70.2381979929035, 22.682082001276694], [70.23458099315604, 22.684311001379584], [70.23569499331012, 22.68458300154544]]], [[[70.21569799267516, 22.646811001416502], [70.22096999271965, 22.643472001681214], [70.22041399288585, 22.64014000093612], [70.21569799267516, 22.646811001416502]]], [[[70.18930799332446, 22.59986000174186], [70.19123899320313, 22.597640001495527], [70.18875199252925, 22.598472001493818], [70.18930799332446, 22.59986000174186]]], [[[70.1812509927357, 22.583749001592025], [70.18319799314793, 22.580971001507802], [70.18013699290796, 22.58152900128957], [70.1812509927357, 22.583749001592025]]], [[[70.0420759929445, 22.5701400016302], [70.04458499288052, 22.56791600121843], [70.04207599274852, 22.5673600010738], [70.0420759929445, 22.5701400016302]]], [[[70.03930699307617, 22.56792100184003], [70.04069499254501, 22.564584000912127], [70.03875099294059, 22.564306000941684], [70.03930699307617, 22.56792100184003]]], [[[70.01013899329897, 22.59263800149605], [70.02708399300913, 22.56791600113026], [69.95791699271611, 22.54958000118981], [69.96514199292797, 22.577921001517208], [70.01013899329897, 22.59263800149605]]], [[[70.01847099314966, 22.558471001297274], [70.01956999273484, 22.553462001754696], [70.01264099249276, 22.55402700169245], [70.01847099314966, 22.558471001297274]]], [[[70.02374999264426, 22.55319500162405], [70.01985899287452, 22.547917001654046], [70.01152899313513, 22.5495830012352], [70.02374999264426, 22.55319500162405]]], [[[70.00068699278042, 22.552361001559262], [70.00485999267964, 22.549031001385263], [69.99597099343103, 22.548751001421817], [70.00068699278042, 22.552361001559262]]], [[[69.95319399319355, 22.595416001261412], [69.9581899933532, 22.603751001692892], [69.9637539925278, 22.599028001138127], [69.95319399319355, 22.595416001261412]]], [[[69.95929799276558, 22.543750001647382], [69.96319499260885, 22.541521001436774], [69.95403299315747, 22.53597200108397], [69.95929799276558, 22.543750001647382]]], [[[69.95513799279725, 22.53597200094926], [69.95374999322509, 22.532640001279738], [69.95236899312177, 22.5326400015392], [69.95513799279725, 22.53597200094926]]], [[[69.94180299315609, 22.55042100141601], [69.95319399326155, 22.536806001743216], [69.93875099330164, 22.538481000977985], [69.94180299315609, 22.55042100141601]]], [[[69.94486199328732, 22.532361001493307], [69.94541999306982, 22.529583001043193], [69.94347399318595, 22.53208300143981], [69.94486199328732, 22.532361001493307]]], [[[69.92013499289459, 22.55208300098684], [69.94152699326817, 22.517916001449663], [69.89652999264341, 22.511806001318003], [69.86235699272508, 22.527081001148613], [69.92013499289459, 22.55208300098684]]], [[[69.82290799272629, 22.854859002046553], [69.82267171613269, 22.85485900247408], [69.8229079928833, 22.854966781129846], [69.82290799272629, 22.854859002046553]]], [[[69.82085439745927, 22.854030003138668], [69.82125099285838, 22.8542109195817], [69.8212509926353, 22.854030002626768], [69.82085439745927, 22.854030003138668]]], [[[69.81680399282445, 22.85208300238817], [69.81583640672461, 22.852081016483435], [69.81709299269866, 22.85256521723329], [69.81680399282445, 22.85208300238817]]], [[[69.63097571570363, 22.761251451671747], [69.66652869503872, 22.753194811063263], [69.66652869450036, 22.750692369413365], [69.63097571570363, 22.761251451671747]]], [[[69.62927560432459, 22.45847179617274], [69.65708199247125, 22.42819400169172], [69.63652899251348, 22.406530000944567], [69.58819499300358, 22.437080002071095], [69.62927560432459, 22.45847179617274]]], [[[69.63708686127096, 22.779306413880338], [69.6359729697993, 22.775972368505975], [69.63541602394791, 22.779584887157903], [69.63708686127096, 22.779306413880338]]], [[[69.48263499334671, 22.398749001862367], [69.48680799298442, 22.38847100236403], [69.48042399240428, 22.388471002156884], [69.48263499334671, 22.398749001862367]]], [[[69.44097199324713, 22.357085001973324], [69.45375099291122, 22.350694002029694], [69.43736199276294, 22.354306002287554], [69.44097199324713, 22.357085001973324]]], [[[69.40374699278142, 22.532640002603998], [69.4056999925461, 22.52514100200758], [69.40207699248353, 22.525422002211045], [69.40374699278142, 22.532640002603998]]], [[[69.33513599265184, 22.507359002246307], [69.35124999280882, 22.526541001982224], [69.36374599268342, 22.512362002020346], [69.33513599265184, 22.507359002246307]]], [[[69.33486299207469, 22.38903100210705], [69.33347199170883, 22.372640002581203], [69.32263999207746, 22.380138002172338], [69.33486299207469, 22.38903100210705]]], [[[69.30124799155328, 22.452918001932012], [69.3245859930125, 22.469583002616865], [69.32680599237652, 22.457082002607216], [69.30124799155328, 22.452918001932012]]], [[[69.31041699201202, 22.30625100264298], [69.31041699143273, 22.303194002166805], [69.30928799209525, 22.30513800250334], [69.31041699201202, 22.30625100264298]]], [[[69.28013599187841, 22.417922002370336], [69.27819899193328, 22.41542100218192], [69.27763999200863, 22.417083002170514], [69.28013599187841, 22.417922002370336]]], [[[69.27791599188086, 22.420141002165348], [69.27791599229688, 22.41819300210988], [69.2751379915389, 22.419031002429055], [69.27791599188086, 22.420141002165348]]], [[[69.21485899193777, 22.384309001914243], [69.21347099167428, 22.382360001955746], [69.2123639921503, 22.384582002323015], [69.21485899193777, 22.384309001914243]]], [[[69.20236299197356, 22.38653100224839], [69.19958399188477, 22.387083001806477], [69.20236299160644, 22.387641001839935], [69.20236299197356, 22.38653100224839]]], [[[69.19541799191482, 22.37458400173469], [69.19402999191824, 22.367639002570606], [69.1898569922279, 22.369583002236077], [69.19541799191482, 22.37458400173469]]], [[[69.18569099153373, 22.367083001799532], [69.18263899152913, 22.36681000216566], [69.1829149921225, 22.367639001775917], [69.18569099153373, 22.367083001799532]]], [[[69.14236399206433, 22.477083002475332], [69.1462479916609, 22.46264000257821], [69.11096899156345, 22.46403100243731], [69.08376299147874, 22.422081001909017], [69.09348399157614, 22.461531002473922], [69.14236399206433, 22.477083002475332]]], [[[69.14208199164241, 22.457640002430896], [69.14069399205752, 22.454584002026195], [69.14152599176334, 22.457640002241938], [69.14208199164241, 22.457640002430896]]], [[[69.08598299196039, 22.48903100185721], [69.08597599216584, 22.48597200183797], [69.08402999184248, 22.48513800229007], [69.08598299196039, 22.48903100185721]]], [[[68.70263699247198, 23.85041500350991], [68.7106939927897, 23.84986100311584], [68.71041799260149, 23.848751003376762], [68.70263699247198, 23.85041500350991]]], [[[68.69790599266103, 23.853200002837443], [68.69680699236723, 23.849030002910208], [68.69486299259658, 23.84931000321575], [68.69790599266103, 23.853200002837443]]], [[[68.65819599259505, 23.27125000285069], [68.66013999233769, 23.267916003349672], [68.65680599279234, 23.269311002726084], [68.65819599259505, 23.27125000285069]]], [[[68.63346799252578, 23.3076390028151], [68.64263899231129, 23.314030002682436], [68.64624699221987, 23.307359003463077], [68.63346799252578, 23.3076390028151]]], [[[68.63930499229375, 23.318472002788443], [68.64375299263847, 23.317920002855182], [68.64180699278639, 23.315416003312418], [68.63930499229375, 23.318472002788443]]], [[[68.62847199312134, 23.35097200331129], [68.63569699282857, 23.34542000350244], [68.63430899280831, 23.342359003463933], [68.62847199312134, 23.35097200331129]]], [[[68.63402599316906, 23.315696003119054], [68.63041599248965, 23.312915003535434], [68.63152999265627, 23.31764000329722], [68.63402599316906, 23.315696003119054]]], [[[68.63236199301778, 23.31875000315657], [68.63124799274588, 23.32098100306994], [68.63181299233747, 23.321250003272674], [68.63236199301778, 23.31875000315657]]], [[[68.62625199225035, 23.321250003461323], [68.62985999301166, 23.31374900280724], [68.62735699233298, 23.31153200356083], [68.62625199225035, 23.321250003461323]]], [[[68.62902799227503, 23.285418003059988], [68.62791299263343, 23.289306003385537], [68.62874499229366, 23.290140003323234], [68.62902799227503, 23.285418003059988]]], [[[68.62486199291084, 23.32486300277795], [68.62930399279018, 23.32319400344298], [68.6290279927937, 23.321530002946798], [68.62486199291084, 23.32486300277795]]], [[[68.57485999237946, 23.373194003337726], [68.58957599270724, 23.374030002854035], [68.59485699264886, 23.359029002915175], [68.61069499310297, 23.351804002793585], [68.60679699282183, 23.363751002905648], [68.60874999232188, 23.364312002893765], [68.61819499316096, 23.328195003313276], [68.57485999237946, 23.373194003337726]]], [[[68.59430799238172, 23.304861003533162], [68.60930699259379, 23.31680600299093], [68.6187509931869, 23.299311002920206], [68.59430799238172, 23.304861003533162]]], [[[68.55902899269721, 23.31264200278021], [68.61207599253137, 23.296531003183723], [68.61486099304814, 23.271531002880238], [68.57236399246017, 23.260974003555372], [68.57402799243037, 23.24514100349605], [68.54096899294831, 23.265694003279123], [68.55902899269721, 23.31264200278021]]], [[[68.60346999285858, 23.225695003073717], [68.61374599310837, 23.222085003480487], [68.6129239925429, 23.221251003142104], [68.60346999285858, 23.225695003073717]]], [[[68.5934759923481, 23.80347200285269], [68.60151599228303, 23.795971003187002], [68.59513899258506, 23.7968050027602], [68.5934759923481, 23.80347200285269]]], [[[68.59791499303186, 23.360971003545743], [68.59625199277572, 23.359307003013015], [68.595968992487, 23.360419003165102], [68.59791499303186, 23.360971003545743]]], [[[68.5976419925284, 23.26069300317144], [68.59458099287093, 23.2595810034621], [68.5937489923833, 23.26208400300422], [68.5976419925284, 23.26069300317144]]], [[[68.59652699247917, 23.812641003098364], [68.5943079923809, 23.810138002962052], [68.5934759928499, 23.812085002908727], [68.59652699247917, 23.812641003098364]]], [[[68.53736099224847, 23.942640002887533], [68.55847299246823, 23.923195003225874], [68.58875299310444, 23.91681100333916], [68.53263899298064, 23.876252003181133], [68.52208599240068, 23.856250003304652], [68.49096699271226, 23.86625100304558], [68.53736099224847, 23.942640002887533]]], [[[68.57791799274486, 23.38513900301297], [68.58625099230235, 23.380141003034844], [68.58708999281129, 23.375970002804323], [68.57791799274486, 23.38513900301297]]], [[[68.56957899238574, 23.359029003231367], [68.57569199318266, 23.353751002826844], [68.57569199245344, 23.352360002843508], [68.56957899238574, 23.359029003231367]]], [[[68.54541799230141, 23.40264000321368], [68.56735899256748, 23.37597200356711], [68.55569399271823, 23.360417003304725], [68.54624999314288, 23.396806003202222], [68.5279159926524, 23.391810003067008], [68.54541799230141, 23.40264000321368]]], [[[68.56319499296391, 23.344862003023408], [68.56263699288397, 23.341810003107963], [68.56096599304165, 23.34209100310272], [68.56319499296391, 23.344862003023408]]], [[[68.55790699236543, 23.409309003544344], [68.55542099281352, 23.40514100354173], [68.55124599249909, 23.404306002733094], [68.55790699236543, 23.409309003544344]]], [[[68.55542099309963, 23.341250003518848], [68.5529179924842, 23.340974003363872], [68.55680899272664, 23.34181000298373], [68.55542099309963, 23.341250003518848]]], [[[68.55680899271788, 23.402640003181457], [68.55291799245886, 23.404031002931028], [68.55680899231633, 23.403194002867323], [68.55680899271788, 23.402640003181457]]], [[[68.54985799240163, 23.34153000307394], [68.54596699298054, 23.338471002732096], [68.54513499278349, 23.33875200349018], [68.54985799240163, 23.34153000307394]]], [[[68.54985799227332, 23.41486100296898], [68.54736399239628, 23.409861003085666], [68.54152699288277, 23.405430003562262], [68.54985799227332, 23.41486100296898]]], [[[68.54207699237598, 23.34153000316342], [68.54152699287587, 23.337081003124016], [68.54041299223815, 23.339310003294045], [68.54207699237598, 23.34153000316342]]], [[[68.53514099274604, 23.385419002789863], [68.54152699290734, 23.38181100320776], [68.54291499256986, 23.38013800333493], [68.53542399285274, 23.380701003279437], [68.53514099274604, 23.385419002789863]]], [[[68.5407019929259, 23.377640003119694], [68.53930699285078, 23.37486000312448], [68.53791699254968, 23.375129003431788], [68.5407019929259, 23.377640003119694]]], [[[68.50235799293365, 23.323750002888612], [68.52764099279784, 23.33708300299454], [68.53763699245698, 23.318470003126745], [68.50235799293365, 23.323750002888612]]], [[[68.53041899265331, 23.382917003025756], [68.53208299263487, 23.380695002980683], [68.53542399258026, 23.37125000293688], [68.53041899265331, 23.382917003025756]]], [[[68.53180699281197, 23.872922002898], [68.53485899291368, 23.864860002924324], [68.52402599293131, 23.858472003486046], [68.53180699281197, 23.872922002898]]], [[[68.52513799235426, 23.344030003230888], [68.5320829922173, 23.339305003486633], [68.52124799309875, 23.343472003380544], [68.52513799235426, 23.344030003230888]]], [[[68.52014199298658, 23.395415002757762], [68.5273579924934, 23.39903000282525], [68.527357992821, 23.386249002947935], [68.52014199298658, 23.395415002757762]]], [[[68.5029069922401, 23.42931100338076], [68.51902799296451, 23.449030002850673], [68.52596999242253, 23.442083002749275], [68.52652799320124, 23.43819500302858], [68.5029069922401, 23.42931100338076]]], [[[68.52569599292478, 23.949530002889045], [68.52152999270263, 23.945416003092195], [68.51457899280108, 23.94958300342127], [68.52569599292478, 23.949530002889045]]], [[[68.50096799275458, 23.829860003357915], [68.51680799300118, 23.754580003064447], [68.48763899227446, 23.73708100286191], [68.48819799287384, 23.748472002968885], [68.46541599256997, 23.77542000276837], [68.47680699226399, 23.740691003539485], [68.43736199268976, 23.739312003300153], [68.44790699256313, 23.806531003384855], [68.50096799275458, 23.829860003357915]]], [[[68.49652799286528, 23.966530003124685], [68.5184719930906, 23.92430500306986], [68.43235699270515, 23.852084003147812], [68.45318599227791, 23.87985900283847], [68.46291299301494, 23.93180500361534], [68.44876199293188, 23.94014000278469], [68.42819299268267, 23.93653000339968], [68.43680599225296, 23.957361003476752], [68.49652799286528, 23.966530003124685]]], [[[68.5168079929225, 23.432921002742436], [68.51374899272045, 23.430416002878253], [68.51402999292422, 23.43264100330193], [68.5168079929225, 23.432921002742436]]], [[[68.51125399233075, 23.49069000290204], [68.50930699271089, 23.492650003447917], [68.51152699314831, 23.492361002961164], [68.51125399233075, 23.49069000290204]]], [[[68.50680499300175, 23.4904170032904], [68.50736299236796, 23.49236100294354], [68.50902499260128, 23.490417003268657], [68.50680499300175, 23.4904170032904]]], [[[68.50346999317776, 23.380701003209374], [68.50514299290758, 23.37986300301231], [68.50514299263544, 23.37736200329297], [68.50264099309658, 23.378470003185267], [68.50264099302245, 23.383473002780335], [68.50346999317776, 23.380701003209374]]], [[[68.5051429928768, 23.38126000360013], [68.50375299268154, 23.384307002945068], [68.50458499287286, 23.384583003412935], [68.5051429928768, 23.38126000360013]]], [[[68.49513999283597, 23.475420003139213], [68.50235799291099, 23.458194003421436], [68.5001379923901, 23.455140003078373], [68.49513999283597, 23.475420003139213]]], [[[68.4970929931008, 23.45014000299636], [68.49986899248363, 23.444581003571404], [68.49680399241143, 23.44402700280629], [68.4970929931008, 23.45014000299636]]], [[[68.50124999316654, 23.430140003068413], [68.50041899296154, 23.43125000290994], [68.50208199286217, 23.432372003212937], [68.50124999316654, 23.430140003068413]]], [[[68.50096799295379, 23.443751003311206], [68.50124999278536, 23.4393090032024], [68.50068799267841, 23.43902900280991], [68.50096799295379, 23.443751003311206]]], [[[68.50096799278974, 23.43597300337377], [68.49819199264898, 23.434304003151848], [68.49680399322472, 23.434580002842434], [68.50096799278974, 23.43597300337377]]], [[[68.4870829923436, 23.48569400329996], [68.49513999240486, 23.476806002905644], [68.48208499234902, 23.477920003363458], [68.4870829923436, 23.48569400329996]]], [[[68.47485999262433, 23.479306003282854], [68.48458099245094, 23.403190003191323], [68.45819099237914, 23.41791700342473], [68.474586992911, 23.45986300350565], [68.42125099281863, 23.420142003046767], [68.41208599226086, 23.443471002871327], [68.47485999262433, 23.479306003282854]]], [[[68.48652699272027, 23.626529003367786], [68.49069999295915, 23.603751003316077], [68.4804149927734, 23.607361003186618], [68.4681939928191, 23.592640003529482], [68.48652699272027, 23.626529003367786]]], [[[68.48652699253749, 23.495419002979673], [68.48958599316663, 23.491809003383885], [68.48708299290944, 23.486528003012634], [68.48652699253749, 23.495419002979673]]], [[[68.45929599287986, 23.72486200271558], [68.48513699291443, 23.732361003559276], [68.48763899281987, 23.729031002710595], [68.45929599287986, 23.72486200271558]]], [[[68.48652699312231, 23.745140003020857], [68.48152899288583, 23.736529003073066], [68.48680999289958, 23.74597200352913], [68.48652699312231, 23.745140003020857]]], [[[68.47292299226736, 23.49402900332533], [68.48680999264518, 23.48597000327115], [68.47957599230962, 23.477920003377704], [68.47292299226736, 23.49402900332533]]], [[[68.47958299225236, 23.60569300316445], [68.48652699217442, 23.603195003554735], [68.48014099321276, 23.598190002947806], [68.47958299225236, 23.60569300316445]]], [[[68.48513699242135, 23.586810002705118], [68.48124599243516, 23.561250003467308], [68.44596799275645, 23.54014100302375], [68.43041899255168, 23.507651003438166], [68.4354179926387, 23.557084003084192], [68.48513699242135, 23.586810002705118]]], [[[68.48319299268438, 23.549312003138205], [68.48152899297222, 23.548190003023375], [68.48208499283861, 23.550422003592587], [68.48319299268438, 23.549312003138205]]], [[[68.47402799242613, 23.721530003377897], [68.47458699279935, 23.714861003053713], [68.47125199247404, 23.716249003512914], [68.47402799242613, 23.721530003377897]]], [[[68.45735899247121, 23.54264100266849], [68.47541899319486, 23.538472003100605], [68.45319299225756, 23.528749003333857], [68.45735899247121, 23.54264100266849]]], [[[68.47319899275426, 23.356809003526454], [68.47625099247573, 23.353470003373445], [68.47096999239845, 23.35625100309377], [68.47319899275426, 23.356809003526454]]], [[[68.47180199264832, 23.536250003154095], [68.47651699264696, 23.532079003429068], [68.47319899301257, 23.53042000306462], [68.47180199264832, 23.536250003154095]]], [[[68.46874999228733, 23.524583002900197], [68.4745869931133, 23.522078003380237], [68.47152599271486, 23.520690002840034], [68.46874999228733, 23.524583002900197]]], [[[68.4695659923789, 23.405701003371373], [68.47597499247682, 23.402916003021016], [68.47096999292141, 23.404031002793083], [68.4695659923789, 23.405701003371373]]], [[[68.46376099286387, 23.49653200273385], [68.47125199309757, 23.48041800295937], [68.4595879928778, 23.47958400346426], [68.46376099286387, 23.49653200273385]]], [[[68.466529992271, 23.523471002709734], [68.4701379923068, 23.51819000330278], [68.46430099283776, 23.515417003143792], [68.466529992271, 23.523471002709734]]], [[[68.46041999301951, 23.405141003573743], [68.46901699257378, 23.403470003305493], [68.46208099299264, 23.402360002776625], [68.46041999301951, 23.405141003573743]]], [[[68.45403399276942, 23.59930900295874], [68.4620809930455, 23.576812003461615], [68.44541799315479, 23.57625100321874], [68.45403399276942, 23.59930900295874]]], [[[68.46180799223085, 23.623751003563488], [68.46652999232994, 23.60098000272592], [68.4518209923831, 23.60292200335006], [68.44040699273602, 23.58653000358883], [68.46180799223085, 23.623751003563488]]], [[[68.46319599227844, 23.40903100319156], [68.46153199242356, 23.406250002910287], [68.46263999277282, 23.409031003318336], [68.46319599227844, 23.40903100319156]]], [[[68.46069299258113, 23.412639002823852], [68.45791699320012, 23.411249003286184], [68.45791699271956, 23.412083002770284], [68.46069299258113, 23.412639002823852]]], [[[68.45182099281577, 23.93736000296699], [68.44209299242826, 23.870422002941854], [68.4223629928916, 23.894861003325495], [68.41707499233863, 23.87236100314242], [68.39346999313143, 23.880420003482424], [68.377356993183, 23.876530002831082], [68.34986099221366, 23.84625100342715], [68.35291299287125, 23.90069300352008], [68.45182099281577, 23.93736000296699]]], [[[68.44958499285913, 23.73152600286834], [68.44875299240908, 23.73041600294497], [68.44735799257843, 23.73236100304352], [68.44958499285913, 23.73152600286834]]], [[[68.43682199277806, 23.500142003096624], [68.43930799236261, 23.4995830028996], [68.43959099297977, 23.49875100310683], [68.43682199277806, 23.500142003096624]]], [[[68.39763599260428, 23.877083003411485], [68.43930799249426, 23.839031003425546], [68.4265289926608, 23.810421003353607], [68.40541699285265, 23.79319100276103], [68.38986199272786, 23.832082002866272], [68.3843079924728, 23.837360003066152], [68.37958599284293, 23.83819500323468], [68.40152699267973, 23.790417002819126], [68.35513999266082, 23.810973002754125], [68.33013999281769, 23.78736100330286], [68.39763599260428, 23.877083003411485]]], [[[68.35846699291932, 23.97500411152302], [68.43402999306745, 23.967337561476697], [68.41152999290271, 23.925980002949043], [68.34652699245969, 23.904030003138605], [68.33763799260227, 23.819305003539196], [68.30374999298941, 23.824584002820874], [68.28875099221837, 23.817361002941304], [68.29569299241446, 23.804311002855645], [68.26568599248371, 23.792922003191645], [68.25402799265252, 23.718750002862816], [68.26680699227848, 23.69180600353671], [68.237923993087, 23.681249003603465], [68.19264199291446, 23.730970002736214], [68.21180699229714, 23.763482003492207], [68.21375299235633, 23.755416002694684], [68.21958099267533, 23.754860002984245], [68.23430699299479, 23.77486000284306], [68.21291199258577, 23.834584003224087], [68.23457999320759, 23.83597000273712], [68.2454059931714, 23.853759002765173], [68.26040699262248, 23.82485900281017], [68.2873599922857, 23.839307002896724], [68.2487499927729, 23.85375900273063], [68.25930899218235, 23.871805003331755], [68.30513799248833, 23.865695003228257], [68.31764299271289, 23.879301002949997], [68.25901699273389, 23.875142003209312], [68.2770839931279, 23.914862003469132], [68.33541799314087, 23.91819400330327], [68.35846699291932, 23.97500411152302]]], [[[68.43096899255215, 23.40681100293065], [68.43235699269016, 23.404860003319367], [68.42903099292462, 23.40681100310473], [68.43096899255215, 23.40681100293065]]], [[[68.361251993089, 23.804030002836356], [68.42569699239942, 23.781804003072338], [68.34680299315552, 23.598190003246554], [68.28069399267089, 23.582362003410154], [68.27791599311615, 23.63125100348758], [68.28652899306613, 23.627359002811286], [68.30458199235798, 23.630141003254977], [68.3132009929898, 23.622360003001187], [68.31402599314971, 23.622921003096558], [68.30680799283901, 23.63070200317783], [68.27709299250611, 23.63264200323486], [68.25402799275167, 23.592360003079236], [68.19708199298482, 23.59708500302409], [68.20458199307998, 23.647641003522896], [68.21013599299773, 23.64041800353812], [68.26013799317596, 23.639860003140967], [68.25818699271419, 23.644862002772655], [68.27986199239558, 23.649026003295518], [68.29957699298224, 23.647360002899134], [68.31181299288792, 23.650141003076133], [68.28041799296057, 23.65208900345518], [68.25930899237053, 23.645961002828134], [68.23124599265067, 23.642916003159165], [68.33402999250524, 23.710971002761752], [68.361251993089, 23.804030002836356]]], [[[68.41319399321661, 23.403750003067294], [68.42236299238346, 23.40514100294629], [68.42346999249585, 23.40068900294394], [68.41319399321661, 23.403750003067294]]], [[[68.4090279926972, 23.40625000309617], [68.40902799237912, 23.409309002737817], [68.4098589924952, 23.40570100288967], [68.4090279926972, 23.40625000309617]]], [[[68.40791299225364, 23.45792100276568], [68.40569299306858, 23.452079003398975], [68.40125299294859, 23.453750002853308], [68.40791299225364, 23.45792100276568]]], [[[68.39848399264177, 23.420142002741088], [68.40264099232613, 23.417917002842273], [68.4004119930656, 23.41597100273294], [68.39848399264177, 23.420142002741088]]], [[[68.40264099257932, 23.420691003243746], [68.40125299275566, 23.42292000356179], [68.4020849932248, 23.423196002941616], [68.40264099257932, 23.420691003243746]]], [[[68.39902399244686, 23.42819400320013], [68.40071099273632, 23.42208100268106], [68.39819199264419, 23.421806003410207], [68.39902399244686, 23.42819400320013]]], [[[68.34958499320594, 23.800420002852782], [68.34652699279378, 23.77958200339318], [68.34041599274508, 23.777082003151843], [68.34180399290487, 23.789305003521765], [68.34625299270837, 23.798471003401424], [68.34958499320594, 23.800420002852782]]], [[[68.31096499316948, 23.822639003298715], [68.32430299233614, 23.734309003396202], [68.29125299318306, 23.72764100285766], [68.29458499225515, 23.741252003341113], [68.28569899309952, 23.754584003270942], [68.27403199227402, 23.70125000266303], [68.27348299250598, 23.792641003032198], [68.29819499305965, 23.80375000299126], [68.29013899217307, 23.816805003432314], [68.31096499316948, 23.822639003298715]]], [[[68.24930599247483, 23.5898600035132], [68.25347199298568, 23.582081002950215], [68.24485699254066, 23.587079003063188], [68.24930599247483, 23.5898600035132]]], [[[68.251251993037, 23.879306002936758], [68.23346799312536, 23.84235900324457], [68.21597299248297, 23.8476300029473], [68.21680499282579, 23.867639003286406], [68.251251993037, 23.879306002936758]]], [[[68.22569399257617, 23.585972003368468], [68.22513499282348, 23.583750003069017], [68.22235899292112, 23.585972002696884], [68.22569399257617, 23.585972003368468]]], [[[68.2151409923485, 23.778481002994578], [68.22402999274462, 23.76320200276936], [68.21680499295199, 23.755694003608788], [68.2151409923485, 23.778481002994578]]], [[[68.21624699240975, 23.591250002656388], [68.21514099267155, 23.58707900268483], [68.21514099318263, 23.591250003113174], [68.21624699240975, 23.591250002656388]]]]}}, {"id": "27", "type": "Feature", "properties": {"subdivision_id": "SHWB_SIKKIM", "name": "Sub-Himalayan W.B. & Sikkim", "n_districts": 10, "area_km2": 27891.69443064277}, "geometry": {"type": "MultiPolygon", "coordinates": [[[[88.4428340439765, 25.20841508081909], [88.45146866452097, 25.029332625352076], [88.39790317039825, 24.94401050966367], [88.34687049735332, 24.940071414268296], [88.34256923782507, 24.8789734417017], [88.26848406555283, 24.876681200388], [88.23073274447874, 24.955831769729908], [88.14241369947875, 24.93030468004855], [88.17704980303746, 24.85977164219404], [88.07178236067833, 24.77051403487648], [88.06839007968135, 24.722118453277314], [87.99997928150842, 24.657402572903763], [87.96130842954796, 24.68863091592563], [87.96632089867309, 24.769699235720648], [87.90227960744947, 24.855263334211948], [87.97174464969807, 24.88219821468762], [87.97524782992922, 24.92443270004697], [87.7782659991745, 25.099775196421326], [87.79327683182802, 25.22106960258002], [87.84226451497504, 25.19986058132469], [87.82842646445378, 25.234912899244964], [87.86218607314277, 25.278313948730446], [87.79720361978046, 25.32282267976002], [87.76496357904361, 25.40546115491652], [87.93188225916415, 25.536564353352617], [88.07608065101167, 25.480916818953236], [88.02683978739219, 25.587273871142596], [88.0601225657934, 25.633170215420414], [88.05451461889959, 25.69083788810385], [87.9045652741801, 25.769952660797685], [87.91664007431933, 25.81496479024349], [87.88956292488248, 25.828764392069644], [87.91707635019112, 25.851886151183308], [87.82909499132802, 25.87157264013603], [87.81006768758047, 25.912215619524925], [87.84853478900956, 26.044475377864604], [87.9193453524815, 26.090965382050406], [87.97449410360765, 26.081366996288516], [87.97050661992142, 26.15194259548619], [88.0194496366136, 26.14086399561224], [88.0761993184168, 26.1757015346169], [88.29829649039694, 26.353852996195144], [88.24406263588247, 26.37529929288591], [88.27440114618463, 26.421656795972915], [88.18567766961588, 26.490425660750372], [88.23786905399227, 26.55181770780464], [88.15208770649294, 26.510811759854214], [88.11180379395157, 26.535654546163805], [88.1867359181183, 26.71819363545971], [88.17648321653053, 26.861006606029417], [88.12346138053722, 26.947447385219515], [88.13486993419525, 26.985728304813527], [87.99135772375372, 27.111628696504557], [88.06501709029064, 27.33790981709219], [88.04736032060156, 27.4932894262226], [88.1988245548001, 27.78809835326977], [88.17682958622564, 27.819165292862287], [88.20237886843952, 27.8503012620507], [88.134031390532, 27.873055542390173], [88.13236691303925, 27.949728812838842], [88.39835397447969, 27.97767966470764], [88.49170972750147, 28.0452345364649], [88.54747838679432, 28.03856013114661], [88.62987109487662, 28.130679192115785], [88.6752838005588, 28.073802194716567], [88.75951634054228, 28.07305996743908], [88.8373389743396, 28.014936440630944], [88.84437483474149, 27.931766543110164], [88.8894229118593, 27.892314459885238], [88.85432706165197, 27.668657655412442], [88.7746803487985, 27.56470458402045], [88.81665742860731, 27.404960800093516], [88.92947688533258, 27.32611491986922], [88.90626944734393, 27.274756287597533], [88.80820999350684, 27.247377136205444], [88.75802761138414, 27.142722372701353], [88.87676333895068, 27.108539365013304], [88.8816112622149, 26.951395540256204], [88.92565653246608, 26.996049366778383], [88.96888913546105, 26.923994842922248], [89.0313998819342, 26.940142629875584], [89.09670201878956, 26.893852845831976], [89.13727011656766, 26.807974393970888], [89.26169383582436, 26.816775835947265], [89.3832150909319, 26.866195882649794], [89.46518163795844, 26.806167769661865], [89.5647035812204, 26.81545757173574], [89.6504262397891, 26.780852206469746], [89.61907739445742, 26.728030951975093], [89.63781027898143, 26.719160954218687], [89.76219281427667, 26.73635865904621], [89.7798564803733, 26.699457538008602], [89.8623242634803, 26.703669801859743], [89.87566023337133, 26.45981309800468], [89.83228639001106, 26.39640449608025], [89.85180232745431, 26.402675469824203], [89.86002489050944, 26.381968720265057], [89.78699976847406, 26.353235641609757], [89.76359569874464, 26.289305111571586], [89.72067190046037, 26.30196117407122], [89.74238676995401, 26.271087430328556], [89.70977129287063, 26.26989778869153], [89.73367957601612, 26.238196235486573], [89.70213758410732, 26.2172382305228], [89.7368955192182, 26.212287287758617], [89.69972452896208, 26.18908427654248], [89.73858633037355, 26.173378536322556], [89.7096518924803, 26.15358216542092], [89.67739466545969, 26.20226077338637], [89.69606453726449, 26.221848192737447], [89.64645032598841, 26.22858052739368], [89.6563743730589, 26.169363223656276], [89.59737639148346, 26.16080705703707], [89.6306741449161, 26.123985051872467], [89.59825083599087, 26.100811352913315], [89.63217918361943, 26.107464255445432], [89.6533527394518, 26.068285039246867], [89.60676839076918, 26.066033201140886], [89.59125825908514, 25.979533605804605], [89.55403485740639, 25.966625026241992], [89.54164951939893, 26.007896459768514], [89.47726223707673, 25.995982035037997], [89.42575583724827, 26.042844814509703], [89.39296131437894, 26.008915108405244], [89.34477944363798, 26.016770501446587], [89.22425194836696, 26.12619134622313], [89.16148074581476, 26.139587444243297], [89.10645120913213, 26.289779733934132], [89.13684715732451, 26.31686439358853], [89.08891460755774, 26.321975605346115], [89.09778940347282, 26.394905929319943], [88.98110498817913, 26.407085237119382], [88.96772409441961, 26.458873789254532], [88.91534183810462, 26.404565758395748], [88.92114928886195, 26.362982297348633], [88.95778503087735, 26.364171362805447], [88.96287400477715, 26.332321377403268], [88.98565662721268, 26.35090208290188], [89.00404625566468, 26.295088819294133], [89.05749092017011, 26.295757638763277], [89.05021696668958, 26.241117575824784], [88.97201717896462, 26.24123235136473], [88.90699303033423, 26.28812601429098], [88.87054796624898, 26.275588003514457], [88.88519158312546, 26.236872751906745], [88.8479704295038, 26.233038151159395], [88.80092250149713, 26.308879168075908], [88.67568104577313, 26.26527395168582], [88.67356928226445, 26.291726259903488], [88.70579699174797, 26.29023652421492], [88.67998201758495, 26.31976863775565], [88.73218416429162, 26.315226885095463], [88.74735033627772, 26.352587303917847], [88.70632871123863, 26.336710500207182], [88.70481311572068, 26.388600131853153], [88.62616434604286, 26.46994127706988], [88.57274236534003, 26.457952311601254], [88.48365764285033, 26.54184958407269], [88.43713790952145, 26.547257846181665], [88.402701687415, 26.62461633553392], [88.34237884382688, 26.47322273806299], [88.36014596580786, 26.447549776703806], [88.36817188878778, 26.484909001023464], [88.48715946907761, 26.459866430895282], [88.52793091130815, 26.357329955076196], [88.46352039921935, 26.37328176029737], [88.36264875065598, 26.291563538555643], [88.35408768004231, 26.221642469274318], [88.18278759363622, 26.147454070630545], [88.16160531726713, 26.102082576356718], [88.18189559220627, 26.02533920874533], [88.14397557924374, 26.012861875767832], [88.09540451911155, 25.9170443219909], [88.11368954094561, 25.7964292707251], [88.1500944112787, 25.77251832555065], [88.27491083847185, 25.805980196368452], [88.3213627768258, 25.73595433420143], [88.45626809444609, 25.66257830915449], [88.45041385355758, 25.60124570863676], [88.54280327121951, 25.510258262384976], [88.70065526401083, 25.4732713459242], [88.80186470472132, 25.52246638357247], [88.83621819798957, 25.480035720659878], [88.81824465674724, 25.408075461840237], [88.84809872359733, 25.3636315604453], [89.00514089194473, 25.299997256578852], [89.01240119209294, 25.27242470454278], [88.95822722146964, 25.250152238973723], [88.96400179572818, 25.210602952608777], [88.919632730012, 25.165727723047326], [88.84848118157984, 25.2100994690572], [88.80897192220301, 25.173955621237972], [88.68673860856019, 25.20999352937655], [88.56835972975986, 25.174652833981227], [88.48718860634128, 25.213609817590612], [88.4428340439765, 25.20841508081909]], [[89.73703331986387, 26.30360130997891], [89.73876272432943, 26.31099888494207], [89.73396517754298, 26.307411724304746], [89.73703331986387, 26.30360130997891]], [[88.18314702395789, 25.289584404882984], [88.19218480799333, 25.27486773566662], [88.18541629204267, 25.28588962221308], [88.18314702395789, 25.289584404882984]]], [[[89.82260162404977, 26.32004841480514], [89.80486195403762, 26.3494319352847], [89.8270138729479, 26.325070837557206], [89.82260162404977, 26.32004841480514]]], [[[89.57606127453343, 25.951304241322717], [89.61264737003106, 25.943390467727735], [89.58395799130503, 25.93466509005944], [89.57606127453343, 25.951304241322717]]], [[[88.8031864508584, 26.19623279540486], [88.78887431472903, 26.130669920497468], [88.77110854229367, 26.13130642789905], [88.76825301101015, 26.234164957251725], [88.8031864508584, 26.19623279540486]]], [[[88.67282642872509, 26.253497600761726], [88.72191378566458, 26.232660618171895], [88.71834611661639, 26.17589545380626], [88.67282642872509, 26.253497600761726]]], [[[88.65936186628284, 26.27344712222262], [88.64012680112842, 26.25947704735543], [88.64129973210714, 26.28457638653386], [88.65936186628284, 26.27344712222262]]]]}}, {"id": "28", "type": "Feature", "properties": {"subdivision_id": "SOUTH_INT_KARNATAKA", "name": "South Interior Karnataka", "n_districts": 15, "area_km2": 84302.48877275403}, "geometry": {"type": "Polygon", "coordinates": [[[76.41533761837327, 11.760278028580712], [76.34241060154442, 11.737437237756843], [76.27905384696888, 11.810201989307696], [76.22536740946757, 11.806606829910004], [76.19061983013441, 11.870240249956934], [76.12288112623786, 11.849395932632678], [76.11396785137774, 11.97694108608639], [76.00390509460155, 11.929745216820216], [75.8710311563966, 11.951499637063451], [75.8043010169226, 12.076891908029742], [75.72133944884212, 12.06766180995651], [75.70574744583334, 12.105865616039964], [75.6664258051339, 12.09665688648094], [75.6388567428267, 12.147811397577104], [75.5369811973587, 12.201324872390572], [75.48557800542822, 12.291312810703563], [75.42168404859618, 12.291431674552868], [75.42382037706275, 12.371738175599221], [75.37434734140136, 12.400654061200202], [75.36790794900271, 12.453977868366765], [75.42478014360164, 12.465043603830024], [75.4361079712705, 12.528147466417916], [75.49156215033436, 12.460100515144822], [75.52900895624488, 12.497618214787918], [75.56620812741814, 12.486666500314815], [75.58854306361968, 12.53518497572309], [75.61793450229156, 12.510411364817717], [75.67112958631992, 12.549942206746802], [75.64292184602635, 12.62960789919294], [75.67280457688253, 12.700490582663225], [75.62750606431824, 12.707424062840868], [75.65974893038711, 12.750452126734535], [75.61448547162203, 12.798193132287102], [75.62322850559225, 12.857163598680177], [75.56295737699298, 12.867738394057785], [75.5549549332065, 12.944843368330663], [75.51595844446469, 12.979036142897261], [75.52573289256611, 13.0483393881801], [75.48736610322278, 13.09234863373876], [75.40856792594917, 13.110271918823894], [75.38163352897952, 13.178788933953637], [75.2538897523092, 13.128749577899919], [75.16874622030093, 13.19985103177551], [75.15152773894548, 13.268964797816684], [75.08006765303213, 13.344541770366307], [75.1415524223946, 13.388704554110756], [75.15339076548587, 13.454813591947866], [75.11218734940334, 13.462323722657368], [75.04915716771637, 13.540681869513953], [75.03479623527387, 13.573374089363861], [75.06116362404285, 13.601071099696666], [75.01727521667482, 13.63672852775701], [74.99876247746583, 13.739226160860005], [74.93334628965923, 13.77191877061834], [74.90938781802363, 13.861537403035864], [74.86782330277978, 13.859713796284733], [74.82190030939809, 13.908800768322157], [74.71708915931646, 13.906988329268364], [74.66769196927025, 13.984444152600512], [74.67751900213709, 14.03813404099883], [74.62661782912727, 14.164868549816296], [74.66657476298916, 14.187541745804067], [74.74857126584637, 14.151377192197188], [74.73077622269304, 14.267019434735873], [74.85681695689792, 14.213738524418305], [74.87057468372353, 14.242537775175894], [74.87814092460302, 14.21699527394646], [74.9298272749601, 14.238827919439098], [74.91785561619334, 14.313027395280987], [74.97868178441942, 14.323507931236469], [74.94152326680742, 14.36183107780863], [74.94888916169576, 14.402931957887212], [74.88135326580452, 14.436933130538446], [74.92159788634874, 14.461365174451227], [74.89326929352333, 14.494771070153945], [74.90583408645345, 14.52944182262502], [74.97208073083364, 14.554054896226447], [74.99194065044507, 14.475802755297954], [75.04277659825729, 14.500817034549243], [75.06249425562852, 14.54180782463362], [75.0265787983763, 14.559089046610955], [75.0269876672571, 14.608395281490518], [75.07503028806511, 14.653494272460243], [75.1464840508498, 14.617661823626715], [75.20641152500198, 14.635457898553646], [75.1849110579321, 14.585402365167202], [75.23787502036976, 14.556778561024235], [75.26539125980973, 14.579163752453157], [75.29692420553938, 14.538454913024708], [75.27010163060433, 14.512710646915291], [75.32053484781616, 14.511325701294103], [75.34401092613793, 14.434416149838443], [75.3813549083992, 14.431615416700598], [75.349049608, 14.387537737869366], [75.4773560070868, 14.317024907183995], [75.4996085216071, 14.343391048129869], [75.53632429885681, 14.277005709071428], [75.57954261942271, 14.276495572732129], [75.63384991026642, 14.31686442693717], [75.6361320633304, 14.464001216783153], [75.79590232736182, 14.508575239979805], [75.8189318810359, 14.561870924778985], [75.79946024196217, 14.680288852536735], [75.73927981104619, 14.690130425606524], [75.7728477791472, 14.792744457577099], [75.80071342859485, 14.769241103071309], [75.83605439883297, 14.798127736163515], [75.8072679084258, 14.842560659849935], [75.820496210237, 14.90005376558267], [75.87077462221859, 14.854313056915254], [76.04889613040244, 14.928599193586061], [76.08175204187405, 14.909997805695706], [76.07461061280775, 14.868269589502162], [76.19067592346933, 14.846869275122742], [76.19639031971083, 14.81978961185809], [76.15931279294253, 14.830012298101714], [76.14602460693825, 14.803158904226077], [76.19470072148012, 14.766019709804242], [76.18696743808376, 14.700671941935212], [76.23145271225275, 14.648826025767859], [76.25369966285098, 14.697633926208779], [76.3237250399841, 14.692347143223904], [76.4325531064896, 14.618952456305218], [76.42505764150307, 14.581342011790957], [76.53759681980465, 14.565706352265895], [76.60342236340739, 14.624209389213858], [76.67164427859203, 14.792889145381585], [76.74048949665139, 14.81437336544237], [76.66156959464674, 14.941693590628192], [76.70902169435712, 14.932525117095192], [76.71791226517436, 14.97250103991349], [76.67284646553955, 15.0165655729078], [76.72074148060115, 15.03505388096881], [76.73628348738428, 14.986985674204263], [76.86862612024599, 14.969222729292566], [76.85304568777055, 14.809383014493985], [76.78446667066414, 14.78453761675472], [76.80228856732941, 14.739947944076276], [76.7644478121588, 14.607454960749365], [76.87497322851644, 14.474191205655728], [76.97847605979577, 14.484176175614014], [76.94665222855265, 14.405463354704942], [76.88804297547182, 14.396141266618969], [76.88404840020456, 14.352280314829459], [76.95535379629759, 14.3000879156371], [76.94311127413243, 14.246195425269297], [77.11088877924215, 14.219669534363728], [77.15792010899214, 14.34408094211663], [77.23801297328801, 14.317570343997053], [77.28730108276767, 14.337669861743304], [77.28582021073318, 14.282700454376798], [77.36570283251547, 14.276089875637123], [77.39041207750434, 14.198709448933148], [77.422372440332, 14.21887654859389], [77.3921068528651, 14.331608831672341], [77.50620889347344, 14.267526370211879], [77.50743943312212, 14.158092852335297], [77.41644229999689, 14.176679311979322], [77.35435716195352, 14.1312375220898], [77.35120527897735, 14.102935683618746], [77.40222978125813, 14.110442107808844], [77.3329035279556, 14.029908740338849], [77.39025715463563, 14.014449914473742], [77.38258677498972, 13.976227088815392], [77.43770329599666, 13.975990202314872], [77.40417233237933, 13.887784049766553], [77.35527660750563, 13.903678735802918], [77.36060853835117, 13.98938002879863], [77.32016207759241, 14.031769143676602], [77.153577084784, 13.99831227648505], [77.12718775692585, 14.048776451978656], [77.02948845682636, 14.05968739474995], [77.02544205186685, 14.178993173239917], [76.94700256753826, 14.195456069956187], [76.89667266465833, 14.165096121795743], [76.88893510143124, 14.137144490216844], [76.93236362377945, 14.13339324893489], [76.9806290284329, 14.071603767071402], [76.93664542707032, 14.029034176037902], [77.04184539633474, 13.93217489035297], [76.97436507416744, 13.820958711942291], [76.99873299160355, 13.749223947750986], [77.0325596168377, 13.778150086268399], [77.06637145162009, 13.745653087347709], [77.1732223690927, 13.761632806909924], [77.16878871043615, 13.827634275597589], [77.13027690885937, 13.85618965460397], [77.16895946791763, 13.86384008039549], [77.18345347239715, 13.924225946606558], [77.18532492588022, 13.866723601018416], [77.24047082148385, 13.901868301644885], [77.25719434674181, 13.846502881190249], [77.43177066225472, 13.842476484113732], [77.41591594162301, 13.806602518803212], [77.46484590036636, 13.804491045472828], [77.45233456266742, 13.703287936634792], [77.48411400201596, 13.685210447891366], [77.49495238295454, 13.714387035411812], [77.52926027915403, 13.695553359916198], [77.52730512972857, 13.751463655032586], [77.5638589328811, 13.724170977512562], [77.60344252517825, 13.751335904985233], [77.62918716910302, 13.735220347426969], [77.6183377052983, 13.763213746548317], [77.65702154591489, 13.783663199715042], [77.71690750940293, 13.740714592129509], [77.72092956411271, 13.798444128216401], [77.83597135231096, 13.868679627095135], [77.82640491410469, 13.942840682455595], [77.89528394440897, 13.939266417184882], [77.92000883445229, 13.905418190239441], [77.98706915260385, 13.955894003189059], [77.95318195535656, 13.828300975886597], [77.99378302151558, 13.870026151095177], [78.04658126521241, 13.861318887292136], [78.04984970920215, 13.895154234434614], [78.12246912721866, 13.84951968161583], [78.127278875254, 13.78561673153292], [78.09395500924391, 13.742193415185376], [78.11454636960453, 13.693198273535348], [78.06743215634351, 13.675698365346793], [78.08992243608623, 13.644139095951116], [78.1650923229973, 13.65764339573837], [78.20340599831906, 13.625209730629653], [78.19280550306765, 13.565477241299636], [78.23727743125241, 13.596366809093118], [78.4007040945814, 13.587593179471785], [78.36539172874423, 13.364744175894934], [78.4077291285548, 13.342120655765347], [78.37732504795017, 13.329787092661098], [78.48230585929535, 13.317892431918695], [78.53153449407729, 13.265730501249955], [78.56640179105021, 13.309588036324907], [78.58829522372562, 13.272301167398552], [78.55185169474298, 13.197509078610866], [78.58007119263942, 13.166832793768915], [78.51970887611422, 13.12985824753245], [78.5389798843575, 13.10769663285256], [78.51563346007757, 13.063097827747345], [78.46255622701115, 13.041777514493559], [78.46903096232279, 12.973570822063303], [78.43367637852883, 12.978856183087611], [78.4121429414867, 12.943006309047892], [78.46736741721104, 12.903159915905619], [78.46553617964227, 12.863606880112775], [78.4470139082216, 12.911017002773058], [78.38942014187779, 12.905432705170536], [78.35638346814444, 12.938195959520808], [78.31410571907399, 12.857328527492497], [78.25197438269436, 12.857411662584507], [78.23164340969402, 12.762635916335809], [78.1314187442258, 12.77983000866552], [78.05718326638004, 12.851959559537118], [78.025280109405, 12.855434956329265], [78.01188714104767, 12.804975301602566], [77.9557449558472, 12.8586916277363], [77.92063370371177, 12.829021662690682], [77.93438207876154, 12.88713792920401], [77.83548561688282, 12.8680934734969], [77.79471517429839, 12.842854793823975], [77.80943511193868, 12.795985222179413], [77.7414105627579, 12.673074226555507], [77.5999741501907, 12.666345027715339], [77.57981876994302, 12.566774415442934], [77.61633669651637, 12.508759830172005], [77.5853094888185, 12.47730772649326], [77.63528461284761, 12.48628953592054], [77.63027532824943, 12.417548648788472], [77.55294005270751, 12.292707124788954], [77.48025311566552, 12.27072809661804], [77.47583036213906, 12.211155175826875], [77.73040776984803, 12.180986096936294], [77.77961363068695, 12.115218365378794], [77.67594019166404, 11.9492153899281], [77.49514880534302, 11.941514364026926], [77.430195804011, 11.759752197673073], [77.25208504858357, 11.811123157362042], [77.11283192132801, 11.771497242843152], [77.1194168871797, 11.721219409972425], [77.01402464609211, 11.811170434806321], [76.96912914577509, 11.773281668960884], [76.90898052349682, 11.791213317531117], [76.83783199118695, 11.651964052967303], [76.84683148054485, 11.582377908788953], [76.75541347226363, 11.618229735701187], [76.56857133607706, 11.61742663882312], [76.51234036425066, 11.705198967579873], [76.45937568895818, 11.662192825612658], [76.41805583134925, 11.671554288805673], [76.41533761837327, 11.760278028580712]]]}}, {"id": "29", "type": "Feature", "properties": {"subdivision_id": "TAMILNADU_PUDUCHERRY", "name": "Tamil Nadu, Puducherry & Karaikal", "n_districts": 34, "area_km2": 131764.04717954888}, "geometry": {"type": "MultiPolygon", "coordinates": [[[[77.56868552688235, 8.126127663611939], [77.55293321655162, 8.077847033856163], [77.31750753125094, 8.121362837802952], [77.10005572678736, 8.291355916213941], [77.14118139752729, 8.33069695001017], [77.17902232481761, 8.320358967936183], [77.1539130652114, 8.38638397702055], [77.22863517343032, 8.445848151232632], [77.20534913662055, 8.501487451851542], [77.26655464393016, 8.50967847822271], [77.284119975371, 8.545841638659612], [77.17333318205135, 8.74580230780373], [77.23272825177649, 8.784202296119103], [77.25937680754473, 8.873368731893459], [77.14926491327469, 9.020235823252612], [77.19923984642605, 9.045050121108286], [77.26884137383392, 9.151839671399731], [77.28349624558909, 9.299800482565168], [77.41268704621419, 9.505892350255122], [77.3667848360351, 9.53553203464113], [77.35690387565113, 9.604286990436043], [77.34083491179823, 9.572382785248173], [77.32021235708889, 9.602176800181107], [77.27084144385253, 9.573987997477513], [77.16729254204809, 9.61475525858199], [77.24914657211063, 9.797532066520818], [77.21923157987011, 9.903278613913272], [77.27617923935227, 9.972830105640556], [77.20234184269142, 10.10459640862752], [77.27413016017094, 10.128208699435977], [77.29461727230746, 10.216432587785945], [77.26056619757856, 10.229708103073378], [77.235818482907, 10.349343008573927], [77.17642586642182, 10.355170985181482], [76.98400072336916, 10.217076753929963], [76.83216530541205, 10.303299410531487], [76.84151774612194, 10.593144376712551], [76.81658770160631, 10.63437736931887], [76.88445319628121, 10.637614140798753], [76.86715622461912, 10.683414181017296], [76.90908614753339, 10.779034586782362], [76.82862895964591, 10.869838745802124], [76.65950686295959, 10.931808368818219], [76.71683641818967, 11.039110998377515], [76.76747613767544, 11.032472062447095], [76.8030451007164, 11.050325464798314], [76.74747917523275, 11.055328985128263], [76.74893223946208, 11.129113731477423], [76.70117667116756, 11.152217295968434], [76.73553355164194, 11.216664380609755], [76.70679218110052, 11.23903671807233], [76.63269291549571, 11.19322412306888], [76.49677059572704, 11.210047944629961], [76.46176900590875, 11.187402133169885], [76.45529622766573, 11.237628051521805], [76.54929309879313, 11.299700214511173], [76.54717908686392, 11.358921487191783], [76.45698147713097, 11.388558812250354], [76.41873288785365, 11.440639225130932], [76.2858106181077, 11.481306169623121], [76.2477402384309, 11.46634447755749], [76.23310065122152, 11.571091808771516], [76.2784496928815, 11.599634046193477], [76.30554294311825, 11.571112816843948], [76.35790255683239, 11.589624852303638], [76.51234036425066, 11.705198967579873], [76.56857133607706, 11.61742663882312], [76.75541347226363, 11.618229735701187], [76.84683148054485, 11.582377908788953], [76.83783199118695, 11.651964052967303], [76.90898052349682, 11.791213317531117], [76.96912914577509, 11.773281668960884], [77.01402464609211, 11.811170434806321], [77.1194168871797, 11.721219409972425], [77.11283192132801, 11.771497242843152], [77.25208504858357, 11.811123157362042], [77.430195804011, 11.759752197673073], [77.49514880534302, 11.941514364026926], [77.67594019166404, 11.9492153899281], [77.77815508576603, 12.118753689720945], [77.73040776984803, 12.180986096936294], [77.4927162616329, 12.199055568866704], [77.47358374993023, 12.252901562802348], [77.61659135573325, 12.369333362523035], [77.63528461284761, 12.48628953592054], [77.5853094888185, 12.47730772649326], [77.61633669651637, 12.508759830172005], [77.57981876994302, 12.566774415442934], [77.5999741501907, 12.666345027715339], [77.7414105627579, 12.673074226555507], [77.80943511193868, 12.795985222179413], [77.79471517429839, 12.842854793823975], [77.83548561688282, 12.8680934734969], [77.93438207876154, 12.88713792920401], [77.92063370371177, 12.829021662690682], [77.9557449558472, 12.8586916277363], [77.99178083981498, 12.805129875480478], [78.025280109405, 12.855434956329265], [78.05718326638004, 12.851959559537118], [78.1314187442258, 12.77983000866552], [78.23164340969402, 12.762635916335809], [78.23831542563838, 12.725264572870604], [78.20090900280105, 12.69136189195526], [78.27562732895424, 12.702045916974866], [78.3799089627544, 12.622343222354871], [78.46653957328215, 12.622720937190312], [78.46933013800906, 12.672908026033957], [78.52150425803207, 12.709512512879941], [78.49592560277068, 12.74541696563091], [78.55946890348469, 12.696426902145161], [78.55722572571972, 12.754667512255315], [78.6582757792194, 12.929807013786899], [78.6250477775536, 12.989540125428139], [78.66250047231631, 13.028613716172512], [78.70525062855907, 13.015180362395114], [78.71386947635374, 13.066906137771557], [78.88771160971713, 13.097250083193195], [78.89373250120263, 13.030955703413726], [78.93651726618253, 13.029917930600552], [78.90525269584431, 13.046277771527713], [78.9261572728274, 13.078959238576132], [78.99144764815588, 13.08783367326829], [79.08118017664927, 13.02574438345248], [79.16497560686916, 13.019080774837304], [79.23044411617845, 13.147319581965963], [79.27960779633901, 13.153071457469355], [79.32026522183266, 13.108928062655323], [79.36693034492373, 13.141847295424219], [79.36004400266944, 13.17504052604161], [79.43612969595888, 13.199608466877548], [79.45781585827558, 13.22894087342575], [79.4231248573242, 13.224245409869246], [79.43722730757636, 13.293368022838958], [79.38667823034595, 13.314924657907474], [79.44098983431574, 13.335537298530213], [79.54805862211711, 13.323295039157916], [79.59269676235533, 13.257783522415323], [79.68101951205725, 13.294477708265438], [79.7013817298139, 13.220099234267567], [79.73547476786041, 13.234597293927726], [79.75710669921381, 13.207746624997146], [79.79762909682198, 13.23635884654973], [79.7338513157687, 13.28491408635254], [79.93819896915309, 13.34896132134834], [79.98595945156927, 13.480450547525132], [80.04859967102215, 13.497518646984604], [80.00212545754002, 13.539641475078758], [80.08194477177855, 13.550623341942362], [80.08046588712737, 13.491108165528631], [80.12624668261974, 13.50725765431237], [80.24180669744818, 13.467971637098627], [80.2696929683849, 13.563152697504124], [80.3187624399303, 13.456531462336638], [80.28086725765313, 13.427978442038688], [80.32512185577369, 13.38317137577237], [80.32933330699838, 13.438471386551065], [80.34630540690279, 13.293431102083149], [80.2602224542537, 12.937281474984992], [80.25386531549405, 12.766880832388633], [80.16242707727417, 12.470683821870054], [79.84090267865858, 12.013248711613654], [79.80812625981187, 11.834093205650268], [79.80931345070213, 11.844829393639174], [79.80141631257929, 11.852991643083305], [79.79702643718024, 11.854846091463807], [79.78235776450018, 11.855034295010638], [79.78065856939966, 11.847880231795559], [79.80931330077702, 11.84482920852615], [79.79306763859717, 11.756422915908514], [79.7669796500598, 11.744499501583988], [79.76320304188614, 11.537525723804864], [79.82467976463411, 11.3644782296947], [79.79870092365987, 11.368629247492773], [79.84012938056073, 11.35245641205112], [79.85393807609259, 11.195248601663915], [79.84984161939576, 10.822955972020944], [79.83576345811332, 10.811470708025215], [79.87871240398098, 10.287313482430251], [79.79481108830278, 10.271314137149345], [79.728648367893, 10.329926249211441], [79.63788659865946, 10.338082291533855], [79.61157039492255, 10.319191366339938], [79.77638380825685, 10.275111269915053], [79.54540612631484, 10.307325950363543], [79.61479823463961, 10.334527694570664], [79.5327734210176, 10.355773576693323], [79.51932667348053, 10.311776531907315], [79.39552406138274, 10.32369351298054], [79.29900585121118, 10.264468194910158], [79.22883405057166, 10.145037139038878], [79.26347186272906, 10.03581417031703], [78.98756424223185, 9.707266765082375], [78.89455162114179, 9.4786163038555], [79.05180462838547, 9.299971849901164], [79.1882776064438, 9.280931066700349], [78.8565002849282, 9.251868254652166], [78.65770521772464, 9.187468946439699], [78.65066161939696, 9.155395779007137], [78.57528676157416, 9.128212924988205], [78.42229039423793, 9.113391280211735], [78.27479360613161, 9.010759722116507], [78.21341525692256, 9.047960781531621], [78.26783059512464, 9.0008408095442], [78.17211930375517, 8.88038371746185], [78.16536049022842, 8.758371937638783], [78.19933152732543, 8.787901300348251], [78.20592196715369, 8.766914893590693], [78.14104057483901, 8.692949609289835], [78.13300799332659, 8.492364635087977], [78.06716208988112, 8.41629207301328], [78.0673267460805, 8.371262819766565], [77.81443079707473, 8.24616341814118], [77.73426570963812, 8.16768358566624], [77.56868552688235, 8.126127663611939]], [[79.79795202779837, 11.834054366370413], [79.79795199564408, 11.83405443938548], [79.79344586147784, 11.832857245669079], [79.79795202779837, 11.834054366370413]], [[79.80187878019781, 11.828990376839846], [79.79366238307522, 11.831939663922109], [79.80187866757633, 11.828990376683882], [79.79700875231221, 11.823106871156224], [79.80187878019781, 11.828990376839846]], [[79.85157718174665, 10.992327712670981], [79.84152961208146, 10.99497436004237], [79.84152958112733, 10.994974368101163], [79.85157718174665, 10.992327712670981]], [[79.84152958112733, 10.994974368101163], [79.8419855023846, 11.00027846531755], [79.84198551495666, 11.000278615507838], [79.84152958112733, 10.994974368101163]], [[79.84502754599634, 12.034793795074645], [79.8457232786772, 12.038282216302116], [79.84572317820545, 12.038281939338665], [79.84502754599634, 12.034793795074645]], [[79.84445555939101, 12.031925657018673], [79.8448421747081, 12.02653286507639], [79.84445559657246, 12.031926026222825], [79.84445555939101, 12.031925657018673]], [[79.80735529333592, 11.970061375565217], [79.80747546540516, 11.971534758986676], [79.8074754320058, 11.971534388952374], [79.80735529333592, 11.970061375565217]], [[79.80342132194693, 12.016893502213726], [79.79151283649729, 12.026975299267372], [79.7908767413396, 12.018514010544084], [79.80342132194693, 12.016893502213726]], [[79.78995832943211, 11.895375390024572], [79.7899583660677, 11.89537539458926], [79.79763286574183, 11.89748869671775], [79.78995832943211, 11.895375390024572]], [[79.79269360686155, 11.826097622307122], [79.79568780712157, 11.827777776837324], [79.79269360641966, 11.82609791814817], [79.78544245363243, 11.831100310981109], [79.78225637481619, 11.832071950282941], [79.78032907796641, 11.831816428633834], [79.76446500988204, 11.822835969102126], [79.78032911597451, 11.831816133746587], [79.79269360686155, 11.826097622307122]], [[79.79100451442966, 10.98636594136495], [79.79433134029281, 10.983297500813794], [79.79100453721297, 10.986365920716404], [79.79100451442966, 10.98636594136495]], [[79.78449942768687, 11.861950070455581], [79.78449939008007, 11.861950107383784], [79.77993528513541, 11.86233812439615], [79.78449942768687, 11.861950070455581]], [[79.78106672281774, 11.782204522012067], [79.7836569071697, 11.784003311952668], [79.78106673094675, 11.78220460777922], [79.78106672281774, 11.782204522012067]], [[79.77010361526719, 11.781294534215796], [79.7701035403345, 11.781294460146515], [79.78085513886997, 11.779972076892479], [79.77010361526719, 11.781294534215796]], [[79.78066434971785, 11.873205436928519], [79.78066438727033, 11.873205436986096], [79.77990344852995, 11.877922699602479], [79.78066434971785, 11.873205436928519]], [[79.77836964095391, 11.86607029765951], [79.77836963819914, 11.866070302165594], [79.77919170694466, 11.863489530962527], [79.77836964095391, 11.86607029765951]], [[79.77337283038963, 11.836642262070132], [79.77571118628543, 11.837572762002711], [79.77571126089292, 11.837573057973318], [79.77337283038963, 11.836642262070132]], [[79.77571126089292, 11.837573057973318], [79.77883951543811, 11.84705618585371], [79.78065853188082, 11.847880214805375], [79.77883958999986, 11.847056517913321], [79.77571122329039, 11.837573094896076], [79.77337286751097, 11.836642520098039], [79.77571126089292, 11.837573057973318]], [[79.77850592750775, 11.878234020413418], [79.77850596500248, 11.87823405745845], [79.77709361297543, 11.87764886717814], [79.77850592750775, 11.878234020413418]], [[79.7735716382292, 11.876189634924863], [79.77571573054708, 11.877077979927222], [79.77357167850231, 11.87618965212875], [79.77393689350686, 11.882557478385255], [79.77178808634585, 11.88287660307055], [79.7735716382292, 11.876189634924863]], [[79.76916570360456, 11.856741179375543], [79.76677607056573, 11.856153182781702], [79.76551257092034, 11.85048582572541], [79.76916570360456, 11.856741179375543]], [[79.76618600315803, 11.873439625953543], [79.77094047803868, 11.86497826775783], [79.77012448568051, 11.872338599596393], [79.76618600315803, 11.873439625953543]], [[79.76254153449665, 11.847208488881197], [79.76740943660847, 11.838976075457193], [79.76254155337948, 11.847208530698657], [79.76254153449665, 11.847208488881197]], [[79.76739132663145, 11.990491135091235], [79.74188355866819, 11.976805468038194], [79.75038415113401, 11.977948689590828], [79.75736814257417, 11.981390145038223], [79.76009579517324, 11.985205769283537], [79.76403998282193, 11.986728477831349], [79.76739132663145, 11.990491135091235]], [[79.73871673554576, 11.842773923486584], [79.73883182647985, 11.83943566930243], [79.7549317814186, 11.8375186812823], [79.73871673554576, 11.842773923486584]], [[79.76340238328466, 11.832499531434058], [79.76340234580623, 11.832499494391008], [79.76443244219782, 11.831229102020597], [79.76340238328466, 11.832499531434058]], [[79.7628787988582, 11.943297839088439], [79.76258833103861, 11.929574771108816], [79.76287882578501, 11.943298169384061], [79.7628787988582, 11.943297839088439]], [[79.7627766840188, 10.963042435476707], [79.76282508803888, 10.964593826684746], [79.7627788189059, 10.963110871720863], [79.7627766840188, 10.963042435476707]], [[79.75719935565367, 10.958939643885452], [79.76263956345284, 10.958647601326522], [79.76225654749649, 10.958668162655805], [79.75719935565367, 10.958939643885452]], [[79.75902034975597, 10.909779574834964], [79.76206846253757, 10.912095188949914], [79.76206827358445, 10.912095045699557], [79.75902034975597, 10.909779574834964]], [[79.76018768605799, 10.914690263979825], [79.74567713667534, 10.912940156446457], [79.74619122754794, 10.913002160546677], [79.76018768605799, 10.914690263979825]], [[79.75941839041022, 10.905695382304929], [79.75943870796301, 10.905885288440077], [79.75943868647832, 10.905885088838897], [79.75941839041022, 10.905695382304929]], [[79.75858528506342, 11.868106466544585], [79.75880830562186, 11.874191644026963], [79.75880830504487, 11.874191976001846], [79.75858528506342, 11.868106466544585]], [[79.75462565217546, 11.864326187900565], [79.75462567091553, 11.864326466674639], [79.75361926417939, 11.849478048804729], [79.75462565217546, 11.864326187900565]], [[79.7125041571108, 11.789296162989634], [79.7228016150957, 11.785573534869803], [79.72449876370575, 11.782614062657618], [79.72864955315139, 11.780651367335714], [79.7551487696831, 11.774196705477253], [79.75514884466918, 11.774196742579186], [79.75689306269008, 11.777840722888307], [79.7568931371606, 11.777841055780561], [79.7125041571108, 11.789296162989634]], [[79.75284591842882, 10.985083017689034], [79.74720996086496, 10.986256837077761], [79.74948942201817, 10.985782085819475], [79.75284591842882, 10.985083017689034]], [[79.75165997496507, 11.924611105123567], [79.75165993863523, 11.924611437996992], [79.75169688768472, 11.92424599814369], [79.75165997496507, 11.924611105123567]], [[79.746879424416, 10.996586936298026], [79.7471730080802, 11.000342143357784], [79.74689969458929, 10.996846211211725], [79.746879424416, 10.996586936298026]], [[79.745574081638, 10.917588719237912], [79.74550625976003, 10.917371854252835], [79.74557419739659, 10.917589088925633], [79.745574081638, 10.917588719237912]], [[79.74557419739659, 10.917589088925633], [79.74275158602447, 10.918874157093754], [79.74480294307871, 10.917940222680066], [79.74557419739659, 10.917589088925633]], [[79.74554926550177, 11.861324538013525], [79.74554919566059, 11.86132416804143], [79.74297487201345, 11.84678459164113], [79.74554926550177, 11.861324538013525]], [[79.74264778201776, 10.922428338572704], [79.74106937682404, 10.92329898238605], [79.74259418121946, 10.922457904523798], [79.74264778201776, 10.922428338572704]], [[79.719109372536, 11.92731014981255], [79.73999485224745, 11.905901577519167], [79.739995185548, 11.905901680953633], [79.719109372536, 11.92731014981255]], [[79.73424445107084, 11.839574807850108], [79.73424448910811, 11.839574549948962], [79.73883544746883, 11.839330608032672], [79.73424445107084, 11.839574807850108]], [[79.72968285842963, 10.927730036219737], [79.73797785608053, 10.925965839215941], [79.7263705882401, 10.928434497296479], [79.72968285842963, 10.927730036219737]], [[79.73797785608053, 10.925965839215941], [79.73727479871098, 10.923138515270223], [79.73675661618698, 10.92105465864007], [79.73797785608053, 10.925965839215941]], [[79.73675661618698, 10.92105465864007], [79.73721040553724, 10.920889426729385], [79.73836576563367, 10.92046874339681], [79.73675661618698, 10.92105465864007]], [[79.73642853058116, 10.95538641999874], [79.738322859072, 10.950557425498262], [79.73627235477154, 10.95578454291113], [79.73642853058116, 10.95538641999874]], [[79.73651729371028, 11.808594351260329], [79.73651680995496, 11.808594549689362], [79.7285874192293, 11.808722885533001], [79.73651729371028, 11.808594351260329]], [[79.73273402757654, 11.83328888834807], [79.72930689089486, 11.836725977199182], [79.73273395256452, 11.833288851226746], [79.73159090264552, 11.824176193108793], [79.73273402757654, 11.83328888834807]], [[79.73341535344301, 11.821850157143993], [79.73292234897042, 11.822478674685083], [79.73341534987946, 11.821850085571397], [79.73341535344301, 11.821850157143993]], [[79.73298114946758, 11.813129313283948], [79.73335907162502, 11.820719755363642], [79.73298114648028, 11.813129522135856], [79.73298114946758, 11.813129313283948]], [[79.72185766628787, 11.861481156908932], [79.73316181196978, 11.862039410956388], [79.73316183263927, 11.862039448300784], [79.72185766628787, 11.861481156908932]], [[79.72185766628787, 11.861481156908932], [79.71896958401393, 11.852684306965486], [79.72185762947807, 11.861480787891239], [79.72185766628787, 11.861481156908932]], [[79.7311146378763, 11.901051126075226], [79.73048911141167, 11.889354812760104], [79.73202464332896, 11.891220799646797], [79.7311146378763, 11.901051126075226]], [[79.72931544128801, 10.94293422777008], [79.73012698416231, 10.943151126145478], [79.72979799429011, 10.943063198193785], [79.72931544128801, 10.94293422777008]], [[79.72760286206254, 10.967427660053355], [79.72069768089699, 10.967048835979318], [79.72855540567859, 10.967479917082422], [79.72760286206254, 10.967427660053355]], [[79.72755769365696, 10.934370818371884], [79.7275211180576, 10.933592595341914], [79.72747687032158, 10.932651122590645], [79.72755769365696, 10.934370818371884]], [[79.72755769365696, 10.934370818371884], [79.72134610912127, 10.934091336226968], [79.72253930672646, 10.934145022591336], [79.72755769365696, 10.934370818371884]], [[79.72521878938167, 11.805050910451946], [79.7266852516475, 11.808934449904504], [79.72521875133525, 11.80505116922141], [79.72521878938167, 11.805050910451946]], [[79.72575345618507, 11.80205517880789], [79.72575333576664, 11.802055429299905], [79.72369138305147, 11.801675496307436], [79.72575345618507, 11.80205517880789]], [[79.72203265312933, 10.950443314817806], [79.72643356724414, 10.95079811142688], [79.7214340151692, 10.950395053832468], [79.72203265312933, 10.950443314817806]], [[79.7138589955723, 11.793756527757163], [79.7129269314652, 11.790688032075453], [79.7138590238062, 11.793756597256467], [79.7138589955723, 11.793756527757163]], [[79.72317935630586, 11.80158115153818], [79.72286660012878, 11.796597373250147], [79.72347852496401, 11.798481374063437], [79.72317935630586, 11.80158115153818]], [[79.71108304267679, 11.934391183092075], [79.711465198313, 11.946724956166427], [79.72102280148542, 11.943014780610682], [79.71108304267679, 11.934391183092075]], [[79.71644017394796, 12.000329325285348], [79.71644004943542, 12.000329692357715], [79.71848316974004, 11.994297826753023], [79.71644017394796, 12.000329325285348]], [[79.71683085710538, 11.890898292954548], [79.71757883958912, 11.912754510583985], [79.71762095743419, 11.91682667801131], [79.70672213950468, 11.912067643854094], [79.70661186126895, 11.892727288492281], [79.71683085710538, 11.890898292954548]], [[79.71018657752478, 11.975271460447823], [79.71686502449755, 11.970693770586347], [79.7101867015543, 11.975271744888996], [79.71018657752478, 11.975271460447823]], [[79.65903652965476, 11.987315639769648], [79.6802365716073, 11.981685416810834], [79.70968962533432, 11.989336150645018], [79.71018657675178, 11.975271830440827], [79.7141282340362, 11.984271009030026], [79.70968962448246, 11.989336557657118], [79.70485696458381, 11.98985465151478], [79.65903652965476, 11.987315639769648]], [[79.71284281856607, 11.930972194611792], [79.6931487304238, 11.95075453808407], [79.69912183708414, 11.94147470042495], [79.71284281856607, 11.930972194611792]], [[79.71026961334934, 11.882888674045114], [79.71082516511215, 11.88771464846691], [79.7108251633874, 11.887714637563406], [79.71026961334934, 11.882888674045114]], [[79.70942833181694, 11.875580620259203], [79.70858265655697, 11.868234395406146], [79.71017893811043, 11.882100995177082], [79.70942833181694, 11.875580620259203]], [[79.70532548501063, 12.015308122471042], [79.7072438947985, 12.025252607821763], [79.70532547066122, 12.015308383971266], [79.70532548501063, 12.015308122471042]], [[79.6862562164404, 11.880885326272407], [79.68904759436849, 11.884181650627474], [79.69347069381377, 11.883871502296062], [79.6862562164404, 11.880885326272407]], [[79.69713829837741, 11.88765734500349], [79.69546097077169, 11.884924559867438], [79.69713832218967, 11.887657346858235], [79.70560183454914, 11.888380999826502], [79.69713829837741, 11.88765734500349]], [[79.69546089638915, 11.884924227720502], [79.69372163919283, 11.884004021026383], [79.69347069446741, 11.883871206395714], [79.69546089638915, 11.884924227720502]], [[79.69333473038203, 11.812747244502306], [79.70397824360576, 11.81205256134868], [79.70397814035127, 11.812052937818729], [79.69333473038203, 11.812747244502306]], [[79.69487034535203, 11.907725314379928], [79.69886427857291, 11.901753970486121], [79.69886439216681, 11.901754009282888], [79.6973545195821, 11.906133638755792], [79.69487034535203, 11.907725314379928]], [[79.69500998165435, 11.900437281871891], [79.69571321187868, 11.896234430274607], [79.69500998100591, 11.900437576887176], [79.69500998165435, 11.900437281871891]], [[79.69056530622403, 11.80745378889959], [79.67573944539552, 11.801549173241815], [79.67535763026343, 11.806258603946034], [79.69056530622403, 11.80745378889959]], [[79.68486016006376, 11.953066984284591], [79.65529729570655, 11.953596674328955], [79.65993955889898, 11.948987381720949], [79.66417078276616, 11.95030364653004], [79.67178925698708, 11.947539643586525], [79.67572257427138, 11.947927626818814], [79.68486016006376, 11.953066984284591]], [[79.68414482855397, 11.962315794888186], [79.68414487103955, 11.962315249038655], [79.68509835685309, 11.96018327308473], [79.6882293710148, 11.966967615079843], [79.68893562152472, 11.971887632929151], [79.68414482855397, 11.962315794888186]], [[79.65439591424978, 11.958547021894185], [79.66113570211262, 11.95741026803995], [79.66113570213125, 11.957410268820562], [79.65439591424978, 11.958547021894185]], [[79.67414087440264, 11.87993993553842], [79.686256217191, 11.880884994290156], [79.67414087453689, 11.879940268493117], [79.67414087440264, 11.87993993553842]], [[79.68337162160007, 11.812164373134076], [79.68337872857995, 11.812163837576701], [79.68173234899514, 11.812508795135532], [79.68337162160007, 11.812164373134076]], [[79.67002891898375, 11.916970392679469], [79.67002891828209, 11.916970687711599], [79.66144744096441, 11.916073166611044], [79.67002891898375, 11.916970392679469]], [[79.67128333057798, 11.932847586848156], [79.66924036442647, 11.922949044992643], [79.66924044513888, 11.922949024590736], [79.67128333057798, 11.932847586848156]], [[79.64629870338473, 11.816203758654162], [79.67001975623094, 11.814905579708881], [79.6462987729034, 11.81620411107987], [79.64629870338473, 11.816203758654162]], [[79.66425581045198, 11.860290772080878], [79.63987358840954, 11.850407048965904], [79.64550030180645, 11.849164946928173], [79.65015557228051, 11.849034298123224], [79.65314332037332, 11.85007447781288], [79.65579092780654, 11.85164375855172], [79.66425581045198, 11.860290772080878]], [[79.64183222687149, 11.90244878311775], [79.6495386347119, 11.906563270889395], [79.65596890862217, 11.907318692324132], [79.65680042023092, 11.9128743536042], [79.66271886274053, 11.911345497912867], [79.66287493966753, 11.914039567215282], [79.65680041940743, 11.912874686525521], [79.655968907705, 11.907319062229611], [79.64447376790785, 11.907563928209381], [79.64197520525491, 11.904679418437347], [79.64183222687149, 11.90244878311775]], [[79.66253372616622, 11.96203636085998], [79.66253372616636, 11.962036360917867], [79.66124795812915, 11.96211453395497], [79.66253372616622, 11.96203636085998]], [[79.66200838807498, 12.009890914890715], [79.66182273385057, 12.007411435241254], [79.66211576119194, 12.011324912830375], [79.66200838807498, 12.009890914890715]], [[79.65953947945758, 11.831946852677014], [79.65953947855041, 11.83194722248519], [79.65930137164217, 11.82822568837411], [79.65953947945758, 11.831946852677014]], [[79.65915610022368, 12.006752620505024], [79.65911676678914, 12.000369345190514], [79.6591560974808, 12.006752990533572], [79.65915610022368, 12.006752620505024]], [[79.65816867064005, 11.947929648212932], [79.65816870739228, 11.947929981264574], [79.65722999310002, 11.944900111451568], [79.65816867064005, 11.947929648212932]], [[79.64262516868716, 11.997408950677587], [79.64865243837998, 12.00596681856348], [79.65429292105054, 12.023789566227643], [79.64865247512473, 12.005967151684434], [79.64440351866912, 12.005600118503706], [79.64262516773611, 11.997409319796022], [79.63658104783195, 11.996426103087819], [79.63624531234142, 11.992474291505994], [79.64262516868716, 11.997408950677587]], [[79.64858660703314, 11.87730387657837], [79.64985453066771, 11.880329146403104], [79.64935588377416, 11.874644444405696], [79.64858660703314, 11.87730387657837]], [[79.64935588377416, 11.874644444405696], [79.64922721323116, 11.870284406528329], [79.64922721873754, 11.870284406916788], [79.64935588377416, 11.874644444405696]], [[79.64742030528028, 11.95687833658489], [79.64742023331212, 11.95687852680746], [79.64881363018856, 11.953184217678121], [79.64742030528028, 11.95687833658489]], [[79.64530248768683, 11.952557085751467], [79.6453024868355, 11.952557418718621], [79.64368750353917, 11.953270457993767], [79.64530248768683, 11.952557085751467]], [[79.6409322368786, 11.822664915210122], [79.64629870244241, 11.816204128441814], [79.64699703626421, 11.819750713594283], [79.6409322368786, 11.822664915210122]], [[79.6431530199706, 11.94638394141155], [79.6431529967451, 11.946384064071381], [79.64346660917977, 11.944719909007398], [79.6431530199706, 11.94638394141155]], [[79.62652657298479, 11.902395190878973], [79.64175059357392, 11.901175444734562], [79.64175062017014, 11.901175777370922], [79.62652657298479, 11.902395190878973]], [[79.63794488730986, 11.977122055185815], [79.63794482664717, 11.977122119105077], [79.6415598204696, 11.97327304963202], [79.63794488730986, 11.977122055185815]], [[79.62933861826302, 11.882147588238107], [79.63135181230429, 11.888082281807034], [79.63623635159993, 11.88054586423267], [79.62933861826302, 11.882147588238107]], [[79.63623635159993, 11.88054586423267], [79.63668966888376, 11.886736157603544], [79.63668963861133, 11.886735824633515], [79.63623635159993, 11.88054586423267]], [[79.62853835394759, 11.968029899359651], [79.63004743470333, 11.956412728403023], [79.61839882048602, 11.970144337010904], [79.62853835394759, 11.968029899359651]], [[79.62853837152424, 11.953507214295932], [79.62942505540126, 11.944081859750623], [79.62960467306846, 11.948037132183185], [79.62853837152424, 11.953507214295932]], [[79.62007326366418, 11.924433084049136], [79.62952719155443, 11.916124566408659], [79.62734311556001, 11.921612093791037], [79.62007326366418, 11.924433084049136]], [[79.62767192834593, 12.0304382574707], [79.62936890249556, 12.020831894893318], [79.6276719274518, 12.030438590527314], [79.62767192834593, 12.0304382574707]], [[79.61960820969779, 11.867612719439737], [79.62680537785968, 11.85239237266606], [79.6290325866994, 11.867227001651601], [79.61960820969779, 11.867612719439737]], [[79.62745609058061, 11.99812429320526], [79.62745599990083, 11.998123922944874], [79.62497140029426, 11.987955037888137], [79.62745609058061, 11.99812429320526]], [[79.61942988546333, 11.982755374564348], [79.61942984889642, 11.982755004462392], [79.62720349123404, 11.97528278194917], [79.61942988546333, 11.982755374564348]], [[79.62047786835335, 12.009347367544676], [79.61968634098316, 12.000387344175051], [79.62054895029884, 12.005150753056874], [79.62047786835335, 12.009347367544676]], [[79.61966008956063, 11.86037503495231], [79.61966008865083, 11.860375366910446], [79.61236119491784, 11.86238300556787], [79.61966008956063, 11.86037503495231]], [[79.62000893361513, 11.931720906243482], [79.61993702333041, 11.939871995471892], [79.61993698564996, 11.93987172789588], [79.62000893361513, 11.931720906243482]], [[79.6024214314709, 11.856514752982232], [79.60101915053271, 11.870369745176534], [79.60311464310455, 11.866324880046182], [79.6024214314709, 11.856514752982232]], [[79.61238117121506, 11.860146091330886], [79.60242145891648, 11.856514762981114], [79.60242143252785, 11.856514384044715], [79.61238117121506, 11.860146091330886]], [[79.59977362500504, 11.879803101469385], [79.60148804745401, 11.877712609545203], [79.59977366159912, 11.879803434457129], [79.59977362500504, 11.879803101469385]], [[79.49780017456037, 11.25705425471827], [79.49780013717427, 11.257054254586684], [79.4962028996696, 11.248004116959855], [79.49780017456037, 11.25705425471827]], [[79.43484281753948, 11.340254602577458], [79.43484282224787, 11.340254566580214], [79.43693812981705, 11.339995073557095], [79.43484281753948, 11.340254602577458]], [[79.25799522975454, 11.387732572647174], [79.25928792944552, 11.388405776032213], [79.25928785554473, 11.388405770245534], [79.25799522975454, 11.387732572647174]], [[78.13864248571976, 9.761698508984983], [78.14021292726461, 9.760758334271491], [78.13385254486104, 9.764566099891738], [78.13864248571976, 9.761698508984983]], [[77.1496286167246, 11.332792736310324], [77.13992113825302, 11.33518336293226], [77.1444923087517, 11.334057636508318], [77.1496286167246, 11.332792736310324]]], [[[80.3173287216565, 13.397226077136581], [80.32231688590026, 13.397521006276177], [80.32067378704777, 13.390917342642169], [80.3173287216565, 13.397226077136581]]], [[[80.31343488794198, 13.42405748688647], [80.3192822768322, 13.413932276998326], [80.31368291028019, 13.414991847513726], [80.31343488794198, 13.42405748688647]]], [[[80.31651724061405, 13.440152484674407], [80.32018159634984, 13.438219707453905], [80.31814213341747, 13.437677905623387], [80.31651724061405, 13.440152484674407]]], [[[80.30764575545737, 13.420198172710684], [80.30199737749537, 13.41384716955888], [80.30332898901266, 13.422297400327274], [80.30764575545737, 13.420198172710684]]], [[[79.84280000646939, 13.323311631504266], [79.84505500058654, 13.330697349430663], [79.84607271942144, 13.322952567816754], [79.84280000646939, 13.323311631504266]]], [[[79.48697465473846, 9.110328390413535], [79.49047906297288, 9.117811511080237], [79.49154372614008, 9.11646983477163], [79.48697465473846, 9.110328390413535]]], [[[79.47245753821147, 9.120418778649173], [79.47968856882024, 9.115902428700021], [79.47444529984067, 9.114267582782272], [79.47245753821147, 9.120418778649173]]], [[[79.45800880361348, 9.12564598507899], [79.46559672538476, 9.133705921568206], [79.46892288940718, 9.127653229308786], [79.45800880361348, 9.12564598507899]]], [[[79.4293840625145, 9.153243129149011], [79.43780240119268, 9.14687408545882], [79.42936317614267, 9.149547381957692], [79.4293840625145, 9.153243129149011]]], [[[79.3168194404275, 9.324915768259455], [79.35453494250574, 9.230500195679525], [79.41657459435743, 9.183740551791246], [79.42563580395687, 9.168002313066845], [79.20558038247596, 9.283224037825663], [79.3168194404275, 9.324915768259455]]], [[[79.21144660000925, 9.248284504424198], [79.21200551526202, 9.24322182464775], [79.20689995422813, 9.242762506280142], [79.21144660000925, 9.248284504424198]]], [[[79.19581033757032, 9.234397245343274], [79.20188754205233, 9.233069736835125], [79.19748391487028, 9.229397089270972], [79.19581033757032, 9.234397245343274]]], [[[79.18395600941344, 9.235626599181963], [79.19055244268438, 9.234304822567431], [79.18614252991352, 9.230991131625062], [79.18395600941344, 9.235626599181963]]], [[[79.17695758167243, 9.24376622292144], [79.18380432257854, 9.243531195348657], [79.17753622392043, 9.240900728417293], [79.17695758167243, 9.24376622292144]]], [[[79.12704667665851, 9.210592973321612], [79.1293603081824, 9.21826627602832], [79.13546521092475, 9.212082149235117], [79.12704667665851, 9.210592973321612]]], [[[79.0854905511619, 9.191205706969319], [79.07108336253299, 9.206161333588792], [79.08835424553904, 9.197853584267579], [79.0854905511619, 9.191205706969319]]], [[[78.96262575199714, 9.182583604380122], [78.96885220330759, 9.190883197323899], [78.97334954840251, 9.183244206408311], [78.96262575199714, 9.182583604380122]]], [[[78.93929670859606, 9.187383974746181], [78.91856961415083, 9.175629861239976], [78.9044953561926, 9.178108731293312], [78.93929670859606, 9.187383974746181]]], [[[78.82431050459049, 9.161843083383967], [78.82004983226668, 9.16902560082026], [78.8291281326313, 9.170995728751999], [78.82431050459049, 9.161843083383967]]], [[[78.75539012049826, 9.155525778962552], [78.76166107813741, 9.161340990424494], [78.76222629525772, 9.156348896590034], [78.75539012049826, 9.155525778962552]]], [[[78.72702241665095, 9.150462218589523], [78.73444680999194, 9.154246784908722], [78.73293640263333, 9.149653723530161], [78.72702241665095, 9.150462218589523]]], [[[78.70441478065526, 9.179883590375566], [78.71106677683755, 9.175194487661694], [78.70502950910127, 9.174382833071645], [78.70441478065526, 9.179883590375566]]], [[[78.69927717112789, 9.159113013996617], [78.70626517150485, 9.162694369536565], [78.70539459171478, 9.155794496151545], [78.69927717112789, 9.159113013996617]]], [[[78.69475269243851, 9.145966475373744], [78.69878358531277, 9.150355383287192], [78.69728942543172, 9.145114969437644], [78.69475269243851, 9.145966475373744]]], [[[78.56735671991423, 9.102415719215454], [78.58287198613178, 9.103388332093454], [78.5672186719008, 9.099230269815653], [78.56735671991423, 9.102415719215454]]], [[[78.53370039124144, 9.100851042673328], [78.54031953844155, 9.10640175037995], [78.5380353298897, 9.100244321197032], [78.53370039124144, 9.100851042673328]]], [[[78.48867846369642, 9.086537877689134], [78.49492338944268, 9.093257739533977], [78.4953701967462, 9.081553268991867], [78.48867846369642, 9.086537877689134]]], [[[78.25161492446402, 8.949738710088685], [78.26000478218018, 8.949034787777974], [78.25236469985448, 8.944467641205446], [78.25161492446402, 8.949738710088685]]], [[[78.22846022831092, 8.859525933303956], [78.23220441584996, 8.869380614106152], [78.23328791096876, 8.860778757674927], [78.22846022831092, 8.859525933303956]]], [[[78.21066570731435, 8.830449441772087], [78.21810702005406, 8.83543091582257], [78.21730745306276, 8.831163918991741], [78.21066570731435, 8.830449441772087]]], [[[78.18667777232925, 8.729830871396485], [78.19298508902713, 8.73613592215342], [78.19188089829476, 8.727295397915094], [78.18667777232925, 8.729830871396485]]]]}}, {"id": "30", "type": "Feature", "properties": {"subdivision_id": "TELANGANA", "name": "Telangana", "n_districts": 10, "area_km2": 111573.01911952085}, "geometry": {"type": "Polygon", "coordinates": [[[79.23300240224975, 16.51493733910873], [79.21548389226075, 16.237809289568183], [79.03863310522539, 16.252579249490648], [78.93306686290538, 16.209074622489467], [78.91811096395395, 16.11208142814589], [78.84532319894959, 16.16340406919895], [78.84404702708756, 16.09414591768735], [78.78255107973551, 16.03037448073241], [78.721047975455, 16.033324088012524], [78.62416119398024, 16.10530404761649], [78.56621465035433, 16.062736692648667], [78.42775769010521, 16.088964103635035], [78.26320241559532, 16.037230265428963], [78.24454970111408, 15.935105856231814], [78.1160069799612, 15.833175517494336], [78.0699838327243, 15.850473212264822], [78.04248305138364, 15.907863440894298], [78.00803887108235, 15.865011764124953], [77.89355423843188, 15.901483051716518], [77.80488927929503, 15.870793510923406], [77.51440942804425, 15.925835427279996], [77.48829989666272, 16.163176153633177], [77.5154489457855, 16.22790904263436], [77.49217409131394, 16.25433402993079], [77.59513481692197, 16.291444898471983], [77.59640271181732, 16.342048307212426], [77.49901562799788, 16.380140809254712], [77.34708305336967, 16.38386674485248], [77.23899106623934, 16.471971134742926], [77.370421084194, 16.48814978422605], [77.41954709073943, 16.52188931907754], [77.3955618069806, 16.56916495019746], [77.46847105182746, 16.588247453384103], [77.47364979768527, 16.650871616416985], [77.42068725570026, 16.66668279568103], [77.46926454392697, 16.68219295827019], [77.4710201237365, 16.71580372000588], [77.42750723230655, 16.71833689796233], [77.44161082936752, 16.786948678597696], [77.47530505421047, 16.782917452428368], [77.45741692750049, 16.912618079006084], [77.50346835226163, 17.01083591257588], [77.46656444758217, 17.10740594591783], [77.36363507312419, 17.16476466339164], [77.4025173225224, 17.211894880113988], [77.38401883923567, 17.222860335431573], [77.45830829274962, 17.278987471136645], [77.43776610080651, 17.291317372019375], [77.45534335083832, 17.373459030988275], [77.53193294790913, 17.375170306665343], [77.51399334837248, 17.43022032082928], [77.61468319003774, 17.447272270657347], [77.65688527187841, 17.506272062596], [77.65221833231305, 17.484227445405114], [77.69117469336248, 17.494649764827862], [77.59570379388138, 17.535593935808674], [77.59377978093387, 17.565627676775076], [77.53124113543497, 17.576017395572617], [77.50538424240065, 17.54367781364894], [77.44352548460203, 17.58414471018855], [77.45391881785615, 17.693838119692987], [77.56584161481648, 17.749698584649046], [77.51453350733883, 17.803902751300736], [77.6005230090691, 17.872903862213484], [77.5889462970026, 17.910625299115466], [77.62044021325535, 17.9053039171159], [77.6275686853427, 17.960117557473037], [77.65728164666726, 17.97173536758739], [77.54937461990869, 18.05591610276305], [77.60118902136072, 18.086455819132176], [77.56789970364103, 18.202526007885414], [77.60667622011363, 18.27991313866493], [77.553502331088, 18.293192239048594], [77.5704810973779, 18.319777507591517], [77.52295334469068, 18.350989005686795], [77.55869524324592, 18.419533116031364], [77.53191102308624, 18.442097349724364], [77.5887681189281, 18.44711929446668], [77.54967358591075, 18.464988562064594], [77.60464605081727, 18.475858332225307], [77.60082725862684, 18.54908584101932], [77.65247249722263, 18.554202778882264], [77.66125019445002, 18.528835475587073], [77.7403407694977, 18.55647907426271], [77.7319043705518, 18.66572186705235], [77.76148820151157, 18.708563277257404], [77.79033069067111, 18.68566456395726], [77.84140945192082, 18.80888327875662], [77.94671750028218, 18.82380574122754], [77.88559619799106, 18.909862392744998], [77.84443472551364, 18.91259643014234], [77.8576924890469, 18.95353683009154], [77.77114392306103, 18.982543806722454], [77.76113133776124, 19.029601889067376], [77.76544167180839, 19.063055783588926], [77.80099754405063, 19.052367727490203], [77.80646495334854, 19.102956311194717], [77.85205280972447, 19.091131690508533], [77.85043609030207, 19.197889405707908], [77.87130563816613, 19.25611667625962], [77.90969265422201, 19.268085241844958], [77.864751464442, 19.30291769762918], [77.95296227527895, 19.34209155595617], [78.05538144856294, 19.24279020735184], [78.1745119981226, 19.237496743008567], [78.20164395315449, 19.332789428411534], [78.18660766776543, 19.412703178786526], [78.31355647321573, 19.457404437282317], [78.28369310849556, 19.55901771839859], [78.31561184408976, 19.60495473434362], [78.27427275796116, 19.66380082669728], [78.34994092486696, 19.71424105583437], [78.37242128860682, 19.781670742447815], [78.34363145542224, 19.83967655282304], [78.2986832382526, 19.849991286863183], [78.32410103731864, 19.9158385347661], [78.49880796245007, 19.79385190259655], [78.53119452328947, 19.822350563539665], [78.6086960044068, 19.818272673934494], [78.72167787947936, 19.76776056076357], [78.85101621138716, 19.75944928698097], [78.86422796916322, 19.65756824835481], [78.97452983516366, 19.65061744166553], [78.98612342139893, 19.586582658201717], [78.96013864875853, 19.55335108910367], [79.10863763750393, 19.52966842510632], [79.18368897615369, 19.462589772568972], [79.22888261888487, 19.4697411191588], [79.24980476941786, 19.614291278096125], [79.4766576414877, 19.499624795833082], [79.54895834697044, 19.550705022371773], [79.60442364227593, 19.506084881532104], [79.64610313885396, 19.577255484647228], [79.79195202128159, 19.595987493360788], [79.94691222374954, 19.467298643773255], [79.97980447055882, 19.403952475909716], [79.92694844877661, 19.22956916734055], [79.950038800552, 19.17388092321357], [79.86481433600619, 19.107389617656466], [79.86637339433891, 19.038034973671373], [79.9229547107654, 19.050810715884246], [79.94135590140924, 19.025212927586313], [79.94594388864296, 18.86268903874787], [79.90091823296535, 18.83463875919573], [79.91605248701163, 18.810538698051676], [80.01940660255393, 18.77081275487773], [80.11801023139711, 18.680522957801262], [80.16532580144259, 18.700306555193226], [80.19621443315313, 18.680020081168674], [80.27484775917067, 18.722436819594147], [80.34928788024447, 18.591234930425497], [80.49099932236335, 18.63302909420367], [80.64035842595851, 18.524154243027983], [80.69879281815462, 18.42492961707072], [80.73435363855768, 18.414626326166516], [80.7524952424104, 18.308032965962358], [80.79605505791194, 18.26005043961585], [80.74120357055011, 18.224783534042274], [80.74251570160904, 18.177792769644014], [80.80594237576211, 18.17246963067221], [80.83756657294713, 18.240217944123405], [80.87550657708616, 18.213461299219663], [80.87007678286555, 18.139007267162228], [80.98178742970508, 18.174568724974453], [80.95211496591664, 18.087566410181907], [81.04083408024229, 17.796948805473708], [81.0820055059541, 17.793575265602062], [81.16796146453154, 17.85991609036003], [81.27184814865592, 17.817976353442344], [81.47538975335529, 17.832696069080612], [81.49440907522578, 17.810452019812807], [81.6197279281604, 17.82335413108876], [81.69684591977052, 17.892765430965206], [81.71175272025573, 17.869170251689795], [81.76685905801753, 17.901406537696957], [81.8013706081801, 17.860695521538208], [81.58527264217466, 17.734212304221973], [81.51165908750184, 17.59816262347037], [81.53248299109237, 17.578061003251936], [81.50225396073573, 17.457367574633377], [81.45037430435997, 17.39030388137205], [81.39407533398818, 17.363694657252044], [81.3391580345424, 17.40051053756293], [81.2760238512297, 17.32846014793277], [81.1991133402681, 17.335696228759762], [81.1716587056112, 17.241052295432304], [81.00010207642293, 17.18801268795398], [80.91412340496875, 17.209421884335807], [80.92212595864353, 17.154200439692815], [80.87910216331736, 17.154499088110292], [80.84135671464699, 17.034061067512134], [80.73450193526324, 17.072725718479987], [80.64831899253919, 17.063124296469493], [80.66537037351364, 17.095729213747273], [80.56877597727471, 17.14575675358528], [80.50469129473974, 17.115546778015297], [80.4548544928862, 17.02479401519312], [80.40360934944029, 17.085149628332765], [80.38267588132486, 17.070681625533656], [80.39646522899997, 17.014997659965182], [80.36683485290453, 16.978346084586214], [80.4965496273385, 16.925454870299646], [80.50000341004204, 16.956148571828255], [80.59296133863373, 16.934673929850025], [80.56345065789252, 16.833080061074007], [80.61302657346508, 16.796197078448706], [80.57171872092674, 16.771242561788085], [80.46521856674029, 16.798232547178728], [80.40843058055096, 16.85774571761023], [80.381674637925, 16.81912742914696], [80.27064596090239, 17.018122841478622], [80.20966733341469, 17.02053762180423], [80.19047938756862, 17.052244815257612], [80.14223519872323, 16.992704424989704], [80.05417132086613, 16.97253785357538], [80.01786327577298, 16.914541305206864], [80.00001661600582, 16.870579053800586], [80.07812986317538, 16.821152379234892], [79.9666549292892, 16.649711172576428], [79.91052851758417, 16.64542718851788], [79.87019162724461, 16.70563376177869], [79.8185614502437, 16.697831920620764], [79.78312142633945, 16.73674109037182], [79.4345235036458, 16.589430778570417], [79.27384279409837, 16.568170900303418], [79.23300240224975, 16.51493733910873]]]}}, {"id": "31", "type": "Feature", "properties": {"subdivision_id": "UTTARAKHAND", "name": "Uttarakhand", "n_districts": 13, "area_km2": 52237.65331079181}, "geometry": {"type": "Polygon", "coordinates": [[[78.84100880458254, 29.36218620331433], [78.93216866736078, 29.454157925699697], [78.79782721502052, 29.470083162640197], [78.61762129987933, 29.55592264560175], [78.5397934089035, 29.61853512011971], [78.5001593101316, 29.735600690373268], [78.4251718842409, 29.76668202522658], [78.34433461304607, 29.790494817888586], [78.24378293353202, 29.69840633838757], [78.15142506033882, 29.670454920774848], [78.05601793462088, 29.587447298710646], [78.04891009289358, 29.546990520825773], [78.00000915987218, 29.54024983247866], [77.99581608854398, 29.582455983420775], [77.9593254152343, 29.5848509692405], [77.98915231212072, 29.636491455652333], [77.95305028549443, 29.709085754881276], [77.83338865427763, 29.663530305976163], [77.7710235739288, 29.708020374804477], [77.77693202537138, 29.78008867820792], [77.71433688492927, 29.86648819718904], [77.74546267043706, 29.908183247559727], [77.74263045712603, 29.98219361527261], [77.78489381347268, 30.02102889752044], [77.79919972514439, 30.094734882588057], [77.85135833409984, 30.10700859929918], [77.94459226541237, 30.24170933565358], [77.72390950505478, 30.333723875930634], [77.64740616859359, 30.405951769395394], [77.57540233684546, 30.40516793654966], [77.82416871031633, 30.528183883942326], [77.74310080361987, 30.59348859045168], [77.79565355212272, 30.614442863549932], [77.79277479727355, 30.658881870720357], [77.74716698050962, 30.681006972725807], [77.70216567001052, 30.76394145243263], [77.75842234177371, 30.825104852492107], [77.75863139402573, 30.876492637514964], [77.80347391942429, 30.85379204453254], [77.8098223965173, 30.919090358885718], [77.75977117777336, 30.917626460727547], [77.74879844443598, 30.954950834496117], [77.83142321720487, 30.948867110847516], [77.81506569999107, 31.05748158026796], [77.90217366166593, 31.15008652639358], [77.96951152573007, 31.174136786473014], [78.02898681821642, 31.150232900419155], [78.04474834227102, 31.18061470875034], [78.37147479462004, 31.286036323108647], [78.48517601102054, 31.19878913861953], [78.61055526632492, 31.23137904359703], [78.66284500461836, 31.189607058019647], [78.81026786587455, 31.19991513184317], [78.88649302094706, 31.102089414578074], [79.01175670493342, 31.110081509364022], [78.92226624525534, 31.254063634018962], [78.94091224139254, 31.326660430032746], [79.00530002312837, 31.356748439943146], [79.07263033525936, 31.467233866813842], [79.23731733060123, 31.332118680245117], [79.30030535032716, 31.164788608815456], [79.39720178070627, 31.112985358992148], [79.42828892300783, 31.032127357921855], [79.51651383038688, 31.033708196396564], [79.54812894582646, 30.967747614481933], [79.60469663162854, 30.93738744448725], [79.75336664852615, 31.000621425262775], [79.8673113231088, 30.974741549261154], [79.93018678440049, 30.886680297519494], [80.05919766076556, 30.838440032466764], [80.11817404601796, 30.7740813615731], [80.17234609023012, 30.807181846040386], [80.23886724846244, 30.758511313306734], [80.234665645244, 30.691629930391144], [80.19535829832591, 30.66422592873279], [80.23044283941337, 30.573371839752237], [80.41521859209344, 30.525508239601994], [80.5410573930964, 30.448658749697195], [80.59884050405776, 30.48159272934355], [80.82570697127808, 30.314356694707875], [81.03396164978786, 30.247362295158783], [81.04296040516685, 30.198538280883543], [80.93668087911901, 30.17658552232323], [80.90282649177415, 30.21603861671924], [80.87477780585594, 30.130504484803616], [80.76926956014776, 30.055341609450675], [80.74430848042023, 30.00207073200808], [80.60034443370819, 29.95355371735926], [80.49647640374246, 29.79613871117335], [80.43813903937318, 29.805287160405264], [80.37400409021583, 29.748940586730757], [80.42377955616317, 29.64070498434038], [80.4137768337048, 29.597776337625376], [80.30271061126744, 29.485872698853157], [80.3029296436922, 29.45037965360336], [80.24632655505137, 29.440739404168067], [80.3166361245391, 29.322510268060707], [80.3022519699083, 29.198422667778967], [80.25413997700117, 29.21915178835782], [80.27362399790202, 29.14437269656027], [80.14891938291228, 29.099664655447], [80.14084509227025, 29.00633758716376], [80.066600383907, 28.91871627726428], [80.04657310919418, 28.757175740810546], [79.99998960311044, 28.710969746710315], [79.93411655232511, 28.726648182781677], [79.91310739827436, 28.79605513493857], [79.85233516929796, 28.80258547304924], [79.88745644538749, 28.81226996891036], [79.8659145451685, 28.838212709802043], [79.79513351976914, 28.799340471840235], [79.82050006162737, 28.85674065600744], [79.78634626268267, 28.88574144768871], [79.67799527810777, 28.84222705509036], [79.62536872554948, 28.862628745825802], [79.56266509888349, 28.839784822973915], [79.54825350007755, 28.886438586001134], [79.42291472094082, 28.84975836423986], [79.4132368563238, 28.926154161406863], [79.37151526820084, 28.96437279955411], [79.3106991335698, 28.94699726941789], [79.21588038618461, 29.02301696490498], [79.17010353530594, 29.016786829854002], [79.14277652188085, 29.123280820292795], [79.03894360643189, 29.16620755071585], [79.02889756189514, 29.111789456513936], [78.97427154883083, 29.160748494068585], [78.91230427603452, 29.144572451243345], [78.86464575425315, 29.255288440438957], [78.81187908075567, 29.251850959605218], [78.7258931577944, 29.311378321073043], [78.76951844301621, 29.34377622157429], [78.80093483402884, 29.323289209107156], [78.8238139591914, 29.37871669118372], [78.84100880458254, 29.36218620331433]]]}}, {"id": "32", "type": "Feature", "properties": {"subdivision_id": "VIDARBHA", "name": "Vidarbha", "n_districts": 11, "area_km2": 94001.95567569812}, "geometry": {"type": "Polygon", "coordinates": [[[78.84367504992603, 19.763164529941985], [78.72167787947936, 19.76776056076357], [78.6086960044068, 19.818272673934494], [78.53119452328947, 19.822350563539665], [78.49880796245007, 19.79385190259655], [78.4023841763232, 19.83694349272317], [78.33297811018652, 19.916462020088968], [78.25472270717066, 19.87298713287475], [78.25279861322915, 19.929350466675576], [78.10303252026011, 19.896675767447714], [78.05326997875326, 19.930716555898663], [77.95390486880817, 19.911225254027595], [77.87620665370804, 19.849553074557704], [77.8605284634458, 19.74365588139278], [77.93355600256434, 19.739318987594693], [77.9884604651804, 19.6807855894228], [78.0471020939548, 19.698890293422185], [78.08985623481114, 19.64521432332497], [78.17899350228515, 19.65504071475359], [78.18902672068265, 19.567355024176642], [78.1199055581193, 19.553618501683758], [78.12107456941547, 19.501359404365985], [78.0678646758603, 19.46699920974476], [78.02589004360391, 19.49740132437775], [77.99143689241518, 19.455198370375452], [77.97573902948523, 19.506085545930805], [77.9075991054545, 19.533237978546204], [77.88546308107712, 19.500333536197303], [77.84287445646935, 19.50983390929019], [77.834694185043, 19.43931537821601], [77.80485895507279, 19.464296179986817], [77.74899421915309, 19.43103207572974], [77.69596749651355, 19.440982921717428], [77.74966190223256, 19.521791152984193], [77.63414077906631, 19.55570878485906], [77.64476634739164, 19.607785407674594], [77.60746295141908, 19.646937269723967], [77.44605393732047, 19.687657859601103], [77.41332593253843, 19.743538181532738], [77.38547068798971, 19.72631401417871], [77.40992861061102, 19.772531689447714], [77.39001522856991, 19.820937908503613], [77.34454200118408, 19.829122504559795], [77.36531895908745, 19.85806240723203], [77.29859343989203, 19.879526210041952], [77.31613102347818, 19.909606207772352], [77.24089452729451, 19.8922583395251], [77.2039632296564, 19.991336748462686], [77.10202327875119, 19.932686389856812], [77.06107630477979, 19.99604989675235], [76.99320500240998, 20.01776892023644], [76.89615459137472, 19.945977923601475], [76.83712811849705, 19.96076443064652], [76.82345374256758, 19.926666618105745], [76.77332842055927, 19.93268606887602], [76.73938300453824, 19.87196279294315], [76.6786083430993, 19.846131383820005], [76.64339246351645, 19.866709111059265], [76.61053667221572, 19.838100644821417], [76.54042262507778, 19.844767762624443], [76.49326519500826, 19.91693792305088], [76.36815982576233, 19.925668431047004], [76.29818983154956, 19.869586024432518], [76.10023533104075, 19.855911918727713], [76.0486245941922, 19.94724729077835], [75.96725382895121, 20.000089732165243], [76.06812876257786, 20.069585484554832], [76.05729843972887, 20.09842881471758], [76.0974075961451, 20.097263188573223], [76.15124400042411, 20.204538969995212], [76.1341778439702, 20.22171865210935], [76.19488861937167, 20.300308589220926], [76.14188404071233, 20.299904895490926], [76.08314532810145, 20.364708198723278], [76.03114264912581, 20.28843014744684], [75.92813914011234, 20.30691475025871], [75.94217029697406, 20.371231065342187], [75.9681408262826, 20.373617623507773], [75.95055188712121, 20.51955040613716], [76.0403011095252, 20.555047823302825], [76.03284407144655, 20.638478150467815], [75.99813839953994, 20.667357529615302], [76.01603264778802, 20.73141923010761], [75.98690723815452, 20.75884644048183], [76.04993273139091, 20.788237406177863], [76.11165470386636, 20.881702188001892], [76.08411485626523, 20.92752726905675], [76.1665056542607, 21.04002354005144], [76.28057641681299, 20.958197622158426], [76.34690513414316, 20.94976739903312], [76.394406531613, 21.014138933116577], [76.38352795143481, 21.077281659592366], [76.45389963775072, 21.112806017832206], [76.48869876681961, 21.193921168112865], [76.62498543037646, 21.190544926731256], [76.66279600727135, 21.280225966397104], [76.62620431102833, 21.332856939250167], [76.78623997988134, 21.464154653336426], [76.76498383538716, 21.520254672228425], [76.797501855113, 21.595078503772264], [76.90346766761779, 21.598378030463767], [77.07507422403918, 21.720422791314935], [77.17435922390142, 21.724776474135155], [77.21038144582289, 21.691564906469026], [77.28627014717316, 21.72177818070694], [77.28939644014893, 21.760269379144084], [77.47893209191639, 21.76901815635256], [77.54574645892498, 21.698700422336685], [77.57454541909733, 21.56045773686822], [77.61073313705826, 21.540643393117865], [77.46086379712405, 21.554365938620347], [77.42024922014677, 21.530861738654117], [77.49037584931668, 21.375744226291975], [77.53058014247108, 21.41900241559011], [77.58795691902272, 21.362536702165563], [77.60510318331853, 21.391597232206145], [77.67087765606139, 21.369577400552245], [77.69484363072526, 21.39514122254558], [77.70895432602744, 21.3571992565282], [77.73763965752967, 21.36284951575679], [77.80324514183191, 21.410421172679154], [77.94285919360513, 21.385132206389418], [78.1738121056935, 21.49673400595869], [78.18544331530602, 21.556833354780494], [78.27389581872515, 21.56891787328592], [78.27076032190425, 21.59245595538632], [78.36572557257612, 21.57655757892973], [78.38430498278818, 21.61687647280708], [78.42741247015564, 21.60021969441273], [78.43493478885746, 21.50015123720672], [78.51351725587278, 21.526848743575556], [78.7293887523546, 21.46303734815564], [78.7517233991626, 21.492508796207762], [78.7774584779003, 21.465823644314305], [78.78989593902477, 21.487813913318433], [78.93727511966792, 21.4861907803028], [78.91869304825127, 21.59100088371033], [79.00000879965862, 21.61742522196615], [79.09374288567766, 21.59796083076631], [79.15355651575035, 21.659261282939163], [79.22569120562743, 21.649623655388776], [79.23449704973297, 21.72265746062508], [79.35493232563611, 21.67777746676405], [79.49462499569682, 21.67312175871043], [79.54271422983032, 21.543442039625752], [79.73888584477218, 21.601854497987016], [79.9222183284218, 21.524076295321446], [79.94281594869204, 21.55637033947083], [80.00001228953757, 21.534369385309745], [80.0700812960959, 21.554280340631422], [80.1948243215082, 21.633898334415406], [80.26689847722491, 21.619934082472394], [80.37733520640684, 21.52099847286238], [80.4180571580612, 21.43840770664955], [80.41012948922399, 21.376782211600702], [80.49227603352091, 21.39797497979041], [80.60002584931584, 21.325351045543652], [80.67045603541322, 21.325492934225213], [80.6391089800521, 21.24801486650641], [80.46407944187307, 21.17348780477759], [80.44008234719684, 21.09788412539836], [80.4541256219722, 21.03746797040699], [80.43053246159067, 21.010459790191717], [80.4623457377496, 20.933132507871594], [80.54869716769458, 20.935030863235934], [80.55239891032284, 20.766750320311342], [80.58702065317904, 20.685181989343562], [80.48844185325139, 20.61864085142224], [80.5187697334561, 20.586743480494558], [80.6292575230434, 20.605584352843067], [80.59298425213592, 20.39763213877232], [80.62475603687258, 20.335824654267256], [80.51776728500532, 20.271737081301122], [80.38981539336488, 20.24375888159621], [80.42086947972149, 20.192382879036302], [80.40072178153326, 20.14623053928988], [80.50497036271936, 20.141262665989384], [80.55316170877401, 20.068222491080874], [80.52739929978972, 19.933588538171012], [80.45065715684449, 19.955254603891117], [80.41322920985228, 19.935072463177477], [80.41464329800704, 19.908517453269994], [80.48964303649275, 19.90161306799172], [80.5045460788837, 19.87153480535373], [80.40167126487043, 19.79736909248876], [80.48513152594947, 19.775333346016748], [80.47617827509927, 19.827492480331223], [80.5495095246051, 19.822197162979787], [80.54675079782922, 19.77759158205502], [80.67302461906661, 19.695500576641283], [80.66403419454693, 19.61567946591822], [80.83493924133394, 19.56639325869736], [80.89946563374737, 19.469639464709584], [80.7952816233561, 19.430600920339774], [80.8524298787402, 19.36499352286164], [80.75663214705322, 19.29083074559234], [80.69596988124688, 19.28751850903699], [80.67921069939672, 19.33037864218418], [80.6174378234736, 19.31101798438706], [80.57504616438817, 19.404585552187378], [80.39051025319867, 19.242854204389776], [80.39383893993784, 19.19283249788297], [80.33200963975902, 19.14534540729972], [80.32930252933794, 19.07879412023271], [80.27490708743626, 18.99132721384544], [80.27484038245964, 18.93289596712594], [80.35583556444955, 18.82833135961702], [80.24943382254438, 18.76411571767674], [80.27484775917067, 18.722436819594147], [80.19621443315313, 18.680020081168674], [80.16532580144259, 18.700306555193226], [80.11801023139711, 18.680522957801262], [79.90091823296535, 18.83463875919573], [79.94594388864296, 18.86268903874787], [79.94135590140924, 19.025212927586313], [79.9229547107654, 19.050810715884246], [79.86637339433891, 19.038034973671373], [79.86481433600619, 19.107389617656466], [79.950038800552, 19.17388092321357], [79.92694844877661, 19.22956916734055], [79.97980447055882, 19.403952475909716], [79.94691222374954, 19.467298643773255], [79.79195202128159, 19.595987493360788], [79.64610313885396, 19.577255484647228], [79.60442364227593, 19.506084881532104], [79.54895834697044, 19.550705022371773], [79.4766576414877, 19.499624795833082], [79.24980476941786, 19.614291278096125], [79.22888261888487, 19.4697411191588], [79.18368897615369, 19.462589772568972], [79.10863763750393, 19.52966842510632], [78.96013864875853, 19.55335108910367], [78.98612342139893, 19.586582658201717], [78.97452983516366, 19.65061744166553], [78.86422796916322, 19.65756824835481], [78.84367504992603, 19.763164529941985]]]}}, {"id": "33", "type": "Feature", "properties": {"subdivision_id": "WEST_MP", "name": "West Madhya Pradesh", "n_districts": 30, "area_km2": 166339.09048801116}, "geometry": {"type": "MultiPolygon", "coordinates": [[[[76.797501855113, 21.595078503772264], [76.78623997988134, 21.464154653336426], [76.62620431102833, 21.332856939250167], [76.66279600727135, 21.280225966397104], [76.62498543037646, 21.190544926731256], [76.49248438460587, 21.195689301864647], [76.45389963775072, 21.112806017832206], [76.37737351699083, 21.075264990957628], [76.1731848949807, 21.082528113038347], [76.11439274432009, 21.162503607077173], [76.17331690460989, 21.186130024290904], [76.09917935034642, 21.371609510104268], [76.05276937639456, 21.350401387494777], [75.88813671339219, 21.397304238216247], [75.54729953901469, 21.370247266030685], [75.21815277713686, 21.408712556979175], [75.11315477769303, 21.45741639327209], [75.05572219705677, 21.56275674420677], [74.89947563076589, 21.628098875838717], [74.78632315672911, 21.60881425096227], [74.55551519946658, 21.68015767464496], [74.54904208797304, 21.716465804499016], [74.50775438397906, 21.724852753049543], [74.52427805146323, 21.906779988681812], [74.44524373042988, 21.969170660471228], [74.44269860758308, 22.024539564799714], [74.38478578715859, 22.018256378016076], [74.28673894556104, 21.93426967178492], [74.20144231134314, 21.92377089846174], [74.0959272341393, 21.999977318645985], [74.17664680010094, 22.08486613398272], [74.12605380417257, 22.096030670332873], [74.11868100891797, 22.2111700600868], [74.0715390424754, 22.22021407678232], [74.06791999135253, 22.358545926561707], [74.1080245787939, 22.369854601909115], [74.13036793849861, 22.33055472953944], [74.18729142677162, 22.320097372981078], [74.20314581732893, 22.36575821676517], [74.29080161304516, 22.392498480566392], [74.2010262738362, 22.43527693084911], [74.18725798058294, 22.47599825319281], [74.18305998562973, 22.44228035798583], [74.14050932922036, 22.454880233548487], [74.11916553329011, 22.41902394961483], [74.07416313131564, 22.46389722651693], [74.08142159334876, 22.506754089943957], [74.0330940397924, 22.489805337171987], [74.04070267104431, 22.540392305034366], [74.14968694085273, 22.51556272304673], [74.2622199509872, 22.642800488666204], [74.37825094013378, 22.63649388704754], [74.47662991936565, 22.856305493402353], [74.44919295580485, 22.92167338310494], [74.39791702937278, 22.897112872338244], [74.3595079537506, 22.930857523415096], [74.33910096796943, 22.962474468395133], [74.36835949810548, 22.977790028801778], [74.32031935780796, 23.060464116388722], [74.3889761348432, 23.109682847267482], [74.51036541964359, 23.08638047758578], [74.66778732160542, 23.198839328851044], [74.74454228569128, 23.20937373515643], [74.7446607633292, 23.229962374897823], [74.69373001132308, 23.220389742542643], [74.72096264851237, 23.23978695195684], [74.69993933502145, 23.269431134193407], [74.55190565994931, 23.279973438561385], [74.51671079675212, 23.32620328147843], [74.61218020881464, 23.45869012864856], [74.84491374705873, 23.55122706734392], [74.93953685591981, 23.627301557675697], [74.90741378047565, 23.679773935776858], [74.94050672405207, 23.73177096170516], [74.90571127834961, 23.87081013020255], [74.99341290553001, 24.026466513874905], [74.88154414557835, 24.210346670767244], [74.8948199776486, 24.258491688878983], [74.75304090857291, 24.279637680803734], [74.85885950813926, 24.464152303514382], [74.71242142933646, 24.50794031171099], [74.81802316426725, 24.6685204237493], [74.77614663798876, 24.684624109317298], [74.80038946337334, 24.792498234100346], [74.89389417561331, 24.652107619084003], [75.00123840056912, 24.705105610213423], [74.99483230937487, 24.749350128244387], [75.02286627462487, 24.769445217025975], [74.87929720879967, 24.809933400854334], [74.85005490944594, 24.789451598650064], [74.82761503507979, 24.949024776146345], [74.85462772739834, 24.97148860959884], [74.94627849163643, 24.874571135586926], [75.04504330737417, 24.855778025268844], [75.12070902303465, 24.885495344399413], [75.11727986029183, 24.95758104631461], [75.16646590788575, 24.988052262812], [75.16127134361716, 25.041859816329872], [75.33861851140345, 25.041081731810554], [75.319775845092, 24.90346662983406], [75.27815653644986, 24.97299726916211], [75.29528331453497, 24.919436857530027], [75.26357359815219, 24.885961904209587], [75.31348478105775, 24.865708407608942], [75.42665305127373, 24.888883765744193], [75.41947064295427, 24.86005083508512], [75.30783953029854, 24.809598010643754], [75.28104846852733, 24.849783368002957], [75.22938843036205, 24.855488964138264], [75.25204940252858, 24.892003266377966], [75.21022174788116, 24.90635549038037], [75.20331883019644, 24.88056446212503], [75.22972533944598, 24.84410190047807], [75.2539412711919, 24.833483146363857], [75.18732950851435, 24.764447340019256], [75.21874154831649, 24.718784256226442], [75.4541326183288, 24.68937309718115], [75.58440742667173, 24.71872178128786], [75.61584702112167, 24.684423404373295], [75.76254732814333, 24.760665886955206], [75.84171956347696, 24.725685897466757], [75.83095100928672, 24.609214880723496], [75.92031380530743, 24.567286302702843], [75.92792337793267, 24.52922084221384], [75.89386016721326, 24.505439074986104], [75.91175731955627, 24.4519923235644], [75.84988250647572, 24.414876925094124], [75.79371350985872, 24.47112921755962], [75.7292758589773, 24.401276587169644], [75.74025967552207, 24.343988115859112], [75.81362766855175, 24.299426124103366], [75.82926888607896, 24.242403193164254], [75.77577745260841, 24.21692457385754], [75.74560141778386, 24.135678747793534], [75.83805329722195, 24.107390407670366], [75.83596046473384, 24.07147803803517], [75.78171513620055, 24.058171460454954], [75.76401595180567, 23.99408037022424], [75.70224842851556, 23.965238116061183], [75.67105533602303, 24.02972267102716], [75.58546286892107, 23.98817706327143], [75.51592944258522, 24.045014143876507], [75.45779279833488, 23.917114678945644], [75.56205757796162, 23.85627496089604], [75.58393474541016, 23.796692974981532], [75.65337887057582, 23.798233680495134], [75.68605341749299, 23.756850706171903], [75.68904849641768, 23.815489850647694], [75.71954836223202, 23.815260762390793], [75.73088155093824, 23.854422048200007], [75.7040970698951, 23.90025249438659], [75.77893067765095, 23.850051014745034], [75.97814788294771, 23.92897011604745], [75.96257746798837, 24.02136792706068], [76.13747409430553, 24.091161200171815], [76.12418375299839, 24.192227441076273], [76.18860563132073, 24.327255115541934], [76.21862672645965, 24.212586303989333], [76.28593636606627, 24.21145596615008], [76.33017735617587, 24.249323972781024], [76.41781562273422, 24.203110861530696], [76.47344198714808, 24.22705567940981], [76.53495390594406, 24.159138652897248], [76.58334994991397, 24.17632665993195], [76.5917282393073, 24.24517254390059], [76.69687997333043, 24.280593651615263], [76.67799451929527, 24.1890443778485], [76.704954944229, 24.167058235250206], [76.75889881533844, 24.167695179853286], [76.80504136107217, 24.115955088092463], [76.90402563061929, 24.126701593678522], [76.94865131453584, 24.20182850745415], [76.84436881883386, 24.33421032941759], [76.85566494351814, 24.464528321594365], [76.81892562250006, 24.529764002322093], [76.91736261176092, 24.538933549153896], [76.91908405794796, 24.48304514161598], [76.9697960323084, 24.45624905127144], [77.0694287208937, 24.565225572242937], [77.03148080704011, 24.70616326495503], [76.95651469920921, 24.76069418834744], [76.85188661760128, 24.745683313179658], [76.80618280715133, 24.815093674491365], [76.9538054776823, 24.86806337864823], [76.89607070133643, 24.91486145137515], [76.85922654147451, 25.00546110940844], [76.99887592696845, 25.075030239511566], [77.11976368466644, 25.064145207449744], [77.17499572745821, 25.10873886159645], [77.26778559516198, 25.114249201189494], [77.30839441224497, 25.07887249308325], [77.40125516035607, 25.10697278521303], [77.39645820298642, 25.18312899543571], [77.42379751985567, 25.18795497309219], [77.35546192157221, 25.266673705156336], [77.38065049779362, 25.300730450688263], [77.3422511752687, 25.320468810810098], [77.36729096602409, 25.407796774710505], [77.31122022612834, 25.431253465957298], [77.22600105733449, 25.368321122473162], [77.21081388693142, 25.30634970092035], [77.08100374292559, 25.33463806455569], [76.94710930253899, 25.27037713704351], [76.89848614619046, 25.31742610540317], [76.77519187280177, 25.307265604644044], [76.60749199269884, 25.38410813159834], [76.527599597289, 25.519417476319802], [76.51595635267131, 25.667935265614688], [76.48292065230652, 25.690177654315676], [76.53589205084853, 25.72904427580505], [76.54084849811892, 25.804225607438525], [76.65177308471175, 25.903815886584766], [76.75123045453392, 25.904136526330433], [76.76173741199102, 25.93658637770352], [76.81220423206133, 25.947852097632733], [76.89395222226159, 26.088114903997166], [77.09820808730228, 26.18554985321822], [77.13064643931042, 26.23258238674892], [77.20979641676125, 26.232010443224613], [77.34166634751219, 26.3517591731492], [77.43953711683658, 26.359496169561606], [77.43487340456618, 26.401396357362035], [77.53013146666176, 26.409359329659544], [77.67520212795178, 26.50269738547789], [77.82068983180979, 26.549141159651892], [77.82817911333062, 26.59415574470742], [77.88722951997542, 26.61459392111824], [77.91151144499467, 26.660452083169993], [78.00023858438304, 26.69689924634518], [78.09381899694453, 26.677299608492063], [78.1242606199404, 26.748846866443646], [78.10359880309873, 26.783646647740134], [78.18804594693128, 26.78777042046323], [78.17589903882876, 26.82614267601626], [78.26927997559442, 26.815145303567977], [78.29053547594286, 26.85826611551356], [78.35988722371725, 26.868535345538742], [78.39822490228183, 26.81907421166437], [78.57439409333578, 26.751880244535684], [78.72405890212534, 26.79438878357155], [78.81483089352463, 26.762983047492213], [78.87362801602404, 26.698893742908066], [78.95687617117358, 26.69097742872808], [78.9466200273171, 26.656931144574347], [79.0091623997568, 26.670966755470054], [78.9882414418633, 26.568366067036127], [79.06954629855733, 26.49762728245486], [79.05700265444537, 26.450402430188408], [79.13534957154299, 26.43917861593896], [79.08524565211043, 26.360417707948486], [79.14223650109034, 26.33938233536995], [79.13503700614484, 26.31046881995328], [79.04537145516795, 26.26142807066936], [79.06536477747967, 26.227346741542117], [78.99256774014654, 26.23745496626982], [79.0289951228022, 26.20412665365134], [78.98399476284746, 26.187262918585567], [79.0089227733027, 26.1494652556285], [78.95082823794073, 26.133625221803566], [79.01128568664497, 26.07631662360329], [78.95238050549044, 26.031493623319168], [78.93749592522194, 25.943946685658045], [78.8842649911723, 25.910247085830417], [78.89052322169891, 25.86488142748857], [78.85444468380305, 25.85511003773039], [78.86968164585835, 25.793847931112797], [78.81901753511035, 25.824740913009535], [78.82824237404202, 25.79404756611195], [78.7544432223168, 25.743743992110325], [78.8189432222032, 25.669190694108888], [78.81275259044233, 25.619301107092966], [78.65600250820142, 25.560384280068554], [78.61600249502521, 25.583804095085238], [78.58852347567274, 25.55904482104558], [78.43653545761549, 25.55856958745585], [78.42784180783303, 25.472380863379726], [78.3546097295839, 25.449602171304946], [78.30664419404224, 25.37855618466716], [78.33818288946054, 25.33155299256657], [78.31490004201055, 25.305828146725844], [78.35203462309033, 25.29279217125446], [78.3921804513704, 25.19008746947128], [78.45080630640604, 25.167509228449035], [78.42509987299246, 25.148455778307152], [78.44973207540016, 25.123744368543385], [78.33934593668141, 25.088213710963544], [78.33414410173015, 24.994600454906333], [78.17169188937362, 24.876839624082947], [78.27426740429516, 24.664841974033795], [78.26504079660566, 24.553519705502577], [78.22264488958096, 24.526981175142367], [78.2757658135602, 24.468503475756183], [78.09272458542257, 24.3190965105424], [78.09719246041288, 24.261090754923767], [78.06909210797332, 24.246346335273536], [78.09568850115235, 24.230405579817624], [78.05910902627566, 24.230401404492724], [78.14296266314615, 24.20218698475074], [78.09658197851701, 24.15561873592764], [78.13544432236304, 24.115744763755497], [78.11865695290541, 24.04972233375507], [78.07515869268886, 24.044138213055696], [78.17554973069026, 24.008969044827996], [78.21190328345789, 24.06793459094953], [78.27810365101998, 24.02875542619792], [78.28876763940146, 23.96506491504932], [78.26492072449399, 23.945896718862535], [78.29302546558468, 23.914455601751715], [78.26220519983426, 23.858720683436577], [78.29850249410558, 23.828326711399473], [78.2638589652344, 23.815260885415483], [78.28660869443371, 23.783819981472828], [78.25735195281061, 23.788460645674498], [78.2376715226729, 23.713966259066733], [78.26905730652827, 23.727917975662674], [78.29269262565292, 23.673708431556957], [78.29024963503525, 23.69860479492137], [78.32385594182438, 23.692184524273152], [78.3986752136249, 23.632409885305883], [78.42871799417081, 23.719061098917166], [78.40034259065727, 23.730923708426076], [78.37268443947609, 23.684008593248727], [78.3461223032773, 23.679544843454494], [78.36859780965746, 23.725679905006377], [78.43344021104726, 23.74447714903514], [78.4689167272513, 23.643149266437067], [78.51357516412583, 23.657300445932098], [78.50376239494456, 23.531934668168766], [78.5373043245431, 23.561455844379708], [78.63943423374845, 23.54765241498828], [78.73314805511805, 23.58077365688489], [78.73531492872654, 23.53116231623911], [78.60004123416043, 23.423031411793133], [78.65357671497361, 23.33812366728209], [78.7244683649626, 23.346434039988175], [78.77024846112604, 23.294701591736548], [78.75713456401479, 23.24828441409502], [78.81506229023415, 23.22028691149144], [78.80030498088361, 23.098040583617298], [78.72965729341874, 23.046431407475982], [78.44232931327872, 22.98505003666563], [78.46861093761811, 22.958414892615988], [78.57169044384702, 22.955577339665627], [78.59009432965351, 22.81580075901488], [78.63766175869151, 22.797573343750297], [78.63284101158588, 22.75994998824301], [78.69713154825214, 22.763820751404847], [78.69355692014145, 22.70769707871952], [78.61472224478153, 22.651976403997534], [78.52701157580667, 22.66515651810426], [78.5006617399718, 22.637296650366988], [78.54842093241919, 22.532074817556065], [78.51450293602886, 22.479905885051814], [78.56139332452436, 22.42323116495008], [78.46121823567142, 22.379931197524687], [78.37970086631498, 22.41934872487955], [78.28699805625081, 22.41637716030055], [78.28312136597162, 22.35228918616226], [78.24902120375361, 22.322869624915956], [78.29497563702553, 22.253178804697853], [78.26727899053591, 22.222317116376562], [78.2781594627929, 22.09125040042578], [78.34507779194114, 22.11020605011817], [78.34724343708662, 22.05473753273834], [78.40219763680808, 22.00512220437395], [78.3900708809894, 21.92641364539754], [78.46997071705616, 21.960698262015722], [78.54194933395878, 21.908099882984732], [78.54134413073334, 21.853052239549335], [78.46964452390235, 21.815187426638005], [78.49879542985188, 21.792129120433373], [78.46175200298252, 21.722937753435975], [78.42964797892965, 21.718202333208378], [78.3331830600628, 21.579413250295975], [78.26682548181608, 21.591934431679007], [78.27389581872515, 21.56891787328592], [78.18544331530602, 21.556833354780494], [78.1738121056935, 21.49673400595869], [77.9095570204019, 21.37777757202699], [77.80324514183191, 21.410421172679154], [77.73763965752967, 21.36284951575679], [77.70895432602744, 21.3571992565282], [77.69484363072526, 21.39514122254558], [77.67087765606139, 21.369577400552245], [77.60510318331853, 21.391597232206145], [77.58795691902272, 21.362536702165563], [77.53058014247108, 21.41900241559011], [77.49037584931668, 21.375744226291975], [77.42320122777991, 21.53649492464098], [77.61073313705826, 21.540643393117865], [77.57454541909733, 21.56045773686822], [77.54574645892498, 21.698700422336685], [77.47893209191639, 21.76901815635256], [77.2831026483879, 21.75876605666307], [77.28627014717316, 21.72177818070694], [77.21038144582289, 21.691564906469026], [77.17435922390142, 21.724776474135155], [77.07176400221663, 21.71930217252213], [76.90346766761779, 21.598378030463767], [76.797501855113, 21.595078503772264]], [[77.65626930038684, 25.911027645108277], [77.65625963337993, 25.91101852525975], [77.65103077181311, 25.906085210552078], [77.65626930038684, 25.911027645108277]]], [[[74.17775532871092, 22.388477652572533], [74.15897117051163, 22.413040169642546], [74.1726089914065, 22.418668316759106], [74.17775532871092, 22.388477652572533]]]]}}, {"id": "34", "type": "Feature", "properties": {"subdivision_id": "WEST_RAJASTHAN", "name": "West Rajasthan", "n_districts": 11, "area_km2": 193310.84087027996}, "geometry": {"type": "Polygon", "coordinates": [[[72.3483391758042, 24.619868135240903], [72.15563705444391, 24.618127181573378], [72.07869481025382, 24.65531332171618], [72.07916435184475, 24.699593096269208], [72.04630600891639, 24.708482440404783], [71.93749525935411, 24.629771667243475], [71.86967299986199, 24.678382769330955], [71.8513722526249, 24.607423891432635], [71.80463320328049, 24.625224273881766], [71.79193830698154, 24.673994863367227], [71.65397345618395, 24.637169039557342], [71.60895195346468, 24.674757509563992], [71.48027552711375, 24.678379243292696], [71.3745260718639, 24.626545117422232], [71.34248844169171, 24.658225818245963], [71.28890364590205, 24.612805530926362], [71.0910680353061, 24.68930206323485], [70.93630882549476, 24.941284191469766], [70.88551885324247, 25.1511740841836], [70.66533780670916, 25.397572810247702], [70.6579823682422, 25.705805503068646], [70.39073281239537, 25.67355796360599], [70.27605905599627, 25.709260916199096], [70.09927148554428, 25.935461610545033], [70.08641487208216, 26.087857251344168], [70.17401473155815, 26.24200371892695], [70.17329952320526, 26.551099190416057], [70.06433203839603, 26.600175196385855], [69.80443706657252, 26.597635770665644], [69.5146883178742, 26.74195790040442], [69.48436528535855, 26.8080019269335], [69.51518710560606, 27.01386861763196], [69.58968520792868, 27.18293801680801], [70.02464740860472, 27.561316902166844], [70.13468895138094, 27.807023972486128], [70.37431444349981, 28.01203151272799], [70.49672332058398, 28.03658261414507], [70.59245300911826, 28.00964490868109], [70.67701368604848, 27.923949174455796], [70.68744480620687, 27.828150309317877], [70.7445888888772, 27.74305148065899], [70.88253801161618, 27.70822607211944], [71.27263113493404, 27.850177735308094], [71.65885047159938, 27.87556541768216], [71.8986570371403, 27.963213703202896], [71.9350392087981, 28.132694263141072], [72.20520639062819, 28.390358193031986], [72.30211588710054, 28.673431587137475], [72.38886392247582, 28.76879920989702], [72.94740660995703, 29.030399725783933], [73.27867085596462, 29.559696827675726], [73.39971129137264, 29.940688844287227], [73.79633729732166, 30.068146533882658], [73.97591223166172, 30.19643423172719], [73.97607107052262, 30.12247890825558], [73.903995461214, 30.048257530866337], [73.90020871872889, 29.97140461316972], [74.52874607424117, 29.942987944438613], [74.51464061487626, 29.907392733955824], [74.56313297061956, 29.865109810777145], [74.47458421154612, 29.7871619367795], [74.48123689126948, 29.743580444197136], [74.61479461204941, 29.75211419398764], [74.57551163629026, 29.562642980726856], [74.62336350021376, 29.52611738702012], [74.58769859807371, 29.457646124022872], [74.53781949903163, 29.448677946291653], [74.60434473514985, 29.32718526419765], [74.65042338636897, 29.32997254605571], [74.65888139996257, 29.371161147150058], [74.76542848167954, 29.35450138238665], [74.85011437326861, 29.402466371948144], [74.93615657162017, 29.362820621049], [74.96198377463693, 29.279999875493807], [75.0489100490363, 29.28503570955333], [75.08700520106586, 29.230213523671953], [75.18909202369161, 29.266218903398688], [75.23255340591403, 29.232436988314507], [75.32858620277065, 29.290798003891044], [75.3241311911973, 29.233286873693096], [75.40800802845642, 29.25217290722224], [75.40984385340477, 29.18603441368636], [75.37022365966884, 29.139796996734574], [75.40529557820697, 29.125542191342674], [75.38961414368906, 29.06740603859948], [75.43926812167626, 29.061718857592542], [75.44368179976945, 29.013503087733284], [75.52008721315403, 29.007655265560366], [75.52546164681866, 28.97218691355706], [75.47587522868442, 28.923101459319046], [75.5220489691718, 28.83331152117496], [75.50712010209699, 28.784373208767377], [75.54797353967689, 28.645441761959166], [75.67382439523946, 28.529598761967822], [75.61399241878146, 28.50219100966611], [75.59061984818146, 28.444070306463615], [75.61534193771573, 28.40624739261138], [75.57172564460303, 28.407101919656874], [75.57175384877475, 28.377766587293188], [75.53562741894017, 28.380618473267496], [75.5018149870809, 28.33687424263153], [75.43800433599105, 28.364397248281126], [75.38310154865617, 28.337855202146105], [75.25390567199729, 28.459744399679614], [75.21847479762152, 28.390408149836436], [75.13154373200429, 28.401647616862483], [75.16479121720192, 28.344724629000634], [75.14888141540547, 28.29163945513854], [75.0502130849965, 28.253066156504993], [75.02958100301396, 28.198159771768868], [74.8926003857258, 28.191861620700934], [74.85662493038419, 28.133551811856716], [74.79392882147526, 28.11301406812866], [74.80343760587623, 28.030789969719635], [74.76129478399194, 27.987680304012095], [74.82906671478318, 27.910478698840592], [74.73830042243422, 27.889142266204633], [74.72959749190873, 27.862434537728824], [74.81731823067032, 27.799683181792265], [74.74131472801098, 27.764442285578422], [74.74466559383467, 27.6851812442066], [74.68104529884532, 27.66720414029352], [74.70594466939365, 27.59262768073889], [74.76109757920447, 27.58050190559307], [74.71638488141109, 27.537475496927318], [74.72310326243634, 27.501184273688562], [74.85721880022652, 27.450291187277585], [74.87323693402685, 27.41189892939017], [74.84499364404502, 27.378697383180814], [74.87380842120592, 27.371995614204533], [74.87929430680968, 27.310637023584643], [75.05751820750746, 27.381443597690556], [75.11817201643645, 27.376500860615742], [75.10836337306526, 27.338280240075203], [75.16790184936204, 27.316265466344003], [75.15962701379593, 27.280906317725353], [75.07190556664109, 27.219346739948723], [75.12532695784239, 27.211008468829515], [75.11816333559108, 27.183939331260287], [75.20107045103536, 27.1285474651286], [75.28226025177123, 27.12309285228722], [75.31622804959468, 27.1591439300366], [75.3684084376826, 27.087565002698916], [75.22113383511855, 27.082761226448532], [75.25926409257528, 27.034127003992342], [75.20440881143269, 27.006991658736105], [75.20396246619778, 26.97355805609226], [75.1597603608712, 26.96977033044529], [75.16560200971865, 26.932849195429707], [75.01362909333359, 26.945237248842318], [74.9929127965882, 26.888322499957734], [74.9610166335317, 26.960273011227674], [74.85211811486995, 26.97502649685878], [74.81582175071199, 26.86842336777008], [74.77414253600453, 26.848734010187762], [74.77901076358062, 26.79019767249623], [74.69782463689229, 26.77112553878897], [74.66539450205114, 26.711330820024106], [74.72358096597931, 26.701852769536956], [74.67394915736656, 26.593954248628556], [74.61868838532956, 26.565832827519664], [74.59329826505902, 26.629065030963506], [74.47285107218786, 26.49052941851158], [74.29076414277537, 26.44896414526292], [74.30550568584307, 26.331434793817603], [74.25354014384511, 26.28622285538665], [74.3044617019376, 26.251925714751387], [74.38967763247688, 26.279079199886844], [74.36930563102406, 26.19011764996536], [74.27317916839587, 26.173841093876614], [74.30433054155374, 26.135459795536516], [74.24268683095008, 26.049977996565026], [74.18293954372275, 26.029214726361808], [74.16248779731137, 26.066309715017248], [74.17321919211207, 26.010333543639142], [74.1256336302969, 25.960606262031977], [74.15539963751357, 25.95764179195631], [74.15766801638193, 25.917207351336504], [74.10763592165549, 25.85252724835481], [74.05407702017361, 25.827064740547677], [74.00583575037234, 25.86470173459063], [73.95100878217255, 25.840830828363874], [73.90219874662495, 25.67454405395444], [73.86466385141915, 25.650908175834456], [73.73360133449083, 25.38214329924451], [73.61206899589077, 25.286269065887783], [73.59390945340962, 25.192792474893388], [73.46188802727565, 25.089444212667615], [73.39709784048112, 25.074200970231647], [73.32964598515184, 24.977144205314133], [73.32765179252085, 24.90858272946792], [73.27141030425702, 24.877306142058366], [73.23101053433993, 24.793532510717395], [73.14025490093778, 24.75257725731382], [73.13800854140611, 24.68771345649114], [72.9770371740185, 24.451146246973064], [72.95912937149181, 24.383861810393864], [72.98734873246217, 24.364011458102482], [72.91955467141871, 24.32652477906627], [72.86366386228616, 24.366152555516575], [72.73444775133811, 24.359500946652474], [72.69248807464162, 24.458004650033544], [72.53946082110221, 24.508056342673708], [72.49520515997162, 24.451597317340376], [72.50226805830115, 24.4111964486509], [72.45911706829962, 24.408502542622973], [72.43706267567784, 24.505726016261907], [72.38072070755938, 24.5021390665004], [72.352355763142, 24.554242714885042], [72.28931671633362, 24.540335739454434], [72.2451632557231, 24.582202920143708], [72.3483391758042, 24.619868135240903]]]}}, {"id": "35", "type": "Feature", "properties": {"subdivision_id": "WEST_UP", "name": "West Uttar Pradesh", "n_districts": 36, "area_km2": 111182.33990910549}, "geometry": {"type": "MultiPolygon", "coordinates": [[[[78.98874878557561, 24.4428790402691], [78.88536951154036, 24.218841269931684], [78.80866689425044, 24.177689464376723], [78.76671875080974, 24.254200915817226], [78.67546019101047, 24.240703493427866], [78.58475905462099, 24.352644137158126], [78.51166170700125, 24.389467709242858], [78.38844317794961, 24.269501907304186], [78.33206776633449, 24.325139248738385], [78.36709146516122, 24.38126727020388], [78.27296597857611, 24.442784780285212], [78.22582439343438, 24.518124802161754], [78.26504079660566, 24.553519705502577], [78.27474409546502, 24.66235880731774], [78.16964971306905, 24.866086480589033], [78.33414410173012, 24.994600454906266], [78.3344474259769, 25.08375116403349], [78.44973207540012, 25.123744368543363], [78.42509987299236, 25.148455778307163], [78.45080630640602, 25.16750922844908], [78.3921804513703, 25.190087469471273], [78.35203462309026, 25.292792171254522], [78.31490004201042, 25.305828146725737], [78.33818288946047, 25.3315529925666], [78.30664419404218, 25.378556184667055], [78.35460972958388, 25.44960217130495], [78.42784180783298, 25.4723808633797], [78.4365354576155, 25.558569587455786], [78.58852347567274, 25.55904482104558], [78.61600249502521, 25.583804095085238], [78.65600250820142, 25.560384280068554], [78.81275259044233, 25.619301107092966], [78.8189432222032, 25.669190694108888], [78.7544432223168, 25.743743992110325], [78.82824237404202, 25.79404756611195], [78.81901753511035, 25.824740913009535], [78.86968164585835, 25.793847931112797], [78.85444468380305, 25.85511003773039], [78.89052322169891, 25.86488142748857], [78.8842649911723, 25.910247085830417], [78.93749592522194, 25.943946685658045], [78.95238050549044, 26.031493623319168], [79.01128568664497, 26.07631662360329], [78.95082823794073, 26.133625221803566], [79.0089227733027, 26.1494652556285], [78.98399476284746, 26.187262918585567], [79.0289951228022, 26.20412665365134], [78.99256774014654, 26.23745496626982], [79.06536477747967, 26.227346741542117], [79.04537145516795, 26.26142807066936], [79.13503700614484, 26.31046881995328], [79.14223650109034, 26.33938233536995], [79.08524565211043, 26.360417707948486], [79.13534957154299, 26.43917861593896], [79.05700265444537, 26.450402430188408], [79.06954629855733, 26.49762728245486], [78.9882414418633, 26.568366067036127], [79.0091623997568, 26.670966755470054], [78.9466200273171, 26.656931144574347], [78.95687617117358, 26.69097742872808], [78.87362801602404, 26.698893742908066], [78.82010891739937, 26.75968047469384], [78.72405890212534, 26.79438878357155], [78.57439409333578, 26.751880244535684], [78.39822490228183, 26.81907421166437], [78.35988722371725, 26.868535345538742], [78.29053547594286, 26.85826611551356], [78.26927997559442, 26.815145303567977], [78.21816665396626, 26.830282830813207], [78.19954901414692, 26.882782214463635], [78.23499980944695, 26.876803660287745], [78.27075451757713, 26.917668668103524], [78.22441614907281, 26.948107209649567], [78.11975675796475, 26.94740510778621], [78.10983250620859, 26.899179163537205], [78.05057123361583, 26.909621406810622], [78.0560883435058, 26.86900977082297], [78.03027134551814, 26.855084882926498], [78.01495007893733, 26.904858873868655], [77.9081553568768, 26.91877732007845], [77.89828491956169, 26.8836935639805], [77.7614826168852, 26.931991477892673], [77.72383338919713, 26.875617602231927], [77.61234167729702, 26.827132192691927], [77.52843956198022, 26.816367416205225], [77.50573075613937, 26.842311718425147], [77.48797427066249, 26.748269165848853], [77.43619408271078, 26.76451355107278], [77.43017800371017, 26.861415249394508], [77.7444909028889, 26.9824805792618], [77.76322591840152, 27.01700306862979], [77.73468012819951, 27.025797077825736], [77.72205889189982, 26.992219686132906], [77.68636226583743, 27.044794976704413], [77.63548872115346, 27.00979802315603], [77.56546855226607, 27.031217222880553], [77.57379202603188, 27.072319730830664], [77.52236597930404, 27.064747831260046], [77.51039880052882, 27.093539793014916], [77.59898092170143, 27.11736879628208], [77.61339301313863, 27.16275397489756], [77.68136484171794, 27.19460754493127], [77.60009154326971, 27.294829012863552], [77.62261269674224, 27.337661887771798], [77.58299454238949, 27.32100442474751], [77.4403005749853, 27.39350619872897], [77.4380901489598, 27.456385723748486], [77.34363612396395, 27.52440758822296], [77.35870939229362, 27.587782130835592], [77.31980501249915, 27.606086150532704], [77.34527172523535, 27.69057214142573], [77.30633053712579, 27.71309154261021], [77.31300197646004, 27.78242047505367], [77.28461252153825, 27.80098682508302], [77.34829199381817, 27.85398285963099], [77.42142224747964, 27.853421360702463], [77.42136880996883, 27.89051102755811], [77.46758348417687, 27.879628880011605], [77.48685104075123, 27.934528093951055], [77.5453867944181, 27.94359479213319], [77.47827888218343, 28.080338295644083], [77.50589271967961, 28.15419955529802], [77.55197655466951, 28.175966458958342], [77.50167931144692, 28.179434523267506], [77.49871852892852, 28.206331427641896], [77.52873293237762, 28.196106055002776], [77.55089489727546, 28.2420533736735], [77.47694908935632, 28.26408011170147], [77.5055259161631, 28.30138832311872], [77.4735049142395, 28.332379036313863], [77.50404128021212, 28.35262555764197], [77.48443435239373, 28.40789158609026], [77.3051413673883, 28.555732227913847], [77.34625279456911, 28.603392151011704], [77.3213046867176, 28.6391865225465], [77.33370385341296, 28.71041555057635], [77.29509038307268, 28.7070330410502], [77.20468972213968, 28.796959832985785], [77.22763916539562, 28.82995056625787], [77.18840623726085, 28.88027520137984], [77.231619891694, 28.898814515471283], [77.20062931272162, 28.950388494057663], [77.22478510919314, 29.000679770566013], [77.1327216736058, 29.1006048438523], [77.16501519968439, 29.330391719643043], [77.12858754837745, 29.352099364141907], [77.15794457040097, 29.384718509450572], [77.09708158190149, 29.595895222032226], [77.14289733944582, 29.658075807379433], [77.1287931240333, 29.766057091180766], [77.16420655286727, 29.788414286523913], [77.20119962591643, 29.917207829396173], [77.28274776992126, 30.043509494075078], [77.42696307501025, 30.102202250305094], [77.43619378360246, 30.163578026377493], [77.4859864580579, 30.183660313898923], [77.58333782422001, 30.306287633971674], [77.5907117840218, 30.407576331748714], [77.64740616859359, 30.405951769395394], [77.72390950505478, 30.333723875930634], [77.94459226541237, 30.24170933565358], [77.85135833409984, 30.10700859929918], [77.79919972514439, 30.094734882588057], [77.71433688492927, 29.86648819718904], [77.80460626682712, 29.67647834930413], [77.96420360445454, 29.699841653284764], [77.98892116714231, 29.60845698819589], [77.9593254152343, 29.5848509692405], [77.99581608854398, 29.582455983420775], [78.00000915987218, 29.54024983247866], [78.04891009289358, 29.546990520825773], [78.05601793462088, 29.587447298710646], [78.15142506033882, 29.670454920774848], [78.24378293353202, 29.69840633838757], [78.34433461304607, 29.790494817888586], [78.4251718842409, 29.76668202522658], [78.5001593101316, 29.735600690373268], [78.5397934089035, 29.61853512011971], [78.61762129987933, 29.55592264560175], [78.79782721502052, 29.470083162640197], [78.93530364280846, 29.45018498587421], [78.88242862965615, 29.38637182896038], [78.82117183535388, 29.376897161028207], [78.80093483402884, 29.323289209107156], [78.76951844301621, 29.34377622157429], [78.7258931577944, 29.311378321073043], [78.81187908075567, 29.251850959605218], [78.86464575425315, 29.255288440438957], [78.91230427603452, 29.144572451243345], [78.97427154883083, 29.160748494068585], [79.02889756189514, 29.111789456513936], [79.03894360643189, 29.16620755071585], [79.14277652188085, 29.123280820292795], [79.17010353530594, 29.016786829854002], [79.21588038618461, 29.02301696490498], [79.3106991335698, 28.94699726941789], [79.37151526820084, 28.96437279955411], [79.4132368563238, 28.926154161406863], [79.42291472094082, 28.84975836423986], [79.54825350007755, 28.886438586001134], [79.56266509888349, 28.839784822973915], [79.62536872554948, 28.862628745825802], [79.67799527810777, 28.84222705509036], [79.78634626268267, 28.88574144768871], [79.82050006162737, 28.85674065600744], [79.79513351976914, 28.799340471840235], [79.8659145451685, 28.838212709802043], [79.88745644538749, 28.81226996891036], [79.85233516929796, 28.80258547304924], [79.91310739827436, 28.79605513493857], [79.95258681829172, 28.71540167186771], [80.01740424363703, 28.72345091790731], [80.07034803083064, 28.829225999236915], [80.13338861672972, 28.82214357001614], [80.32292995798666, 28.696542339084957], [80.3037370070172, 28.61651604984718], [80.38088369908894, 28.592097380838773], [80.43509345749939, 28.5109090344106], [80.37633122216543, 28.459836473023273], [80.32401677524176, 28.481062699259464], [80.3010367604346, 28.453344514075095], [80.37117728553153, 28.342622966667378], [80.3070192106462, 28.258526804160415], [80.30192830387838, 28.151974631880265], [80.25106229696573, 28.15049805269261], [80.24576317869312, 28.053654834775934], [80.1235776856624, 27.99626093690825], [80.08210668170686, 27.926650047717903], [80.02544608514448, 27.918772672796138], [80.07318576480392, 27.747197818563215], [79.9140417119454, 27.720565940771063], [79.86141947132383, 27.649735604147388], [79.73780351675869, 27.719063343832488], [79.68836625337606, 27.63342859695161], [79.73095636150097, 27.528605364058606], [79.71642183095265, 27.47321860129472], [79.74696854213448, 27.451881991052783], [79.69035780446193, 27.372823506909228], [79.7325116657964, 27.27975181157392], [79.70021060033193, 27.22920976299938], [79.90556406562189, 27.1465091264871], [79.9226467585554, 27.09763563200803], [79.97307685596616, 27.071649593960736], [80.02776173841313, 26.939561295975555], [80.10686593329659, 26.871640007393392], [80.14128225683874, 26.732398900501984], [80.25912552217981, 26.66948261771268], [80.30398578522355, 26.605698943617906], [80.30981292691463, 26.525583063707018], [80.53332494645913, 26.35753841763138], [80.56705767626055, 26.226675645132516], [80.32440090476584, 26.11347867674433], [80.2172470774948, 25.971703108984432], [80.2368044077729, 25.92245372103276], [80.27162730345033, 25.93067793454571], [80.31447628076279, 25.887250096366298], [80.38942400984043, 25.91061786524045], [80.55643676081226, 25.86671214255584], [80.46429006305861, 25.82232584568745], [80.52333426697166, 25.77675416305263], [80.58016587486429, 25.780072510329447], [80.55573644750639, 25.73464238472057], [80.59126438134702, 25.710269639755733], [80.74299767196037, 25.680673836705818], [80.83585897865002, 25.72743999520303], [80.8628485412048, 25.675844640921902], [80.94322707986885, 25.68525714257388], [80.95878861784267, 25.608000699312583], [81.03733936936399, 25.62606622247329], [81.00003382113704, 25.57109711615929], [81.02660034276681, 25.5391550371195], [81.19138075229239, 25.48750130869402], [81.1915087098479, 25.449811297013756], [81.15148204044817, 25.425500935954005], [81.16371832627036, 25.383347070541713], [81.2689927557967, 25.3238173013754], [81.32498984035752, 25.347304840825007], [81.39737869582997, 25.32972746490189], [81.39400230739402, 25.27056362533161], [81.45998008238716, 25.25862876178398], [81.55012414871739, 25.290066586648248], [81.56403085901238, 25.24104328751301], [81.52119973111344, 25.22676838670236], [81.53306304607156, 25.140192234744813], [81.48016279107962, 25.13151714366989], [81.51595763073897, 25.103391117657186], [81.49208132558427, 25.07153474463579], [81.40921718980991, 25.10427113982401], [81.44672429535906, 25.10696073222991], [81.43860685641701, 25.130120717237432], [81.39960962742943, 25.119608247156908], [81.33834018433971, 25.168874841159724], [81.32302903513896, 25.112709937476495], [81.31478623011262, 25.162356403686054], [81.27751226865298, 25.164083876005407], [81.26989149013981, 25.06489199228452], [81.20995607857888, 24.99218196861497], [81.22081292134666, 24.931042962233118], [81.16964803534688, 24.954970971448677], [81.14061412661364, 24.888579589109796], [81.08462044765841, 24.948663113130173], [80.96336892470092, 24.92206309141475], [80.94499374938198, 24.96879158458527], [80.90818329729001, 24.93587116649949], [80.81031313267748, 24.940682580110842], [80.79810263229746, 24.967967294227087], [80.8563385778876, 24.994344889421452], [80.83486281392213, 25.035335647422645], [80.91320445755767, 25.15640399800818], [80.88635783551847, 25.191644701186185], [80.8445777087118, 25.188697741101837], [80.83593438879797, 25.10638858250627], [80.8078256352893, 25.142454058068765], [80.70785026262445, 25.133109594301626], [80.78411206991709, 25.05778561313591], [80.68170996532808, 25.050199453961028], [80.68743164087368, 25.07782878918973], [80.60951021135266, 25.10034843248853], [80.64056240513916, 25.119221328910374], [80.60278029425612, 25.151132550693227], [80.59594109900686, 25.10502259737311], [80.61491407598774, 25.068147969728642], [80.48257991806233, 25.097691693571704], [80.55030444423687, 25.002650920248378], [80.4603240738433, 24.98261313333138], [80.46624615498384, 25.000098665508954], [80.433644026547, 25.026555242176453], [80.50174169938259, 25.037515941846312], [80.44878587066597, 25.07792265307916], [80.37379288874034, 25.053583744419758], [80.39019159648278, 25.005614346740753], [80.28647183530332, 25.01746170802599], [80.28955919449882, 25.055824244823313], [80.35307141895608, 25.054368933021614], [80.35937701585374, 25.140644403043105], [80.43182240103042, 25.169905352276803], [80.40723432914338, 25.238661693127796], [80.31220391748818, 25.284483863988292], [80.31899204978627, 25.38284226080036], [80.26412814227969, 25.42416669055478], [80.25342571907522, 25.400361705494845], [80.20215536779347, 25.411659296111186], [80.13144037523801, 25.333886609120967], [80.02883497026592, 25.338553506607887], [80.00474019621366, 25.26409411188895], [79.85505531962734, 25.23558978717231], [79.86371255276961, 25.09400225421061], [79.75342626343416, 25.13929565017239], [79.60557936902605, 25.126785192684125], [79.57323327759244, 25.172848968420464], [79.49746113754378, 25.078091096714626], [79.46810766176887, 25.091654428599497], [79.47600444883209, 25.129742391773455], [79.40670084305711, 25.108738004265316], [79.39145961852968, 25.165509762182168], [79.45036054701158, 25.207775648951003], [79.46689599287231, 25.264638431392303], [79.49814315096171, 25.265543613044407], [79.46515285246878, 25.2790474154279], [79.42298921414475, 25.2543947185436], [79.37511075773469, 25.289450357827423], [79.3606190159733, 25.260526689831856], [79.35357142440579, 25.328128151362478], [79.30239678356413, 25.33528392916726], [79.26703754427571, 25.266546602129438], [79.34772782811365, 25.267892214526597], [79.3545571886951, 25.209417392671202], [79.28117163824973, 25.24325256855028], [79.31072903678212, 25.1285514818933], [79.26753895665591, 25.11731777315684], [79.24331225307986, 25.156129673024804], [79.22135847641577, 25.143556414033455], [79.24582736173625, 25.11157492596101], [79.19229684747431, 25.14629116854677], [79.18671590260773, 25.112877390337296], [79.13652631764268, 25.10594505878627], [79.09169504662766, 25.187625920331104], [79.02907775307366, 25.138299561026127], [79.0638476560022, 25.220779148906587], [79.01238750078059, 25.271981429679773], [78.97852225006804, 25.239946307549864], [79.00314407901861, 25.191009644443653], [78.9556517200073, 25.21521080074596], [78.87904408467254, 25.161055033089156], [78.88316612457913, 25.25076263761314], [78.97743929283016, 25.28020736023541], [78.96028996680027, 25.34482487682928], [78.88387704325747, 25.339387462124623], [78.84900131566701, 25.22416219282135], [78.818955796788, 25.294784568515663], [78.79050265946812, 25.29254229978681], [78.88215540411562, 25.38255921362862], [78.95682633953507, 25.395079870042448], [78.89986735909501, 25.370218104906616], [78.93605099249572, 25.346743041616765], [78.98597750387587, 25.370950007764986], [78.96764611561476, 25.433783304165114], [78.91070459197856, 25.44181140813534], [78.94929958801458, 25.546253329772043], [78.88865550087367, 25.55498202642132], [78.88353275069593, 25.519124013091034], [78.83580509441619, 25.504792633447337], [78.86462257792451, 25.461988253745044], [78.84165693900339, 25.427320647186075], [78.83731573621944, 25.460532014892138], [78.73913914610765, 25.49544566953489], [78.7624270775912, 25.42869017483699], [78.82030289497865, 25.42529127321718], [78.7504644865038, 25.407550473211465], [78.77165051573687, 25.353294387990434], [78.66512237600013, 25.382831354021842], [78.66376853865992, 25.41496248088007], [78.70870775802943, 25.42369158579632], [78.65998391142013, 25.438817945857025], [78.6358133042404, 25.40129418579611], [78.56827552399261, 25.39052347970529], [78.58333954297625, 25.346791255618008], [78.53225485582739, 25.357856872977262], [78.53213221236838, 25.301402928202318], [78.4992051743572, 25.31869033694774], [78.43430354192758, 25.28353987632315], [78.57142355612805, 25.260115893328898], [78.60408896673547, 25.09289098070204], [78.64886554622584, 25.056544112647067], [78.62888615430506, 24.96002662386871], [78.67522633404381, 24.897580525238787], [78.77135925637761, 24.856596235995045], [78.78737777631129, 24.810247746352914], [78.75613529515762, 24.60039878176323], [78.83552500813893, 24.603256620814452], [78.87986992207854, 24.642379806186806], [78.97317439746789, 24.49253885516099], [78.90933671809738, 24.473946089200812], [78.98874878557561, 24.4428790402691]], [[80.47771255699075, 25.066646298495016], [80.49010475353869, 25.067357835318013], [80.48538880186968, 25.07385593235748], [80.47771255699075, 25.066646298495016]], [[80.16212562089198, 26.533484672016687], [80.17592551711795, 26.527464405325148], [80.17592551881198, 26.527464406456893], [80.16212562089198, 26.533484672016687]], [[79.96634409301603, 26.15523845027278], [79.96634409913341, 26.155238443835003], [79.96534694537353, 26.157662307933556], [79.96634409301603, 26.15523845027278]], [[78.49459619513537, 27.74544643646115], [78.48740702360537, 27.74918040241841], [78.48740694466231, 27.749180442991772], [78.49459619513537, 27.74544643646115]], [[77.71388802947311, 28.553035156931728], [77.71278303397682, 28.55328789073495], [77.71648243489628, 28.552441730145205], [77.71388802947311, 28.553035156931728]], [[77.67517255633109, 28.104624586346553], [77.67387348047235, 28.108469949169255], [77.67560489005642, 28.10334478498588], [77.67517255633109, 28.104624586346553]], [[77.63912086107125, 28.478233029448695], [77.64416824546241, 28.48075324964849], [77.64416825457153, 28.480753258002895], [77.63912086107125, 28.478233029448695]]], [[[80.44079608588336, 24.995093834216334], [80.44947369906745, 25.00519790448056], [80.45731720185351, 25.004088601392063], [80.44079608588336, 24.995093834216334]]], [[[79.36357449237484, 25.141909660190695], [79.42607244539887, 25.05249193054118], [79.41313883431395, 25.03364011109119], [79.35948764137285, 25.039832339400995], [79.35393776326838, 25.06731445848487], [79.38219042259028, 25.06544604176759], [79.36357449237484, 25.141909660190695]]], [[[79.35657519408478, 25.174291122306688], [79.37320993489841, 25.179739933489984], [79.36914078633187, 25.170435095867703], [79.35657519408478, 25.174291122306688]]]]}}]}